device,arch,kind,method,regs,shared_bytes,stack_bytes,spills,occ_bs128,occ_bs256,occ_bs512,kernel
gh200,sm90,hydro,CalculateFluxes,180,1040,16,yes,0.125,0.125,0.0,CalculateFluxes
gh200,sm90,hydro,CalculateFluxes,180,1040,16,yes,0.125,0.125,0.0,CalculateFluxes
gh200,sm90,hydro,CalculateFluxes,180,1040,16,yes,0.125,0.125,0.0,CalculateFluxes
gh200,sm90,hydro,CalculateFluxes,168,1040,16,yes,0.188,0.125,0.0,CalculateFluxes
gh200,sm90,hydro,CalculateFluxes,168,1040,16,yes,0.188,0.125,0.0,CalculateFluxes
gh200,sm90,hydro,CalculateFluxes,166,1040,16,yes,0.188,0.125,0.0,CalculateFluxes
gh200,sm90,hydro,CalculateFluxes,164,1040,16,yes,0.188,0.125,0.0,CalculateFluxes
gh200,sm90,hydro,CalculateFluxes,164,1040,16,yes,0.188,0.125,0.0,CalculateFluxes
gh200,sm90,hydro,CalculateFluxes,162,1040,16,yes,0.188,0.125,0.0,CalculateFluxes
gh200,sm90,hydro,CalculateFluxes,154,1040,16,yes,0.188,0.125,0.0,CalculateFluxes
gh200,sm90,hydro,CalculateFluxes,148,1040,16,yes,0.188,0.125,0.0,CalculateFluxes
gh200,sm90,hydro,CalculateFluxes,144,1040,16,yes,0.188,0.125,0.0,CalculateFluxes
gh200,sm90,hydro,CalculateFluxes,143,1040,16,yes,0.188,0.125,0.0,CalculateFluxes
gh200,sm90,hydro,CalculateFluxes,142,1040,16,yes,0.188,0.125,0.0,CalculateFluxes
gh200,sm90,hydro,CalculateFluxes,137,1040,16,yes,0.188,0.125,0.0,CalculateFluxes
gh200,sm90,hydro,CalculateFluxes,136,1040,16,yes,0.188,0.125,0.0,CalculateFluxes
gh200,sm90,hydro,CalculateFluxes,132,1040,16,yes,0.188,0.125,0.0,CalculateFluxes
gh200,sm90,hydro,CalculateFluxes,130,1040,16,yes,0.188,0.125,0.0,CalculateFluxes
gh200,sm90,hydro,CalculateFluxes,130,1040,16,yes,0.188,0.125,0.0,CalculateFluxes
gh200,sm90,hydro,CalculateFluxes,130,1040,16,yes,0.188,0.125,0.0,CalculateFluxes
gh200,sm90,hydro,CalculateFluxes,128,1040,16,yes,0.25,0.25,0.25,CalculateFluxes
gh200,sm90,hydro,CalculateFluxes,126,1040,16,yes,0.25,0.25,0.25,CalculateFluxes
gh200,sm90,hydro,CalculateFluxes,124,1040,16,yes,0.25,0.25,0.25,CalculateFluxes
gh200,sm90,hydro,CalculateFluxes,124,1040,16,yes,0.25,0.25,0.25,CalculateFluxes
gh200,sm90,hydro,CalculateFluxes,124,1040,16,yes,0.25,0.25,0.25,CalculateFluxes
gh200,sm90,hydro,CalculateFluxes,122,1040,16,yes,0.25,0.25,0.25,CalculateFluxes
gh200,sm90,hydro,CalculateFluxes,120,1040,16,yes,0.25,0.25,0.25,CalculateFluxes
gh200,sm90,hydro,CalculateFluxes,116,1040,16,yes,0.25,0.25,0.25,CalculateFluxes
gh200,sm90,hydro,CalculateFluxes,115,1040,16,yes,0.25,0.25,0.25,CalculateFluxes
gh200,sm90,hydro,CalculateFluxes,115,1040,16,yes,0.25,0.25,0.25,CalculateFluxes
gh200,sm90,hydro,CalculateFluxes,110,1040,176,yes,0.25,0.25,0.25,CalculateFluxes
gh200,sm90,hydro,CalculateFluxes,110,1040,176,yes,0.25,0.25,0.25,CalculateFluxes
gh200,sm90,hydro,CalculateFluxes,109,1040,16,yes,0.25,0.25,0.25,CalculateFluxes
gh200,sm90,hydro,CalculateFluxes,109,1040,16,yes,0.25,0.25,0.25,CalculateFluxes
gh200,sm90,hydro,CalculateFluxes,108,1040,16,yes,0.25,0.25,0.25,CalculateFluxes
gh200,sm90,hydro,CalculateFluxes,108,1040,16,yes,0.25,0.25,0.25,CalculateFluxes
gh200,sm90,hydro,CalculateFluxes,106,1040,176,yes,0.25,0.25,0.25,CalculateFluxes
gh200,sm90,hydro,CalculateFluxes,106,1040,16,yes,0.25,0.25,0.25,CalculateFluxes
gh200,sm90,hydro,CalculateFluxes,104,1040,16,yes,0.25,0.25,0.25,CalculateFluxes
gh200,sm90,hydro,CalculateFluxes,104,1040,16,yes,0.25,0.25,0.25,CalculateFluxes
gh200,sm90,hydro,CalculateFluxes,103,1040,16,yes,0.25,0.25,0.25,CalculateFluxes
gh200,sm90,hydro,CalculateFluxes,103,1040,16,yes,0.25,0.25,0.25,CalculateFluxes
gh200,sm90,hydro,CalculateFluxes,98,1040,16,yes,0.25,0.25,0.25,CalculateFluxes
gh200,sm90,hydro,CalculateFluxes,96,1040,16,yes,0.312,0.25,0.25,CalculateFluxes
gh200,sm90,hydro,CalculateFluxes,96,1040,16,yes,0.312,0.25,0.25,CalculateFluxes
gh200,sm90,hydro,CalculateFluxes,96,1040,16,yes,0.312,0.25,0.25,CalculateFluxes
gh200,sm90,hydro,CalculateFluxes,96,1040,16,yes,0.312,0.25,0.25,CalculateFluxes
gh200,sm90,sweep,FormalSolutionDiagonal,94,1040,0,no,0.312,0.25,0.25,FormalSolutionDiagonal
gh200,sm90,hydro,CalculateFluxes,92,1040,16,yes,0.312,0.25,0.25,CalculateFluxes
gh200,sm90,hydro,CalculateFluxes,92,1040,16,yes,0.312,0.25,0.25,CalculateFluxes
gh200,sm90,hydro,CalculateFluxes,92,1040,16,yes,0.312,0.25,0.25,CalculateFluxes
gh200,sm90,hydro,CalculateFluxes,92,1040,16,yes,0.312,0.25,0.25,CalculateFluxes
gh200,sm90,hydro,CalculateFluxes,89,1040,16,yes,0.312,0.25,0.25,CalculateFluxes
gh200,sm90,hydro,CalculateFluxes,88,1040,16,yes,0.312,0.25,0.25,CalculateFluxes
gh200,sm90,hydro,CalculateFluxes,82,1040,16,yes,0.312,0.25,0.25,CalculateFluxes
gh200,sm90,sweep,SweepUpdateGS,66,1024,0,no,0.438,0.375,0.25,SweepUpdateGS
gh200,sm90,sweep,SweepUpdateGS,64,1024,0,no,0.5,0.5,0.5,SweepUpdateGS
gh200,sm90,sweep,FormalSolutionJacobi,62,1024,0,no,0.5,0.5,0.5,FormalSolutionJacobi
gh200,sm90,sweep,FormalSolutionWavefront,60,1024,0,no,0.5,0.5,0.5,FormalSolutionWavefront
gh200,sm90,sweep,FormalSolutionWavefront,58,1024,0,no,0.5,0.5,0.5,FormalSolutionWavefront
gh200,sm90,hydro,CalculateFluxes,56,0,0,no,0.562,0.5,0.5,CalculateFluxes
gh200,sm90,hydro,CalculateFluxes,56,0,0,no,0.562,0.5,0.5,CalculateFluxes
gh200,sm90,sweep,SweepUpdateGS,56,1024,0,no,0.562,0.5,0.5,SweepUpdateGS
gh200,sm90,hydro,CalculateFluxes,54,0,0,no,0.562,0.5,0.5,CalculateFluxes
gh200,sm90,sweep,FormalSolutionWavefront,54,1024,0,no,0.562,0.5,0.5,FormalSolutionWavefront
gh200,sm90,hydro,RKUpdate,52,1032,0,no,0.562,0.5,0.5,RKUpdate
gh200,sm90,hydro,RKUpdate,48,0,0,no,0.625,0.625,0.5,RKUpdate
gh200,sm90,sweep,SweepUpdateGS,47,1024,0,no,0.625,0.625,0.5,SweepUpdateGS
gh200,sm90,hydro,CalculateFluxes,44,0,0,no,0.625,0.625,0.5,CalculateFluxes
gh200,sm90,hydro,RKUpdate,43,1040,16,yes,0.625,0.625,0.5,RKUpdate
gh200,sm90,hydro,RKUpdate,43,1040,16,yes,0.625,0.625,0.5,RKUpdate
gh200,sm90,hydro,RKUpdate,39,0,0,no,0.75,0.75,0.75,RKUpdate
gh200,sm90,hydro,RKUpdate,38,0,0,no,0.75,0.75,0.75,RKUpdate
gh200,sm90,hydro,RKUpdate,24,0,0,no,1.0,1.0,1.0,RKUpdate
gh200,sm90,other,,255,1024,736,yes,0.125,0.125,0.0,void Kokkos::Impl::cuda_parallel_launch_constant_memory<Kokkos::Impl::ParallelRe...
gh200,sm90,other,,255,1024,768,yes,0.125,0.125,0.0,void Kokkos::Impl::cuda_parallel_launch_constant_memory<Kokkos::Impl::ParallelRe...
gh200,sm90,other,,255,1024,512,yes,0.125,0.125,0.0,void Kokkos::Impl::cuda_parallel_launch_constant_memory<Kokkos::Impl::ParallelRe...
gh200,sm90,other,,255,1040,768,yes,0.125,0.125,0.0,void Kokkos::Impl::cuda_parallel_launch_constant_memory<Kokkos::Impl::ParallelFo...
gh200,sm90,other,,255,1040,800,yes,0.125,0.125,0.0,void Kokkos::Impl::cuda_parallel_launch_constant_memory<Kokkos::Impl::ParallelFo...
gh200,sm90,other,,255,1040,640,yes,0.125,0.125,0.0,void Kokkos::Impl::cuda_parallel_launch_constant_memory<Kokkos::Impl::ParallelFo...
gh200,sm90,other,,255,1040,512,yes,0.125,0.125,0.0,void Kokkos::Impl::cuda_parallel_launch_constant_memory<Kokkos::Impl::ParallelFo...
gh200,sm90,other,,255,1040,560,yes,0.125,0.125,0.0,void Kokkos::Impl::cuda_parallel_launch_constant_memory<Kokkos::Impl::ParallelFo...
gh200,sm90,other,,255,1040,368,yes,0.125,0.125,0.0,void Kokkos::Impl::cuda_parallel_launch_constant_memory<Kokkos::Impl::ParallelFo...
gh200,sm90,other,,255,1040,736,yes,0.125,0.125,0.0,void Kokkos::Impl::cuda_parallel_launch_constant_memory<Kokkos::Impl::ParallelFo...
gh200,sm90,other,,255,1040,752,yes,0.125,0.125,0.0,void Kokkos::Impl::cuda_parallel_launch_constant_memory<Kokkos::Impl::ParallelFo...
gh200,sm90,other,,255,1040,608,yes,0.125,0.125,0.0,void Kokkos::Impl::cuda_parallel_launch_constant_memory<Kokkos::Impl::ParallelFo...
gh200,sm90,other,,255,1040,480,yes,0.125,0.125,0.0,void Kokkos::Impl::cuda_parallel_launch_constant_memory<Kokkos::Impl::ParallelFo...
gh200,sm90,other,,255,1040,496,yes,0.125,0.125,0.0,void Kokkos::Impl::cuda_parallel_launch_constant_memory<Kokkos::Impl::ParallelFo...
gh200,sm90,other,,255,1040,336,yes,0.125,0.125,0.0,void Kokkos::Impl::cuda_parallel_launch_constant_memory<Kokkos::Impl::ParallelFo...
gh200,sm90,other,,255,1040,944,yes,0.125,0.125,0.0,void Kokkos::Impl::cuda_parallel_launch_constant_memory<Kokkos::Impl::ParallelFo...
gh200,sm90,other,,255,1040,880,yes,0.125,0.125,0.0,void Kokkos::Impl::cuda_parallel_launch_constant_memory<Kokkos::Impl::ParallelFo...
gh200,sm90,other,,255,1040,768,yes,0.125,0.125,0.0,void Kokkos::Impl::cuda_parallel_launch_constant_memory<Kokkos::Impl::ParallelFo...
gh200,sm90,other,,255,1040,656,yes,0.125,0.125,0.0,void Kokkos::Impl::cuda_parallel_launch_constant_memory<Kokkos::Impl::ParallelFo...
gh200,sm90,other,,255,1040,592,yes,0.125,0.125,0.0,void Kokkos::Impl::cuda_parallel_launch_constant_memory<Kokkos::Impl::ParallelFo...
gh200,sm90,other,,255,1040,496,yes,0.125,0.125,0.0,void Kokkos::Impl::cuda_parallel_launch_constant_memory<Kokkos::Impl::ParallelFo...
gh200,sm90,other,,255,1040,848,yes,0.125,0.125,0.0,void Kokkos::Impl::cuda_parallel_launch_constant_memory<Kokkos::Impl::ParallelFo...
gh200,sm90,other,,255,1040,784,yes,0.125,0.125,0.0,void Kokkos::Impl::cuda_parallel_launch_constant_memory<Kokkos::Impl::ParallelFo...
gh200,sm90,other,,255,1040,720,yes,0.125,0.125,0.0,void Kokkos::Impl::cuda_parallel_launch_constant_memory<Kokkos::Impl::ParallelFo...
gh200,sm90,other,,255,1040,576,yes,0.125,0.125,0.0,void Kokkos::Impl::cuda_parallel_launch_constant_memory<Kokkos::Impl::ParallelFo...
gh200,sm90,other,,255,1040,496,yes,0.125,0.125,0.0,void Kokkos::Impl::cuda_parallel_launch_constant_memory<Kokkos::Impl::ParallelFo...
gh200,sm90,other,,255,1040,448,yes,0.125,0.125,0.0,void Kokkos::Impl::cuda_parallel_launch_constant_memory<Kokkos::Impl::ParallelFo...
gh200,sm90,other,,255,1040,736,yes,0.125,0.125,0.0,void Kokkos::Impl::cuda_parallel_launch_constant_memory<Kokkos::Impl::ParallelFo...
gh200,sm90,other,,255,1040,752,yes,0.125,0.125,0.0,void Kokkos::Impl::cuda_parallel_launch_constant_memory<Kokkos::Impl::ParallelFo...
gh200,sm90,other,,255,1040,608,yes,0.125,0.125,0.0,void Kokkos::Impl::cuda_parallel_launch_constant_memory<Kokkos::Impl::ParallelFo...
gh200,sm90,other,,255,1040,464,yes,0.125,0.125,0.0,void Kokkos::Impl::cuda_parallel_launch_constant_memory<Kokkos::Impl::ParallelFo...
gh200,sm90,other,,255,1040,496,yes,0.125,0.125,0.0,void Kokkos::Impl::cuda_parallel_launch_constant_memory<Kokkos::Impl::ParallelFo...
gh200,sm90,other,,255,1040,704,yes,0.125,0.125,0.0,void Kokkos::Impl::cuda_parallel_launch_constant_memory<Kokkos::Impl::ParallelFo...
gh200,sm90,other,,255,1040,720,yes,0.125,0.125,0.0,void Kokkos::Impl::cuda_parallel_launch_constant_memory<Kokkos::Impl::ParallelFo...
gh200,sm90,other,,255,1040,448,yes,0.125,0.125,0.0,void Kokkos::Impl::cuda_parallel_launch_constant_memory<Kokkos::Impl::ParallelFo...
gh200,sm90,other,,255,1040,480,yes,0.125,0.125,0.0,void Kokkos::Impl::cuda_parallel_launch_constant_memory<Kokkos::Impl::ParallelFo...
gh200,sm90,other,,255,1024,640,yes,0.125,0.125,0.0,void Kokkos::Impl::cuda_parallel_launch_constant_memory<Kokkos::Impl::ParallelFo...
gh200,sm90,other,,255,1024,624,yes,0.125,0.125,0.0,void Kokkos::Impl::cuda_parallel_launch_constant_memory<Kokkos::Impl::ParallelFo...
gh200,sm90,other,,255,1024,736,yes,0.125,0.125,0.0,void Kokkos::Impl::cuda_parallel_launch_constant_memory<Kokkos::Impl::ParallelRe...
gh200,sm90,other,,255,1024,1152,yes,0.125,0.125,0.0,void Kokkos::Impl::cuda_parallel_launch_constant_memory<Kokkos::Impl::ParallelFo...
gh200,sm90,other,,255,1024,1152,yes,0.125,0.125,0.0,void Kokkos::Impl::cuda_parallel_launch_constant_memory<Kokkos::Impl::ParallelFo...
gh200,sm90,other,,255,1024,592,yes,0.125,0.125,0.0,void Kokkos::Impl::cuda_parallel_launch_constant_memory<Kokkos::Impl::ParallelFo...
gh200,sm90,other,,255,1024,592,yes,0.125,0.125,0.0,void Kokkos::Impl::cuda_parallel_launch_constant_memory<Kokkos::Impl::ParallelFo...
gh200,sm90,other,,255,1024,768,yes,0.125,0.125,0.0,void Kokkos::Impl::cuda_parallel_launch_constant_memory<Kokkos::Impl::ParallelRe...
gh200,sm90,other,,255,1024,512,yes,0.125,0.125,0.0,void Kokkos::Impl::cuda_parallel_launch_constant_memory<Kokkos::Impl::ParallelRe...
gh200,sm90,other,,255,0,336,yes,0.125,0.125,0.0,void Kokkos::Impl::cuda_parallel_launch_constant_memory<Kokkos::Impl::ParallelFo...
gh200,sm90,other,,255,0,672,yes,0.125,0.125,0.0,void Kokkos::Impl::cuda_parallel_launch_constant_memory<Kokkos::Impl::ParallelFo...
gh200,sm90,other,,255,0,664,yes,0.125,0.125,0.0,void Kokkos::Impl::cuda_parallel_launch_constant_memory<Kokkos::Impl::ParallelFo...
gh200,sm90,other,,255,0,1752,yes,0.125,0.125,0.0,void Kokkos::Impl::cuda_parallel_launch_constant_memory<Kokkos::Impl::ParallelFo...
gh200,sm90,other,,255,0,3344,yes,0.125,0.125,0.0,void Kokkos::Impl::cuda_parallel_launch_constant_memory<Kokkos::Impl::ParallelFo...
gh200,sm90,other,,255,0,2192,yes,0.125,0.125,0.0,void Kokkos::Impl::cuda_parallel_launch_constant_memory<Kokkos::Impl::ParallelFo...
gh200,sm90,other,,255,0,1616,yes,0.125,0.125,0.0,void Kokkos::Impl::cuda_parallel_launch_constant_memory<Kokkos::Impl::ParallelFo...
gh200,sm90,other,,254,1024,1136,yes,0.125,0.125,0.0,void Kokkos::Impl::cuda_parallel_launch_constant_memory<Kokkos::Impl::ParallelFo...
gh200,sm90,other,,253,1024,1136,yes,0.125,0.125,0.0,void Kokkos::Impl::cuda_parallel_launch_constant_memory<Kokkos::Impl::ParallelFo...
gh200,sm90,other,,250,1040,320,yes,0.125,0.125,0.0,void Kokkos::Impl::cuda_parallel_launch_constant_memory<Kokkos::Impl::ParallelFo...
gh200,sm90,other,,246,0,1600,yes,0.125,0.125,0.0,void Kokkos::Impl::cuda_parallel_launch_constant_memory<Kokkos::Impl::ParallelFo...
gh200,sm90,other,,246,0,1312,yes,0.125,0.125,0.0,void Kokkos::Impl::cuda_parallel_launch_constant_memory<Kokkos::Impl::ParallelFo...
gh200,sm90,other,,244,1040,320,yes,0.125,0.125,0.0,void Kokkos::Impl::cuda_parallel_launch_constant_memory<Kokkos::Impl::ParallelFo...
gh200,sm90,other,,242,0,2048,yes,0.125,0.125,0.0,void Kokkos::Impl::cuda_parallel_launch_constant_memory<Kokkos::Impl::ParallelFo...
gh200,sm90,other,,240,1040,592,yes,0.125,0.125,0.0,void Kokkos::Impl::cuda_parallel_launch_constant_memory<Kokkos::Impl::ParallelFo...
gh200,sm90,other,,233,1024,512,yes,0.125,0.125,0.0,void Kokkos::Impl::cuda_parallel_launch_constant_memory<Kokkos::Impl::ParallelRe...
gh200,sm90,other,,233,1024,512,yes,0.125,0.125,0.0,void Kokkos::Impl::cuda_parallel_launch_constant_memory<Kokkos::Impl::ParallelRe...
gh200,sm90,other,,230,1024,448,yes,0.125,0.125,0.0,void Kokkos::Impl::cuda_parallel_launch_constant_memory<Kokkos::Impl::ParallelFo...
gh200,sm90,other,,226,1024,720,yes,0.125,0.125,0.0,void Kokkos::Impl::cuda_parallel_launch_constant_memory<Kokkos::Impl::ParallelFo...
gh200,sm90,other,,226,1024,720,yes,0.125,0.125,0.0,void Kokkos::Impl::cuda_parallel_launch_constant_memory<Kokkos::Impl::ParallelFo...
gh200,sm90,other,,224,1024,720,yes,0.125,0.125,0.0,void Kokkos::Impl::cuda_parallel_launch_constant_memory<Kokkos::Impl::ParallelFo...
gh200,sm90,other,,224,1024,448,yes,0.125,0.125,0.0,void Kokkos::Impl::cuda_parallel_launch_constant_memory<Kokkos::Impl::ParallelFo...
gh200,sm90,other,,222,1024,448,yes,0.125,0.125,0.0,void Kokkos::Impl::cuda_parallel_launch_constant_memory<Kokkos::Impl::ParallelFo...
gh200,sm90,other,,222,1024,720,yes,0.125,0.125,0.0,void Kokkos::Impl::cuda_parallel_launch_constant_memory<Kokkos::Impl::ParallelFo...
gh200,sm90,other,,222,1024,720,yes,0.125,0.125,0.0,void Kokkos::Impl::cuda_parallel_launch_constant_memory<Kokkos::Impl::ParallelFo...
gh200,sm90,other,,220,1024,720,yes,0.125,0.125,0.0,void Kokkos::Impl::cuda_parallel_launch_constant_memory<Kokkos::Impl::ParallelFo...
gh200,sm90,other,,220,1024,448,yes,0.125,0.125,0.0,void Kokkos::Impl::cuda_parallel_launch_constant_memory<Kokkos::Impl::ParallelFo...
gh200,sm90,other,,218,1024,448,yes,0.125,0.125,0.0,void Kokkos::Impl::cuda_parallel_launch_constant_memory<Kokkos::Impl::ParallelFo...
gh200,sm90,other,,218,1024,720,yes,0.125,0.125,0.0,void Kokkos::Impl::cuda_parallel_launch_constant_memory<Kokkos::Impl::ParallelFo...
gh200,sm90,other,,218,1024,448,yes,0.125,0.125,0.0,void Kokkos::Impl::cuda_parallel_launch_constant_memory<Kokkos::Impl::ParallelFo...
gh200,sm90,other,,218,1024,720,yes,0.125,0.125,0.0,void Kokkos::Impl::cuda_parallel_launch_constant_memory<Kokkos::Impl::ParallelFo...
gh200,sm90,other,,216,1024,448,yes,0.125,0.125,0.0,void Kokkos::Impl::cuda_parallel_launch_constant_memory<Kokkos::Impl::ParallelFo...
gh200,sm90,other,,216,1024,448,yes,0.125,0.125,0.0,void Kokkos::Impl::cuda_parallel_launch_constant_memory<Kokkos::Impl::ParallelFo...
gh200,sm90,other,,214,1024,512,yes,0.125,0.125,0.0,void Kokkos::Impl::cuda_parallel_launch_constant_memory<Kokkos::Impl::ParallelRe...
gh200,sm90,other,,214,1024,512,yes,0.125,0.125,0.0,void Kokkos::Impl::cuda_parallel_launch_constant_memory<Kokkos::Impl::ParallelRe...
gh200,sm90,other,,206,1024,592,yes,0.125,0.125,0.0,void Kokkos::Impl::cuda_parallel_launch_constant_memory<Kokkos::Impl::ParallelFo...
gh200,sm90,other,,200,1024,592,yes,0.125,0.125,0.0,void Kokkos::Impl::cuda_parallel_launch_constant_memory<Kokkos::Impl::ParallelFo...
gh200,sm90,other,,196,0,0,no,0.125,0.125,0.0,void Kokkos::Impl::cuda_parallel_launch_constant_memory<Kokkos::Impl::ParallelFo...
gh200,sm90,other,,196,0,0,no,0.125,0.125,0.0,void Kokkos::Impl::cuda_parallel_launch_constant_memory<Kokkos::Impl::ParallelFo...
gh200,sm90,other,,190,0,0,no,0.125,0.125,0.0,void Kokkos::Impl::cuda_parallel_launch_constant_memory<Kokkos::Impl::ParallelFo...
gh200,sm90,other,,186,0,0,no,0.125,0.125,0.0,void Kokkos::Impl::cuda_parallel_launch_constant_memory<Kokkos::Impl::ParallelFo...
gh200,sm90,other,,182,1024,512,yes,0.125,0.125,0.0,void Kokkos::Impl::cuda_parallel_launch_constant_memory<Kokkos::Impl::ParallelFo...
gh200,sm90,other,,178,0,944,yes,0.125,0.125,0.0,void Kokkos::Impl::cuda_parallel_launch_constant_memory<Kokkos::Impl::ParallelFo...
gh200,sm90,other,,174,0,0,no,0.125,0.125,0.0,void Kokkos::Impl::cuda_parallel_launch_constant_memory<Kokkos::Impl::ParallelFo...
gh200,sm90,other,,174,0,0,no,0.125,0.125,0.0,void Kokkos::Impl::cuda_parallel_launch_constant_memory<Kokkos::Impl::ParallelFo...
gh200,sm90,other,,171,1024,528,yes,0.125,0.125,0.0,void Kokkos::Impl::cuda_parallel_launch_constant_memory<Kokkos::Impl::ParallelRe...
gh200,sm90,other,,171,1024,528,yes,0.125,0.125,0.0,void Kokkos::Impl::cuda_parallel_launch_constant_memory<Kokkos::Impl::ParallelRe...
gh200,sm90,other,,168,1024,512,yes,0.188,0.125,0.0,void Kokkos::Impl::cuda_parallel_launch_constant_memory<Kokkos::Impl::ParallelFo...
gh200,sm90,other,,168,1032,0,no,0.188,0.125,0.0,void Kokkos::Impl::cuda_parallel_launch_constant_memory<Kokkos::Impl::ParallelFo...
gh200,sm90,other,,168,1024,40,yes,0.188,0.125,0.0,void Kokkos::Impl::cuda_parallel_launch_constant_memory<Kokkos::Impl::ParallelFo...
gh200,sm90,other,,166,1024,592,yes,0.188,0.125,0.0,void Kokkos::Impl::cuda_parallel_launch_constant_memory<Kokkos::Impl::ParallelFo...
gh200,sm90,other,,166,1024,512,yes,0.188,0.125,0.0,void Kokkos::Impl::cuda_parallel_launch_constant_memory<Kokkos::Impl::ParallelFo...
gh200,sm90,other,,166,1024,328,yes,0.188,0.125,0.0,void Kokkos::Impl::cuda_parallel_launch_constant_memory<Kokkos::Impl::ParallelRe...
gh200,sm90,other,,164,1024,512,yes,0.188,0.125,0.0,void Kokkos::Impl::cuda_parallel_launch_constant_memory<Kokkos::Impl::ParallelFo...
gh200,sm90,other,,162,1024,544,yes,0.188,0.125,0.0,void Kokkos::Impl::cuda_parallel_launch_constant_memory<Kokkos::Impl::ParallelFo...
gh200,sm90,other,,160,1024,592,yes,0.188,0.125,0.0,void Kokkos::Impl::cuda_parallel_launch_constant_memory<Kokkos::Impl::ParallelFo...
gh200,sm90,other,,156,1024,0,no,0.188,0.125,0.0,void Kokkos::Impl::cuda_parallel_launch_constant_memory<Kokkos::Impl::ParallelRe...
gh200,sm90,other,,154,0,0,no,0.188,0.125,0.0,void Kokkos::Impl::cuda_parallel_launch_constant_memory<Kokkos::Impl::ParallelFo...
gh200,sm90,other,,146,1024,592,yes,0.188,0.125,0.0,void Kokkos::Impl::cuda_parallel_launch_constant_memory<Kokkos::Impl::ParallelFo...
gh200,sm90,other,,142,0,0,no,0.188,0.125,0.0,void Kokkos::Impl::cuda_parallel_launch_constant_memory<Kokkos::Impl::ParallelFo...
gh200,sm90,other,,138,1024,512,yes,0.188,0.125,0.0,void Kokkos::Impl::cuda_parallel_launch_constant_memory<Kokkos::Impl::ParallelFo...
gh200,sm90,other,,136,1024,592,yes,0.188,0.125,0.0,void Kokkos::Impl::cuda_parallel_launch_constant_memory<Kokkos::Impl::ParallelFo...
gh200,sm90,other,,136,1024,0,no,0.188,0.125,0.0,void Kokkos::Impl::cuda_parallel_launch_constant_memory<Kokkos::Impl::ParallelRe...
gh200,sm90,other,,134,1024,272,yes,0.188,0.125,0.0,void Kokkos::Impl::cuda_parallel_launch_constant_memory<Kokkos::Impl::ParallelFo...
gh200,sm90,other,,130,1024,200,yes,0.188,0.125,0.0,void Kokkos::Impl::cuda_parallel_launch_local_memory<Kokkos::Impl::ParallelReduc...
gh200,sm90,other,,128,1024,512,yes,0.25,0.25,0.25,void Kokkos::Impl::cuda_parallel_launch_constant_memory<Kokkos::Impl::ParallelFo...
gh200,sm90,other,,128,1024,272,yes,0.25,0.25,0.25,void Kokkos::Impl::cuda_parallel_launch_constant_memory<Kokkos::Impl::ParallelFo...
gh200,sm90,other,,126,1024,0,no,0.25,0.25,0.25,void Kokkos::Impl::cuda_parallel_launch_constant_memory<Kokkos::Impl::ParallelRe...
gh200,sm90,other,,124,1024,512,yes,0.25,0.25,0.25,void Kokkos::Impl::cuda_parallel_launch_constant_memory<Kokkos::Impl::ParallelFo...
gh200,sm90,other,,124,1024,512,yes,0.25,0.25,0.25,void Kokkos::Impl::cuda_parallel_launch_constant_memory<Kokkos::Impl::ParallelFo...
gh200,sm90,other,,122,1032,0,no,0.25,0.25,0.25,void Kokkos::Impl::cuda_parallel_launch_global_memory<Kokkos::Impl::ParallelFor<...
gh200,sm90,other,,122,0,0,no,0.25,0.25,0.25,void Kokkos::Impl::cuda_parallel_launch_constant_memory<Kokkos::Impl::ParallelFo...
gh200,sm90,other,,119,0,40,yes,0.25,0.25,0.25,void Kokkos::Impl::cuda_parallel_launch_constant_memory<Kokkos::Impl::ParallelFo...
gh200,sm90,other,,116,0,0,no,0.25,0.25,0.25,void Kokkos::Impl::cuda_parallel_launch_local_memory<Kokkos::Impl::ParallelFor<p...
gh200,sm90,other,,116,1024,512,yes,0.25,0.25,0.25,void Kokkos::Impl::cuda_parallel_launch_constant_memory<Kokkos::Impl::ParallelFo...
gh200,sm90,other,,114,0,0,no,0.25,0.25,0.25,void Kokkos::Impl::cuda_parallel_launch_local_memory<Kokkos::Impl::ParallelFor<p...
gh200,sm90,other,,114,1024,512,yes,0.25,0.25,0.25,void Kokkos::Impl::cuda_parallel_launch_constant_memory<Kokkos::Impl::ParallelFo...
gh200,sm90,other,,112,1024,512,yes,0.25,0.25,0.25,void Kokkos::Impl::cuda_parallel_launch_constant_memory<Kokkos::Impl::ParallelFo...
gh200,sm90,other,,110,1032,0,no,0.25,0.25,0.25,void Kokkos::Impl::cuda_parallel_launch_global_memory<Kokkos::Impl::ParallelFor<...
gh200,sm90,other,,110,1024,512,yes,0.25,0.25,0.25,void Kokkos::Impl::cuda_parallel_launch_constant_memory<Kokkos::Impl::ParallelFo...
gh200,sm90,other,,110,1024,192,yes,0.25,0.25,0.25,void Kokkos::Impl::cuda_parallel_launch_constant_memory<Kokkos::Impl::ParallelFo...
gh200,sm90,other,,104,1024,192,yes,0.25,0.25,0.25,void Kokkos::Impl::cuda_parallel_launch_constant_memory<Kokkos::Impl::ParallelFo...
gh200,sm90,other,,104,1024,160,yes,0.25,0.25,0.25,void Kokkos::Impl::cuda_parallel_launch_constant_memory<Kokkos::Impl::ParallelRe...
gh200,sm90,other,,104,1024,160,yes,0.25,0.25,0.25,void Kokkos::Impl::cuda_parallel_launch_constant_memory<Kokkos::Impl::ParallelRe...
gh200,sm90,other,,103,1024,192,yes,0.25,0.25,0.25,void Kokkos::Impl::cuda_parallel_launch_constant_memory<Kokkos::Impl::ParallelFo...
gh200,sm90,other,,102,1024,160,yes,0.25,0.25,0.25,void Kokkos::Impl::cuda_parallel_launch_local_memory<Kokkos::Impl::ParallelReduc...
gh200,sm90,other,,102,1024,160,yes,0.25,0.25,0.25,void Kokkos::Impl::cuda_parallel_launch_local_memory<Kokkos::Impl::ParallelReduc...
gh200,sm90,other,,100,1024,0,no,0.25,0.25,0.25,void Kokkos::Impl::cuda_parallel_launch_constant_memory<Kokkos::Impl::ParallelRe...
gh200,sm90,other,,100,0,0,no,0.25,0.25,0.25,void Kokkos::Impl::cuda_parallel_launch_local_memory<Kokkos::Impl::ParallelFor<p...
gh200,sm90,other,,96,0,0,no,0.312,0.25,0.25,void Kokkos::Impl::cuda_parallel_launch_local_memory<Kokkos::Impl::ParallelFor<p...
gh200,sm90,other,,96,1024,688,yes,0.312,0.25,0.25,void Kokkos::Impl::cuda_parallel_launch_constant_memory<Kokkos::Impl::ParallelFo...
gh200,sm90,other,,94,1024,192,yes,0.312,0.25,0.25,void Kokkos::Impl::cuda_parallel_launch_constant_memory<Kokkos::Impl::ParallelFo...
gh200,sm90,other,,94,0,192,yes,0.312,0.25,0.25,void Kokkos::Impl::cuda_parallel_launch_constant_memory<Kokkos::Impl::ParallelFo...
gh200,sm90,other,,92,0,0,no,0.312,0.25,0.25,void Kokkos::Impl::cuda_parallel_launch_constant_memory<Kokkos::Impl::ParallelFo...
gh200,sm90,other,,92,0,256,yes,0.312,0.25,0.25,void Kokkos::Impl::cuda_parallel_launch_local_memory<Kokkos::Impl::ParallelFor<p...
gh200,sm90,other,,92,1024,0,no,0.312,0.25,0.25,void Kokkos::Impl::cuda_parallel_launch_local_memory<Kokkos::Impl::ParallelFor<p...
gh200,sm90,other,,90,0,0,no,0.312,0.25,0.25,void Kokkos::Impl::cuda_parallel_launch_constant_memory<Kokkos::Impl::ParallelFo...
gh200,sm90,other,,90,0,0,no,0.312,0.25,0.25,void Kokkos::Impl::cuda_parallel_launch_constant_memory<Kokkos::Impl::ParallelFo...
gh200,sm90,other,,88,0,0,no,0.312,0.25,0.25,void Kokkos::Impl::cuda_parallel_launch_local_memory<Kokkos::Impl::ParallelFor<p...
gh200,sm90,other,,88,0,144,yes,0.312,0.25,0.25,void Kokkos::Impl::cuda_parallel_launch_local_memory<Kokkos::Impl::ParallelFor<p...
gh200,sm90,other,,88,1024,72,yes,0.312,0.25,0.25,void Kokkos::Impl::cuda_parallel_launch_constant_memory<Kokkos::Impl::ParallelRe...
gh200,sm90,other,,88,1024,0,no,0.312,0.25,0.25,void Kokkos::Impl::cuda_parallel_launch_constant_memory<Kokkos::Impl::ParallelFo...
gh200,sm90,other,,86,0,0,no,0.312,0.25,0.25,void Kokkos::Impl::cuda_parallel_launch_constant_memory<Kokkos::Impl::ParallelFo...
gh200,sm90,other,,84,1032,0,no,0.312,0.25,0.25,void Kokkos::Impl::cuda_parallel_launch_global_memory<Kokkos::Impl::ParallelFor<...
gh200,sm90,other,,84,1024,0,no,0.312,0.25,0.25,void Kokkos::Impl::cuda_parallel_launch_constant_memory<Kokkos::Impl::ParallelRe...
gh200,sm90,other,,84,0,0,no,0.312,0.25,0.25,void Kokkos::Impl::cuda_parallel_launch_local_memory<Kokkos::Impl::ParallelFor<p...
gh200,sm90,other,,80,1032,0,no,0.375,0.375,0.25,void Kokkos::Impl::cuda_parallel_launch_global_memory<Kokkos::Impl::ParallelFor<...
gh200,sm90,other,,80,0,0,no,0.375,0.375,0.25,void Kokkos::Impl::cuda_parallel_launch_local_memory<Kokkos::Impl::ParallelFor<p...
gh200,sm90,other,,80,1024,0,no,0.375,0.375,0.25,void Kokkos::Impl::cuda_parallel_launch_local_memory<Kokkos::Impl::ParallelFor<p...
gh200,sm90,other,,80,1024,160,yes,0.375,0.375,0.25,void Kokkos::Impl::cuda_parallel_launch_constant_memory<Kokkos::Impl::ParallelRe...
gh200,sm90,other,,80,1024,160,yes,0.375,0.375,0.25,void Kokkos::Impl::cuda_parallel_launch_constant_memory<Kokkos::Impl::ParallelRe...
gh200,sm90,other,,80,1024,72,yes,0.375,0.375,0.25,void Kokkos::Impl::cuda_parallel_launch_constant_memory<Kokkos::Impl::ParallelRe...
gh200,sm90,other,,80,0,256,yes,0.375,0.375,0.25,void Kokkos::Impl::cuda_parallel_launch_local_memory<Kokkos::Impl::ParallelFor<p...
gh200,sm90,other,,78,0,0,no,0.375,0.375,0.25,void Kokkos::Impl::cuda_parallel_launch_local_memory<Kokkos::Impl::ParallelFor<p...
gh200,sm90,other,,76,0,0,no,0.375,0.375,0.25,void Kokkos::Impl::cuda_parallel_launch_local_memory<Kokkos::Impl::ParallelFor<p...
gh200,sm90,other,,74,1032,0,no,0.375,0.375,0.25,void Kokkos::Impl::cuda_parallel_launch_global_memory<Kokkos::Impl::ParallelFor<...
gh200,sm90,other,,74,1024,0,no,0.375,0.375,0.25,void Kokkos::Impl::cuda_parallel_launch_local_memory<Kokkos::Impl::ParallelReduc...
gh200,sm90,other,,74,0,0,no,0.375,0.375,0.25,void Kokkos::Impl::cuda_parallel_launch_local_memory<Kokkos::Impl::ParallelFor<p...
gh200,sm90,other,,74,0,0,no,0.375,0.375,0.25,void Kokkos::Impl::cuda_parallel_launch_local_memory<Kokkos::Impl::ParallelFor<p...
gh200,sm90,other,,72,1032,0,no,0.438,0.375,0.25,void Kokkos::Impl::cuda_parallel_launch_global_memory<Kokkos::Impl::ParallelFor<...
gh200,sm90,other,,72,0,0,no,0.438,0.375,0.25,void Kokkos::Impl::cuda_parallel_launch_local_memory<Kokkos::Impl::ParallelFor<K...
gh200,sm90,other,,72,0,0,no,0.438,0.375,0.25,void Kokkos::Impl::cuda_parallel_launch_local_memory<Kokkos::Impl::ParallelFor<K...
gh200,sm90,other,,72,1024,160,yes,0.438,0.375,0.25,void Kokkos::Impl::cuda_parallel_launch_local_memory<Kokkos::Impl::ParallelReduc...
gh200,sm90,other,,72,1024,40,yes,0.438,0.375,0.25,void Kokkos::Impl::cuda_parallel_launch_constant_memory<Kokkos::Impl::ParallelFo...
gh200,sm90,other,,72,0,40,yes,0.438,0.375,0.25,void Kokkos::Impl::cuda_parallel_launch_constant_memory<Kokkos::Impl::ParallelFo...
gh200,sm90,other,,72,1024,160,yes,0.438,0.375,0.25,void Kokkos::Impl::cuda_parallel_launch_local_memory<Kokkos::Impl::ParallelReduc...
gh200,sm90,other,,72,0,0,no,0.438,0.375,0.25,void Kokkos::Impl::cuda_parallel_launch_local_memory<Kokkos::Impl::ParallelFor<K...
gh200,sm90,other,,72,0,0,no,0.438,0.375,0.25,void Kokkos::Impl::cuda_parallel_launch_local_memory<Kokkos::Impl::ParallelFor<K...
gh200,sm90,other,,72,1040,16,yes,0.438,0.375,0.25,void Kokkos::Impl::cuda_parallel_launch_constant_memory<Kokkos::Impl::ParallelFo...
gh200,sm90,other,,72,1040,16,yes,0.438,0.375,0.25,void Kokkos::Impl::cuda_parallel_launch_constant_memory<Kokkos::Impl::ParallelFo...
gh200,sm90,other,,72,1040,16,yes,0.438,0.375,0.25,void Kokkos::Impl::cuda_parallel_launch_constant_memory<Kokkos::Impl::ParallelFo...
gh200,sm90,other,,72,1024,0,no,0.438,0.375,0.25,void Kokkos::Impl::cuda_parallel_launch_local_memory<Kokkos::Impl::ParallelFor<p...
gh200,sm90,other,,71,0,0,no,0.438,0.375,0.25,void Kokkos::Impl::cuda_parallel_launch_constant_memory<Kokkos::Impl::ParallelFo...
gh200,sm90,other,,70,1024,40,yes,0.438,0.375,0.25,void Kokkos::Impl::cuda_parallel_launch_constant_memory<Kokkos::Impl::ParallelFo...
gh200,sm90,other,,70,0,40,yes,0.438,0.375,0.25,void Kokkos::Impl::cuda_parallel_launch_constant_memory<Kokkos::Impl::ParallelFo...
gh200,sm90,other,,70,1040,16,yes,0.438,0.375,0.25,void Kokkos::Impl::cuda_parallel_launch_constant_memory<Kokkos::Impl::ParallelFo...
gh200,sm90,other,,68,1024,0,no,0.438,0.375,0.25,void Kokkos::Impl::cuda_parallel_launch_constant_memory<Kokkos::Impl::ParallelFo...
gh200,sm90,other,,68,1024,0,no,0.438,0.375,0.25,void Kokkos::Impl::cuda_parallel_launch_local_memory<Kokkos::Impl::ParallelFor<p...
gh200,sm90,other,,68,0,0,no,0.438,0.375,0.25,void Kokkos::Impl::cuda_parallel_launch_local_memory<Kokkos::Impl::ParallelFor<p...
gh200,sm90,other,,66,1040,16,yes,0.438,0.375,0.25,void Kokkos::Impl::cuda_parallel_launch_local_memory<Kokkos::Impl::ParallelFor<p...
gh200,sm90,other,,66,0,0,no,0.438,0.375,0.25,void Kokkos::Impl::cuda_parallel_launch_local_memory<Kokkos::Impl::ParallelFor<p...
gh200,sm90,other,,66,1024,80,yes,0.438,0.375,0.25,void Kokkos::Impl::cuda_parallel_launch_constant_memory<Kokkos::Impl::ParallelRe...
gh200,sm90,other,,64,1032,0,no,0.5,0.5,0.5,void Kokkos::Impl::cuda_parallel_launch_global_memory<Kokkos::Impl::ParallelFor<...
gh200,sm90,other,,64,1024,0,no,0.5,0.5,0.5,void Kokkos::Impl::cuda_parallel_launch_local_memory<Kokkos::Impl::ParallelReduc...
gh200,sm90,other,,64,1024,0,no,0.5,0.5,0.5,void Kokkos::Impl::cuda_parallel_launch_local_memory<Kokkos::Impl::ParallelReduc...
gh200,sm90,other,,64,1024,80,yes,0.5,0.5,0.5,void Kokkos::Impl::cuda_parallel_launch_constant_memory<Kokkos::Impl::ParallelRe...
gh200,sm90,other,,64,1024,0,no,0.5,0.5,0.5,void Kokkos::Impl::cuda_parallel_launch_constant_memory<Kokkos::Impl::ParallelRe...
gh200,sm90,other,,64,0,40,yes,0.5,0.5,0.5,void Kokkos::Impl::cuda_parallel_launch_constant_memory<Kokkos::Impl::ParallelFo...
gh200,sm90,other,,64,1024,0,no,0.5,0.5,0.5,void Kokkos::Impl::cuda_parallel_launch_local_memory<Kokkos::Impl::ParallelFor<p...
gh200,sm90,other,,64,1024,40,yes,0.5,0.5,0.5,void Kokkos::Impl::cuda_parallel_launch_constant_memory<Kokkos::Impl::ParallelFo...
gh200,sm90,other,,64,1024,0,no,0.5,0.5,0.5,void Kokkos::Impl::cuda_parallel_launch_constant_memory<Kokkos::Impl::ParallelFo...
gh200,sm90,other,,64,0,0,no,0.5,0.5,0.5,void Kokkos::Impl::cuda_parallel_launch_constant_memory<Kokkos::Impl::ParallelFo...
gh200,sm90,other,,64,0,0,no,0.5,0.5,0.5,void Kokkos::Impl::cuda_parallel_launch_constant_memory<Kokkos::Impl::ParallelFo...
gh200,sm90,other,,64,0,0,no,0.5,0.5,0.5,void Kokkos::Impl::cuda_parallel_launch_constant_memory<Kokkos::Impl::ParallelFo...
gh200,sm90,other,,64,0,0,no,0.5,0.5,0.5,void Kokkos::Impl::cuda_parallel_launch_constant_memory<Kokkos::Impl::ParallelFo...
gh200,sm90,other,,62,1024,96,yes,0.5,0.5,0.5,void Kokkos::Impl::cuda_parallel_launch_constant_memory<Kokkos::Impl::ParallelFo...
gh200,sm90,other,,62,1024,96,yes,0.5,0.5,0.5,void Kokkos::Impl::cuda_parallel_launch_constant_memory<Kokkos::Impl::ParallelFo...
gh200,sm90,other,,62,0,0,no,0.5,0.5,0.5,void Kokkos::Impl::cuda_parallel_launch_local_memory<Kokkos::Impl::ParallelFor<p...
gh200,sm90,other,,62,0,40,yes,0.5,0.5,0.5,void Kokkos::Impl::cuda_parallel_launch_local_memory<Kokkos::Impl::ParallelFor<p...
gh200,sm90,other,,62,0,0,no,0.5,0.5,0.5,void Kokkos::Impl::cuda_parallel_launch_constant_memory<Kokkos::Impl::ParallelFo...
gh200,sm90,other,,61,0,0,no,0.5,0.5,0.5,void Kokkos::Impl::cuda_parallel_launch_constant_memory<Kokkos::Impl::ParallelFo...
gh200,sm90,other,,60,0,0,no,0.5,0.5,0.5,void Kokkos::Impl::cuda_parallel_launch_local_memory<Kokkos::Impl::ParallelFor<p...
gh200,sm90,other,,60,0,40,yes,0.5,0.5,0.5,void Kokkos::Impl::cuda_parallel_launch_constant_memory<Kokkos::Impl::ParallelFo...
gh200,sm90,other,,58,0,0,no,0.5,0.5,0.5,void Kokkos::Impl::cuda_parallel_launch_local_memory<Kokkos::Impl::ParallelFor<p...
gh200,sm90,other,,58,0,0,no,0.5,0.5,0.5,void Kokkos::Impl::cuda_parallel_launch_local_memory<Kokkos::Impl::ParallelFor<p...
gh200,sm90,other,,58,1040,16,yes,0.5,0.5,0.5,void Kokkos::Impl::cuda_parallel_launch_local_memory<Kokkos::Impl::ParallelFor<p...
gh200,sm90,other,,58,1024,0,no,0.5,0.5,0.5,void Kokkos::Impl::cuda_parallel_launch_local_memory<Kokkos::Impl::ParallelReduc...
gh200,sm90,other,,57,1024,0,no,0.5,0.5,0.5,void Kokkos::Impl::cuda_parallel_launch_local_memory<Kokkos::Impl::ParallelFor<p...
gh200,sm90,other,,56,0,0,no,0.562,0.5,0.5,void Kokkos::Impl::cuda_parallel_launch_local_memory<Kokkos::Impl::ParallelFor<p...
gh200,sm90,other,,56,0,0,no,0.562,0.5,0.5,void Kokkos::Impl::cuda_parallel_launch_local_memory<Kokkos::Impl::ParallelFor<p...
gh200,sm90,other,,56,0,0,no,0.562,0.5,0.5,void Kokkos::Impl::cuda_parallel_launch_local_memory<Kokkos::Impl::ParallelFor<p...
gh200,sm90,other,,56,0,0,no,0.562,0.5,0.5,void Kokkos::Impl::cuda_parallel_launch_local_memory<Kokkos::Impl::ParallelFor<K...
gh200,sm90,other,,56,1024,0,no,0.562,0.5,0.5,void Kokkos::Impl::cuda_parallel_launch_local_memory<Kokkos::Impl::ParallelFor<K...
gh200,sm90,other,,56,1024,72,yes,0.562,0.5,0.5,void Kokkos::Impl::cuda_parallel_launch_local_memory<Kokkos::Impl::ParallelFor<p...
gh200,sm90,other,,56,1024,72,yes,0.562,0.5,0.5,void Kokkos::Impl::cuda_parallel_launch_local_memory<Kokkos::Impl::ParallelFor<p...
gh200,sm90,other,,56,1024,72,yes,0.562,0.5,0.5,void Kokkos::Impl::cuda_parallel_launch_local_memory<Kokkos::Impl::ParallelFor<p...
gh200,sm90,other,,56,1024,72,yes,0.562,0.5,0.5,void Kokkos::Impl::cuda_parallel_launch_local_memory<Kokkos::Impl::ParallelFor<p...
gh200,sm90,other,,56,1024,72,yes,0.562,0.5,0.5,void Kokkos::Impl::cuda_parallel_launch_local_memory<Kokkos::Impl::ParallelFor<p...
gh200,sm90,other,,56,1024,72,yes,0.562,0.5,0.5,void Kokkos::Impl::cuda_parallel_launch_local_memory<Kokkos::Impl::ParallelFor<p...
gh200,sm90,other,,56,1024,72,yes,0.562,0.5,0.5,void Kokkos::Impl::cuda_parallel_launch_local_memory<Kokkos::Impl::ParallelFor<p...
gh200,sm90,other,,56,1024,72,yes,0.562,0.5,0.5,void Kokkos::Impl::cuda_parallel_launch_local_memory<Kokkos::Impl::ParallelFor<p...
gh200,sm90,other,,56,1024,72,yes,0.562,0.5,0.5,void Kokkos::Impl::cuda_parallel_launch_local_memory<Kokkos::Impl::ParallelFor<p...
gh200,sm90,other,,56,1024,72,yes,0.562,0.5,0.5,void Kokkos::Impl::cuda_parallel_launch_local_memory<Kokkos::Impl::ParallelFor<p...
gh200,sm90,other,,56,1024,72,yes,0.562,0.5,0.5,void Kokkos::Impl::cuda_parallel_launch_local_memory<Kokkos::Impl::ParallelFor<p...
gh200,sm90,other,,56,1024,0,no,0.562,0.5,0.5,void Kokkos::Impl::cuda_parallel_launch_local_memory<Kokkos::Impl::ParallelFor<K...
gh200,sm90,other,,56,1024,72,yes,0.562,0.5,0.5,void Kokkos::Impl::cuda_parallel_launch_local_memory<Kokkos::Impl::ParallelFor<p...
gh200,sm90,other,,56,0,0,no,0.562,0.5,0.5,void Kokkos::Impl::cuda_parallel_launch_local_memory<Kokkos::Impl::ParallelFor<K...
gh200,sm90,other,,56,0,0,no,0.562,0.5,0.5,void Kokkos::Impl::cuda_parallel_launch_local_memory<Kokkos::Impl::ParallelFor<K...
gh200,sm90,other,,56,0,0,no,0.562,0.5,0.5,void Kokkos::Impl::cuda_parallel_launch_local_memory<Kokkos::Impl::ParallelFor<K...
gh200,sm90,other,,56,0,0,no,0.562,0.5,0.5,void Kokkos::Impl::cuda_parallel_launch_local_memory<Kokkos::Impl::ParallelFor<K...
gh200,sm90,other,,56,0,0,no,0.562,0.5,0.5,void Kokkos::Impl::cuda_parallel_launch_local_memory<Kokkos::Impl::ParallelFor<K...
gh200,sm90,other,,56,0,0,no,0.562,0.5,0.5,void Kokkos::Impl::cuda_parallel_launch_local_memory<Kokkos::Impl::ParallelFor<K...
gh200,sm90,other,,56,0,0,no,0.562,0.5,0.5,void Kokkos::Impl::cuda_parallel_launch_local_memory<Kokkos::Impl::ParallelFor<K...
gh200,sm90,other,,56,0,0,no,0.562,0.5,0.5,void Kokkos::Impl::cuda_parallel_launch_local_memory<Kokkos::Impl::ParallelFor<K...
gh200,sm90,other,,56,0,0,no,0.562,0.5,0.5,void Kokkos::Impl::cuda_parallel_launch_local_memory<Kokkos::Impl::ParallelFor<K...
gh200,sm90,other,,56,0,0,no,0.562,0.5,0.5,void Kokkos::Impl::cuda_parallel_launch_local_memory<Kokkos::Impl::ParallelFor<K...
gh200,sm90,other,,56,0,0,no,0.562,0.5,0.5,void Kokkos::Impl::cuda_parallel_launch_local_memory<Kokkos::Impl::ParallelFor<K...
gh200,sm90,other,,56,0,0,no,0.562,0.5,0.5,void Kokkos::Impl::cuda_parallel_launch_local_memory<Kokkos::Impl::ParallelFor<K...
gh200,sm90,other,,56,0,0,no,0.562,0.5,0.5,void Kokkos::Impl::cuda_parallel_launch_local_memory<Kokkos::Impl::ParallelFor<K...
gh200,sm90,other,,56,0,0,no,0.562,0.5,0.5,void Kokkos::Impl::cuda_parallel_launch_local_memory<Kokkos::Impl::ParallelFor<K...
gh200,sm90,other,,56,0,0,no,0.562,0.5,0.5,void Kokkos::Impl::cuda_parallel_launch_local_memory<Kokkos::Impl::ParallelFor<K...
gh200,sm90,other,,56,0,0,no,0.562,0.5,0.5,void Kokkos::Impl::cuda_parallel_launch_local_memory<Kokkos::Impl::ParallelFor<p...
gh200,sm90,other,,56,1024,0,no,0.562,0.5,0.5,void Kokkos::Impl::cuda_parallel_launch_local_memory<Kokkos::Impl::ParallelFor<p...
gh200,sm90,other,,56,0,0,no,0.562,0.5,0.5,void Kokkos::Impl::cuda_parallel_launch_local_memory<Kokkos::Impl::ParallelFor<K...
gh200,sm90,other,,56,0,0,no,0.562,0.5,0.5,void Kokkos::Impl::cuda_parallel_launch_local_memory<Kokkos::Impl::ParallelFor<K...
gh200,sm90,other,,56,0,0,no,0.562,0.5,0.5,void Kokkos::Impl::cuda_parallel_launch_local_memory<Kokkos::Impl::ParallelFor<K...
gh200,sm90,other,,56,0,0,no,0.562,0.5,0.5,void Kokkos::Impl::cuda_parallel_launch_local_memory<Kokkos::Impl::ParallelFor<K...
gh200,sm90,other,,56,0,0,no,0.562,0.5,0.5,void Kokkos::Impl::cuda_parallel_launch_local_memory<Kokkos::Impl::ParallelFor<K...
gh200,sm90,other,,56,0,0,no,0.562,0.5,0.5,void Kokkos::Impl::cuda_parallel_launch_local_memory<Kokkos::Impl::ParallelFor<K...
gh200,sm90,other,,56,0,0,no,0.562,0.5,0.5,void Kokkos::Impl::cuda_parallel_launch_local_memory<Kokkos::Impl::ParallelFor<K...
gh200,sm90,other,,56,0,0,no,0.562,0.5,0.5,void Kokkos::Impl::cuda_parallel_launch_local_memory<Kokkos::Impl::ParallelFor<K...
gh200,sm90,other,,56,0,0,no,0.562,0.5,0.5,void Kokkos::Impl::cuda_parallel_launch_local_memory<Kokkos::Impl::ParallelFor<K...
gh200,sm90,other,,56,0,0,no,0.562,0.5,0.5,void Kokkos::Impl::cuda_parallel_launch_local_memory<Kokkos::Impl::ParallelFor<K...
gh200,sm90,other,,56,0,0,no,0.562,0.5,0.5,void Kokkos::Impl::cuda_parallel_launch_local_memory<Kokkos::Impl::ParallelFor<K...
gh200,sm90,other,,56,0,0,no,0.562,0.5,0.5,void Kokkos::Impl::cuda_parallel_launch_local_memory<Kokkos::Impl::ParallelFor<K...
gh200,sm90,other,,56,0,0,no,0.562,0.5,0.5,void Kokkos::Impl::cuda_parallel_launch_local_memory<Kokkos::Impl::ParallelFor<K...
gh200,sm90,other,,56,0,0,no,0.562,0.5,0.5,void Kokkos::Impl::cuda_parallel_launch_local_memory<Kokkos::Impl::ParallelFor<K...
gh200,sm90,other,,56,0,0,no,0.562,0.5,0.5,void Kokkos::Impl::cuda_parallel_launch_local_memory<Kokkos::Impl::ParallelFor<K...
gh200,sm90,other,,56,0,0,no,0.562,0.5,0.5,void Kokkos::Impl::cuda_parallel_launch_local_memory<Kokkos::Impl::ParallelFor<K...
gh200,sm90,other,,56,0,0,no,0.562,0.5,0.5,void Kokkos::Impl::cuda_parallel_launch_local_memory<Kokkos::Impl::ParallelFor<K...
gh200,sm90,other,,56,0,0,no,0.562,0.5,0.5,void Kokkos::Impl::cuda_parallel_launch_local_memory<Kokkos::Impl::ParallelFor<K...
gh200,sm90,other,,56,0,0,no,0.562,0.5,0.5,void Kokkos::Impl::cuda_parallel_launch_local_memory<Kokkos::Impl::ParallelFor<K...
gh200,sm90,other,,56,0,0,no,0.562,0.5,0.5,void Kokkos::Impl::cuda_parallel_launch_local_memory<Kokkos::Impl::ParallelFor<K...
gh200,sm90,other,,56,0,0,no,0.562,0.5,0.5,void Kokkos::Impl::cuda_parallel_launch_local_memory<Kokkos::Impl::ParallelFor<K...
gh200,sm90,other,,56,1024,0,no,0.562,0.5,0.5,void Kokkos::Impl::cuda_parallel_launch_local_memory<Kokkos::Impl::ParallelFor<K...
gh200,sm90,other,,56,1024,0,no,0.562,0.5,0.5,void Kokkos::Impl::cuda_parallel_launch_local_memory<Kokkos::Impl::ParallelFor<K...
gh200,sm90,other,,56,1024,0,no,0.562,0.5,0.5,void Kokkos::Impl::cuda_parallel_launch_local_memory<Kokkos::Impl::ParallelFor<K...
gh200,sm90,other,,56,1024,0,no,0.562,0.5,0.5,void Kokkos::Impl::cuda_parallel_launch_local_memory<Kokkos::Impl::ParallelFor<K...
gh200,sm90,other,,56,1024,0,no,0.562,0.5,0.5,void Kokkos::Impl::cuda_parallel_launch_local_memory<Kokkos::Impl::ParallelFor<K...
gh200,sm90,other,,56,1024,0,no,0.562,0.5,0.5,void Kokkos::Impl::cuda_parallel_launch_local_memory<Kokkos::Impl::ParallelFor<K...
gh200,sm90,other,,56,0,0,no,0.562,0.5,0.5,void Kokkos::Impl::cuda_parallel_launch_local_memory<Kokkos::Impl::ParallelFor<K...
gh200,sm90,other,,56,0,0,no,0.562,0.5,0.5,void Kokkos::Impl::cuda_parallel_launch_local_memory<Kokkos::Impl::ParallelFor<K...
gh200,sm90,other,,56,0,0,no,0.562,0.5,0.5,void Kokkos::Impl::cuda_parallel_launch_local_memory<Kokkos::Impl::ParallelFor<K...
gh200,sm90,other,,56,1024,0,no,0.562,0.5,0.5,void Kokkos::Impl::cuda_parallel_launch_constant_memory<Kokkos::Impl::ParallelFo...
gh200,sm90,other,,56,1024,0,no,0.562,0.5,0.5,void Kokkos::Impl::cuda_parallel_launch_local_memory<Kokkos::Impl::ParallelFor<K...
gh200,sm90,other,,56,0,0,no,0.562,0.5,0.5,void Kokkos::Impl::cuda_parallel_launch_local_memory<Kokkos::Impl::ParallelFor<K...
gh200,sm90,other,,56,0,0,no,0.562,0.5,0.5,void Kokkos::Impl::cuda_parallel_launch_constant_memory<Kokkos::Impl::ParallelFo...
gh200,sm90,other,,56,0,0,no,0.562,0.5,0.5,void Kokkos::Impl::cuda_parallel_launch_local_memory<Kokkos::Impl::ParallelFor<K...
gh200,sm90,other,,56,0,0,no,0.562,0.5,0.5,void Kokkos::Impl::cuda_parallel_launch_local_memory<Kokkos::Impl::ParallelFor<K...
gh200,sm90,other,,56,0,0,no,0.562,0.5,0.5,void Kokkos::Impl::cuda_parallel_launch_constant_memory<Kokkos::Impl::ParallelFo...
gh200,sm90,other,,56,0,0,no,0.562,0.5,0.5,void Kokkos::Impl::cuda_parallel_launch_local_memory<Kokkos::Impl::ParallelFor<K...
gh200,sm90,other,,56,0,0,no,0.562,0.5,0.5,void Kokkos::Impl::cuda_parallel_launch_local_memory<Kokkos::Impl::ParallelFor<K...
gh200,sm90,other,,56,0,0,no,0.562,0.5,0.5,void Kokkos::Impl::cuda_parallel_launch_local_memory<Kokkos::Impl::ParallelFor<K...
gh200,sm90,other,,55,0,0,no,0.562,0.5,0.5,void Kokkos::Impl::cuda_parallel_launch_constant_memory<Kokkos::Impl::ParallelFo...
gh200,sm90,other,,55,1024,0,no,0.562,0.5,0.5,void Kokkos::Impl::cuda_parallel_launch_constant_memory<Kokkos::Impl::ParallelFo...
gh200,sm90,other,,54,0,0,no,0.562,0.5,0.5,void Kokkos::Impl::cuda_parallel_launch_local_memory<Kokkos::Impl::ParallelFor<K...
gh200,sm90,other,,54,0,0,no,0.562,0.5,0.5,void Kokkos::Impl::cuda_parallel_launch_local_memory<Kokkos::Impl::ParallelFor<p...
gh200,sm90,other,,54,1040,16,yes,0.562,0.5,0.5,void Kokkos::Impl::cuda_parallel_launch_local_memory<Kokkos::Impl::ParallelFor<p...
gh200,sm90,other,,54,1024,0,no,0.562,0.5,0.5,void Kokkos::Impl::cuda_parallel_launch_constant_memory<Kokkos::Impl::ParallelFo...
gh200,sm90,other,,54,1024,0,no,0.562,0.5,0.5,void Kokkos::Impl::cuda_parallel_launch_local_memory<Kokkos::Impl::ParallelFor<K...
gh200,sm90,other,,54,1024,0,no,0.562,0.5,0.5,void Kokkos::Impl::cuda_parallel_launch_local_memory<Kokkos::Impl::ParallelFor<K...
gh200,sm90,other,,54,1024,0,no,0.562,0.5,0.5,void Kokkos::Impl::cuda_parallel_launch_local_memory<Kokkos::Impl::ParallelReduc...
gh200,sm90,other,,54,0,0,no,0.562,0.5,0.5,void Kokkos::Impl::cuda_parallel_launch_local_memory<Kokkos::Impl::ParallelFor<K...
gh200,sm90,other,,54,0,0,no,0.562,0.5,0.5,void Kokkos::Impl::cuda_parallel_launch_local_memory<Kokkos::Impl::ParallelFor<K...
gh200,sm90,other,,54,0,0,no,0.562,0.5,0.5,void Kokkos::Impl::cuda_parallel_launch_local_memory<Kokkos::Impl::ParallelFor<K...
gh200,sm90,other,,54,0,0,no,0.562,0.5,0.5,void Kokkos::Impl::cuda_parallel_launch_local_memory<Kokkos::Impl::ParallelFor<K...
gh200,sm90,other,,54,0,0,no,0.562,0.5,0.5,void Kokkos::Impl::cuda_parallel_launch_constant_memory<Kokkos::Impl::ParallelFo...
gh200,sm90,other,,54,0,0,no,0.562,0.5,0.5,void Kokkos::Impl::cuda_parallel_launch_local_memory<Kokkos::Impl::ParallelFor<K...
gh200,sm90,other,,54,0,0,no,0.562,0.5,0.5,void Kokkos::Impl::cuda_parallel_launch_local_memory<Kokkos::Impl::ParallelFor<K...
gh200,sm90,other,,54,0,0,no,0.562,0.5,0.5,void Kokkos::Impl::cuda_parallel_launch_local_memory<Kokkos::Impl::ParallelFor<K...
gh200,sm90,other,,54,0,0,no,0.562,0.5,0.5,void Kokkos::Impl::cuda_parallel_launch_local_memory<Kokkos::Impl::ParallelFor<K...
gh200,sm90,other,,54,1024,0,no,0.562,0.5,0.5,void Kokkos::Impl::cuda_parallel_launch_local_memory<Kokkos::Impl::ParallelFor<K...
gh200,sm90,other,,54,1024,0,no,0.562,0.5,0.5,void Kokkos::Impl::cuda_parallel_launch_local_memory<Kokkos::Impl::ParallelFor<K...
gh200,sm90,other,,54,1024,0,no,0.562,0.5,0.5,void Kokkos::Impl::cuda_parallel_launch_local_memory<Kokkos::Impl::ParallelFor<K...
gh200,sm90,other,,54,1024,0,no,0.562,0.5,0.5,void Kokkos::Impl::cuda_parallel_launch_local_memory<Kokkos::Impl::ParallelFor<K...
gh200,sm90,other,,54,1024,0,no,0.562,0.5,0.5,void Kokkos::Impl::cuda_parallel_launch_local_memory<Kokkos::Impl::ParallelFor<K...
gh200,sm90,other,,54,1024,0,no,0.562,0.5,0.5,void Kokkos::Impl::cuda_parallel_launch_local_memory<Kokkos::Impl::ParallelFor<K...
gh200,sm90,other,,54,0,0,no,0.562,0.5,0.5,void Kokkos::Impl::cuda_parallel_launch_local_memory<Kokkos::Impl::ParallelFor<K...
gh200,sm90,other,,54,1024,0,no,0.562,0.5,0.5,void Kokkos::Impl::cuda_parallel_launch_constant_memory<Kokkos::Impl::ParallelFo...
gh200,sm90,other,,54,1024,0,no,0.562,0.5,0.5,void Kokkos::Impl::cuda_parallel_launch_local_memory<Kokkos::Impl::ParallelFor<K...
gh200,sm90,other,,54,0,0,no,0.562,0.5,0.5,void Kokkos::Impl::cuda_parallel_launch_local_memory<Kokkos::Impl::ParallelFor<K...
gh200,sm90,other,,54,0,0,no,0.562,0.5,0.5,void Kokkos::Impl::cuda_parallel_launch_local_memory<Kokkos::Impl::ParallelFor<K...
gh200,sm90,other,,54,0,0,no,0.562,0.5,0.5,void Kokkos::Impl::cuda_parallel_launch_local_memory<Kokkos::Impl::ParallelFor<K...
gh200,sm90,other,,54,0,0,no,0.562,0.5,0.5,void Kokkos::Impl::cuda_parallel_launch_local_memory<Kokkos::Impl::ParallelFor<K...
gh200,sm90,other,,52,0,0,no,0.562,0.5,0.5,void Kokkos::Impl::cuda_parallel_launch_local_memory<Kokkos::Impl::ParallelFor<p...
gh200,sm90,other,,52,0,0,no,0.562,0.5,0.5,void Kokkos::Impl::cuda_parallel_launch_local_memory<Kokkos::Impl::ParallelFor<p...
gh200,sm90,other,,52,1024,0,no,0.562,0.5,0.5,void Kokkos::Impl::cuda_parallel_launch_local_memory<Kokkos::Impl::ParallelFor<p...
gh200,sm90,other,,52,1040,16,yes,0.562,0.5,0.5,void Kokkos::Impl::cuda_parallel_launch_constant_memory<Kokkos::Impl::ParallelFo...
gh200,sm90,other,,52,1040,16,yes,0.562,0.5,0.5,void Kokkos::Impl::cuda_parallel_launch_constant_memory<Kokkos::Impl::ParallelFo...
gh200,sm90,other,,52,1024,0,no,0.562,0.5,0.5,void Kokkos::Impl::cuda_parallel_launch_local_memory<Kokkos::Impl::ParallelFor<p...
gh200,sm90,other,,52,0,0,no,0.562,0.5,0.5,void Kokkos::Impl::cuda_parallel_launch_local_memory<Kokkos::Impl::ParallelFor<p...
gh200,sm90,other,,50,0,0,no,0.562,0.5,0.5,void Kokkos::Impl::cuda_parallel_launch_local_memory<Kokkos::Impl::ParallelFor<p...
gh200,sm90,other,,50,0,0,no,0.562,0.5,0.5,void Kokkos::Impl::cuda_parallel_launch_local_memory<Kokkos::Impl::ParallelFor<p...
gh200,sm90,other,,50,0,0,no,0.562,0.5,0.5,void Kokkos::Impl::cuda_parallel_launch_local_memory<Kokkos::Impl::ParallelFor<p...
gh200,sm90,other,,48,1032,0,no,0.625,0.625,0.5,void Kokkos::Impl::cuda_parallel_launch_global_memory<Kokkos::Impl::ParallelFor<...
gh200,sm90,other,,48,1032,0,no,0.625,0.625,0.5,void Kokkos::Impl::cuda_parallel_launch_global_memory<Kokkos::Impl::ParallelFor<...
gh200,sm90,other,,48,0,0,no,0.625,0.625,0.5,void Kokkos::Impl::cuda_parallel_launch_local_memory<Kokkos::Impl::ParallelFor<p...
gh200,sm90,other,,48,1024,0,no,0.625,0.625,0.5,void Kokkos::Impl::cuda_parallel_launch_local_memory<Kokkos::Impl::ParallelFor<p...
gh200,sm90,other,,48,1024,0,no,0.625,0.625,0.5,void Kokkos::Impl::cuda_parallel_launch_local_memory<Kokkos::Impl::ParallelFor<p...
gh200,sm90,other,,48,1024,0,no,0.625,0.625,0.5,void Kokkos::Impl::cuda_parallel_launch_local_memory<Kokkos::Impl::ParallelFor<p...
gh200,sm90,other,,48,1024,0,no,0.625,0.625,0.5,void Kokkos::Impl::cuda_parallel_launch_local_memory<Kokkos::Impl::ParallelFor<p...
gh200,sm90,other,,48,1024,0,no,0.625,0.625,0.5,void Kokkos::Impl::cuda_parallel_launch_local_memory<Kokkos::Impl::ParallelFor<p...
gh200,sm90,other,,48,1024,0,no,0.625,0.625,0.5,void Kokkos::Impl::cuda_parallel_launch_local_memory<Kokkos::Impl::ParallelFor<p...
gh200,sm90,other,,48,1024,0,no,0.625,0.625,0.5,void Kokkos::Impl::cuda_parallel_launch_local_memory<Kokkos::Impl::ParallelFor<p...
gh200,sm90,other,,48,1024,0,no,0.625,0.625,0.5,void Kokkos::Impl::cuda_parallel_launch_local_memory<Kokkos::Impl::ParallelFor<p...
gh200,sm90,other,,48,1024,0,no,0.625,0.625,0.5,void Kokkos::Impl::cuda_parallel_launch_local_memory<Kokkos::Impl::ParallelFor<p...
gh200,sm90,other,,48,1024,0,no,0.625,0.625,0.5,void Kokkos::Impl::cuda_parallel_launch_local_memory<Kokkos::Impl::ParallelFor<p...
gh200,sm90,other,,48,1024,0,no,0.625,0.625,0.5,void Kokkos::Impl::cuda_parallel_launch_local_memory<Kokkos::Impl::ParallelFor<p...
gh200,sm90,other,,48,1024,0,no,0.625,0.625,0.5,void Kokkos::Impl::cuda_parallel_launch_local_memory<Kokkos::Impl::ParallelFor<p...
gh200,sm90,other,,48,0,40,yes,0.625,0.625,0.5,void Kokkos::Impl::cuda_parallel_launch_constant_memory<Kokkos::Impl::ParallelFo...
gh200,sm90,other,,48,0,0,no,0.625,0.625,0.5,void Kokkos::Impl::cuda_parallel_launch_local_memory<Kokkos::Impl::ParallelFor<p...
gh200,sm90,other,,48,0,0,no,0.625,0.625,0.5,void Kokkos::Impl::cuda_parallel_launch_local_memory<Kokkos::Impl::ParallelFor<p...
gh200,sm90,other,,48,0,0,no,0.625,0.625,0.5,void Kokkos::Impl::cuda_parallel_launch_local_memory<Kokkos::Impl::ParallelFor<p...
gh200,sm90,other,,48,0,40,yes,0.625,0.625,0.5,void Kokkos::Impl::cuda_parallel_launch_local_memory<Kokkos::Impl::ParallelFor<p...
gh200,sm90,other,,48,1024,40,yes,0.625,0.625,0.5,void Kokkos::Impl::cuda_parallel_launch_local_memory<Kokkos::Impl::ParallelFor<p...
gh200,sm90,other,,48,0,0,no,0.625,0.625,0.5,void Kokkos::Impl::cuda_parallel_launch_local_memory<Kokkos::Impl::ParallelFor<p...
gh200,sm90,other,,48,0,0,no,0.625,0.625,0.5,void Kokkos::Impl::cuda_parallel_launch_local_memory<Kokkos::Impl::ParallelFor<p...
gh200,sm90,other,,48,0,0,no,0.625,0.625,0.5,void Kokkos::Impl::cuda_parallel_launch_local_memory<Kokkos::Impl::ParallelFor<p...
gh200,sm90,other,,48,0,0,no,0.625,0.625,0.5,void Kokkos::Impl::cuda_parallel_launch_local_memory<Kokkos::Impl::ParallelFor<p...
gh200,sm90,other,,48,0,0,no,0.625,0.625,0.5,void Kokkos::Impl::cuda_parallel_launch_local_memory<Kokkos::Impl::ParallelFor<p...
gh200,sm90,other,,48,0,0,no,0.625,0.625,0.5,void Kokkos::Impl::cuda_parallel_launch_constant_memory<Kokkos::Impl::ParallelFo...
gh200,sm90,other,,46,1032,0,no,0.625,0.625,0.5,void Kokkos::Impl::cuda_parallel_launch_global_memory<Kokkos::Impl::ParallelFor<...
gh200,sm90,other,,46,0,0,no,0.625,0.625,0.5,void Kokkos::Impl::cuda_parallel_launch_local_memory<Kokkos::Impl::ParallelFor<p...
gh200,sm90,other,,46,1024,0,no,0.625,0.625,0.5,void Kokkos::Impl::cuda_parallel_launch_constant_memory<Kokkos::Impl::ParallelFo...
gh200,sm90,other,,46,1024,408,yes,0.625,0.625,0.5,void Kokkos::Impl::cuda_parallel_launch_local_memory<Kokkos::Impl::ParallelReduc...
gh200,sm90,other,,46,0,0,no,0.625,0.625,0.5,void Kokkos::Impl::cuda_parallel_launch_constant_memory<Kokkos::Impl::ParallelFo...
gh200,sm90,other,,45,1024,0,no,0.625,0.625,0.5,void Kokkos::Impl::cuda_parallel_launch_constant_memory<Kokkos::Impl::ParallelFo...
gh200,sm90,other,,45,1024,0,no,0.625,0.625,0.5,void Kokkos::Impl::cuda_parallel_launch_constant_memory<Kokkos::Impl::ParallelFo...
gh200,sm90,other,,45,1024,0,no,0.625,0.625,0.5,void Kokkos::Impl::cuda_parallel_launch_constant_memory<Kokkos::Impl::ParallelFo...
gh200,sm90,other,,45,1024,0,no,0.625,0.625,0.5,void Kokkos::Impl::cuda_parallel_launch_constant_memory<Kokkos::Impl::ParallelFo...
gh200,sm90,other,,45,1024,0,no,0.625,0.625,0.5,void Kokkos::Impl::cuda_parallel_launch_constant_memory<Kokkos::Impl::ParallelFo...
gh200,sm90,other,,45,1024,0,no,0.625,0.625,0.5,void Kokkos::Impl::cuda_parallel_launch_constant_memory<Kokkos::Impl::ParallelFo...
gh200,sm90,other,,45,1024,0,no,0.625,0.625,0.5,void Kokkos::Impl::cuda_parallel_launch_constant_memory<Kokkos::Impl::ParallelFo...
gh200,sm90,other,,45,1024,0,no,0.625,0.625,0.5,void Kokkos::Impl::cuda_parallel_launch_constant_memory<Kokkos::Impl::ParallelFo...
gh200,sm90,other,,45,1024,0,no,0.625,0.625,0.5,void Kokkos::Impl::cuda_parallel_launch_constant_memory<Kokkos::Impl::ParallelFo...
gh200,sm90,other,,45,1024,0,no,0.625,0.625,0.5,void Kokkos::Impl::cuda_parallel_launch_constant_memory<Kokkos::Impl::ParallelFo...
gh200,sm90,other,,45,1024,0,no,0.625,0.625,0.5,void Kokkos::Impl::cuda_parallel_launch_constant_memory<Kokkos::Impl::ParallelFo...
gh200,sm90,other,,45,1024,0,no,0.625,0.625,0.5,void Kokkos::Impl::cuda_parallel_launch_constant_memory<Kokkos::Impl::ParallelFo...
gh200,sm90,other,,45,1024,0,no,0.625,0.625,0.5,void Kokkos::Impl::cuda_parallel_launch_constant_memory<Kokkos::Impl::ParallelFo...
gh200,sm90,other,,45,0,0,no,0.625,0.625,0.5,void Kokkos::Impl::cuda_parallel_launch_local_memory<Kokkos::Impl::ParallelFor<p...
gh200,sm90,other,,45,0,0,no,0.625,0.625,0.5,void Kokkos::Impl::cuda_parallel_launch_local_memory<Kokkos::Impl::ParallelFor<p...
gh200,sm90,other,,45,1024,0,no,0.625,0.625,0.5,void Kokkos::Impl::cuda_parallel_launch_local_memory<Kokkos::Impl::ParallelFor<p...
gh200,sm90,other,,44,1032,0,no,0.625,0.625,0.5,void Kokkos::Impl::cuda_parallel_launch_global_memory<Kokkos::Impl::ParallelFor<...
gh200,sm90,other,,44,1032,0,no,0.625,0.625,0.5,void Kokkos::Impl::cuda_parallel_launch_global_memory<Kokkos::Impl::ParallelFor<...
gh200,sm90,other,,44,1024,0,no,0.625,0.625,0.5,void Kokkos::Impl::cuda_parallel_launch_local_memory<Kokkos::Impl::ParallelFor<p...
gh200,sm90,other,,44,1024,0,no,0.625,0.625,0.5,void Kokkos::Impl::cuda_parallel_launch_constant_memory<Kokkos::Impl::ParallelFo...
gh200,sm90,other,,44,0,0,no,0.625,0.625,0.5,void Kokkos::Impl::cuda_parallel_launch_local_memory<Kokkos::Impl::ParallelFor<K...
gh200,sm90,other,,44,0,0,no,0.625,0.625,0.5,void Kokkos::Impl::cuda_parallel_launch_local_memory<Kokkos::Impl::ParallelFor<K...
gh200,sm90,other,,44,0,0,no,0.625,0.625,0.5,void Kokkos::Impl::cuda_parallel_launch_local_memory<Kokkos::Impl::ParallelFor<K...
gh200,sm90,other,,44,0,0,no,0.625,0.625,0.5,void Kokkos::Impl::cuda_parallel_launch_local_memory<Kokkos::Impl::ParallelFor<K...
gh200,sm90,other,,44,0,0,no,0.625,0.625,0.5,void Kokkos::Impl::cuda_parallel_launch_local_memory<Kokkos::Impl::ParallelFor<K...
gh200,sm90,other,,44,0,0,no,0.625,0.625,0.5,void Kokkos::Impl::cuda_parallel_launch_local_memory<Kokkos::Impl::ParallelFor<p...
gh200,sm90,other,,44,0,0,no,0.625,0.625,0.5,void Kokkos::Impl::cuda_parallel_launch_local_memory<Kokkos::Impl::ParallelFor<K...
gh200,sm90,other,,44,0,0,no,0.625,0.625,0.5,void Kokkos::Impl::cuda_parallel_launch_local_memory<Kokkos::Impl::ParallelFor<K...
gh200,sm90,other,,44,0,0,no,0.625,0.625,0.5,void Kokkos::Impl::cuda_parallel_launch_local_memory<Kokkos::Impl::ParallelFor<K...
gh200,sm90,other,,44,0,0,no,0.625,0.625,0.5,void Kokkos::Impl::cuda_parallel_launch_local_memory<Kokkos::Impl::ParallelFor<K...
gh200,sm90,other,,44,0,0,no,0.625,0.625,0.5,void Kokkos::Impl::cuda_parallel_launch_local_memory<Kokkos::Impl::ParallelFor<K...
gh200,sm90,other,,44,0,0,no,0.625,0.625,0.5,void Kokkos::Impl::cuda_parallel_launch_local_memory<Kokkos::Impl::ParallelFor<K...
gh200,sm90,other,,44,0,0,no,0.625,0.625,0.5,void Kokkos::Impl::cuda_parallel_launch_local_memory<Kokkos::Impl::ParallelFor<K...
gh200,sm90,other,,44,0,0,no,0.625,0.625,0.5,void Kokkos::Impl::cuda_parallel_launch_local_memory<Kokkos::Impl::ParallelFor<K...
gh200,sm90,other,,44,1024,0,no,0.625,0.625,0.5,void Kokkos::Impl::cuda_parallel_launch_local_memory<Kokkos::Impl::ParallelFor<K...
gh200,sm90,other,,44,1024,0,no,0.625,0.625,0.5,void Kokkos::Impl::cuda_parallel_launch_local_memory<Kokkos::Impl::ParallelFor<K...
gh200,sm90,other,,44,1024,0,no,0.625,0.625,0.5,void Kokkos::Impl::cuda_parallel_launch_local_memory<Kokkos::Impl::ParallelFor<K...
gh200,sm90,other,,44,1024,0,no,0.625,0.625,0.5,void Kokkos::Impl::cuda_parallel_launch_local_memory<Kokkos::Impl::ParallelFor<p...
gh200,sm90,other,,43,1032,0,no,0.625,0.625,0.5,void Kokkos::Impl::cuda_parallel_launch_global_memory<Kokkos::Impl::ParallelFor<...
gh200,sm90,other,,43,0,0,no,0.625,0.625,0.5,void Kokkos::Impl::cuda_parallel_launch_local_memory<Kokkos::Impl::ParallelFor<K...
gh200,sm90,other,,43,0,0,no,0.625,0.625,0.5,void Kokkos::Impl::cuda_parallel_launch_local_memory<Kokkos::Impl::ParallelFor<K...
gh200,sm90,other,,42,0,0,no,0.625,0.625,0.5,void Kokkos::Impl::cuda_parallel_launch_local_memory<Kokkos::Impl::ParallelFor<p...
gh200,sm90,other,,42,1024,0,no,0.625,0.625,0.5,void Kokkos::Impl::cuda_parallel_launch_local_memory<Kokkos::Impl::ParallelReduc...
gh200,sm90,other,,42,1024,0,no,0.625,0.625,0.5,void Kokkos::Impl::cuda_parallel_launch_local_memory<Kokkos::Impl::ParallelReduc...
gh200,sm90,other,,42,0,0,no,0.625,0.625,0.5,void Kokkos::Impl::cuda_parallel_launch_local_memory<Kokkos::Impl::ParallelFor<p...
gh200,sm90,other,,42,0,0,no,0.625,0.625,0.5,void Kokkos::Impl::cuda_parallel_launch_local_memory<Kokkos::Impl::ParallelFor<p...
gh200,sm90,other,,42,1024,0,no,0.625,0.625,0.5,void Kokkos::Impl::cuda_parallel_launch_local_memory<Kokkos::Impl::ParallelReduc...
gh200,sm90,other,,42,1024,40,yes,0.625,0.625,0.5,void Kokkos::Impl::cuda_parallel_launch_local_memory<Kokkos::Impl::ParallelFor<p...
gh200,sm90,other,,42,1024,40,yes,0.625,0.625,0.5,void Kokkos::Impl::cuda_parallel_launch_local_memory<Kokkos::Impl::ParallelFor<p...
gh200,sm90,other,,42,1032,0,no,0.625,0.625,0.5,void Kokkos::Impl::cuda_parallel_launch_constant_memory<Kokkos::Impl::ParallelFo...
gh200,sm90,other,,42,1024,0,no,0.625,0.625,0.5,void Kokkos::Impl::cuda_parallel_launch_local_memory<Kokkos::Impl::ParallelFor<p...
gh200,sm90,other,,42,1024,0,no,0.625,0.625,0.5,void Kokkos::Impl::cuda_parallel_launch_local_memory<Kokkos::Impl::ParallelReduc...
gh200,sm90,other,,42,1024,0,no,0.625,0.625,0.5,void Kokkos::Impl::cuda_parallel_launch_local_memory<Kokkos::Impl::ParallelReduc...
gh200,sm90,other,,41,1040,16,yes,0.625,0.625,0.5,void Kokkos::Impl::cuda_parallel_launch_local_memory<Kokkos::Impl::ParallelFor<p...
gh200,sm90,other,,41,0,40,yes,0.625,0.625,0.5,void Kokkos::Impl::cuda_parallel_launch_local_memory<Kokkos::Impl::ParallelFor<p...
gh200,sm90,other,,40,1032,0,no,0.75,0.75,0.75,void Kokkos::Impl::cuda_parallel_launch_constant_memory<Kokkos::Impl::ParallelFo...
gh200,sm90,other,,40,1032,0,no,0.75,0.75,0.75,void Kokkos::Impl::cuda_parallel_launch_global_memory<Kokkos::Impl::ParallelFor<...
gh200,sm90,other,,40,1032,0,no,0.75,0.75,0.75,void Kokkos::Impl::cuda_parallel_launch_global_memory<Kokkos::Impl::ParallelFor<...
gh200,sm90,other,,40,1032,0,no,0.75,0.75,0.75,void Kokkos::Impl::cuda_parallel_launch_global_memory<Kokkos::Impl::ParallelFor<...
gh200,sm90,other,,40,0,0,no,0.75,0.75,0.75,void Kokkos::Impl::cuda_parallel_launch_local_memory<Kokkos::Impl::ParallelFor<p...
gh200,sm90,other,,40,0,0,no,0.75,0.75,0.75,void Kokkos::Impl::cuda_parallel_launch_local_memory<Kokkos::Impl::ParallelFor<p...
gh200,sm90,other,,40,0,0,no,0.75,0.75,0.75,void Kokkos::Impl::cuda_parallel_launch_local_memory<Kokkos::Impl::ParallelFor<K...
gh200,sm90,other,,40,0,0,no,0.75,0.75,0.75,void Kokkos::Impl::cuda_parallel_launch_local_memory<Kokkos::Impl::ParallelFor<p...
gh200,sm90,other,,40,0,0,no,0.75,0.75,0.75,void Kokkos::Impl::cuda_parallel_launch_local_memory<Kokkos::Impl::ParallelFor<K...
gh200,sm90,other,,40,0,0,no,0.75,0.75,0.75,void Kokkos::Impl::cuda_parallel_launch_local_memory<Kokkos::Impl::ParallelFor<K...
gh200,sm90,other,,40,1024,0,no,0.75,0.75,0.75,void Kokkos::Impl::cuda_parallel_launch_local_memory<Kokkos::Impl::ParallelFor<K...
gh200,sm90,other,,40,1024,0,no,0.75,0.75,0.75,void Kokkos::Impl::cuda_parallel_launch_local_memory<Kokkos::Impl::ParallelFor<p...
gh200,sm90,other,,40,1024,0,no,0.75,0.75,0.75,void Kokkos::Impl::cuda_parallel_launch_local_memory<Kokkos::Impl::ParallelFor<p...
gh200,sm90,other,,40,1024,0,no,0.75,0.75,0.75,void Kokkos::Impl::cuda_parallel_launch_local_memory<Kokkos::Impl::ParallelFor<p...
gh200,sm90,other,,40,1024,0,no,0.75,0.75,0.75,void Kokkos::Impl::cuda_parallel_launch_local_memory<Kokkos::Impl::ParallelFor<p...
gh200,sm90,other,,40,1024,0,no,0.75,0.75,0.75,void Kokkos::Impl::cuda_parallel_launch_local_memory<Kokkos::Impl::ParallelFor<p...
gh200,sm90,other,,40,0,0,no,0.75,0.75,0.75,void Kokkos::Impl::cuda_parallel_launch_local_memory<Kokkos::Impl::ParallelFor<K...
gh200,sm90,other,,40,0,0,no,0.75,0.75,0.75,void Kokkos::Impl::cuda_parallel_launch_local_memory<Kokkos::Impl::ParallelFor<p...
gh200,sm90,other,,40,0,0,no,0.75,0.75,0.75,void Kokkos::Impl::cuda_parallel_launch_local_memory<Kokkos::Impl::ParallelFor<p...
gh200,sm90,other,,40,0,0,no,0.75,0.75,0.75,void Kokkos::Impl::cuda_parallel_launch_local_memory<Kokkos::Impl::ParallelFor<K...
gh200,sm90,other,,40,0,0,no,0.75,0.75,0.75,void Kokkos::Impl::cuda_parallel_launch_local_memory<Kokkos::Impl::ParallelFor<p...
gh200,sm90,other,,40,0,0,no,0.75,0.75,0.75,void Kokkos::Impl::cuda_parallel_launch_local_memory<Kokkos::Impl::ParallelFor<K...
gh200,sm90,other,,40,0,0,no,0.75,0.75,0.75,void Kokkos::Impl::cuda_parallel_launch_local_memory<Kokkos::Impl::ParallelFor<p...
gh200,sm90,other,,40,0,0,no,0.75,0.75,0.75,void Kokkos::Impl::cuda_parallel_launch_local_memory<Kokkos::Impl::ParallelFor<p...
gh200,sm90,other,,40,0,0,no,0.75,0.75,0.75,void Kokkos::Impl::cuda_parallel_launch_local_memory<Kokkos::Impl::ParallelFor<K...
gh200,sm90,other,,40,0,0,no,0.75,0.75,0.75,void Kokkos::Impl::cuda_parallel_launch_local_memory<Kokkos::Impl::ParallelFor<K...
gh200,sm90,other,,40,0,0,no,0.75,0.75,0.75,void Kokkos::Impl::cuda_parallel_launch_local_memory<Kokkos::Impl::ParallelFor<K...
gh200,sm90,other,,40,0,0,no,0.75,0.75,0.75,void Kokkos::Impl::cuda_parallel_launch_local_memory<Kokkos::Impl::ParallelFor<K...
gh200,sm90,other,,40,0,0,no,0.75,0.75,0.75,void Kokkos::Impl::cuda_parallel_launch_constant_memory<Kokkos::Impl::ParallelFo...
gh200,sm90,other,,40,0,0,no,0.75,0.75,0.75,void Kokkos::Impl::cuda_parallel_launch_local_memory<Kokkos::Impl::ParallelFor<K...
gh200,sm90,other,,40,0,0,no,0.75,0.75,0.75,void Kokkos::Impl::cuda_parallel_launch_local_memory<Kokkos::Impl::ParallelFor<K...
gh200,sm90,other,,40,0,0,no,0.75,0.75,0.75,void Kokkos::Impl::cuda_parallel_launch_local_memory<Kokkos::Impl::ParallelFor<p...
gh200,sm90,other,,40,0,0,no,0.75,0.75,0.75,void Kokkos::Impl::cuda_parallel_launch_local_memory<Kokkos::Impl::ParallelFor<p...
gh200,sm90,other,,40,0,0,no,0.75,0.75,0.75,void Kokkos::Impl::cuda_parallel_launch_local_memory<Kokkos::Impl::ParallelFor<p...
gh200,sm90,other,,40,0,0,no,0.75,0.75,0.75,void Kokkos::Impl::cuda_parallel_launch_local_memory<Kokkos::Impl::ParallelFor<K...
gh200,sm90,other,,40,0,0,no,0.75,0.75,0.75,void Kokkos::Impl::cuda_parallel_launch_local_memory<Kokkos::Impl::ParallelFor<K...
gh200,sm90,other,,40,1024,0,no,0.75,0.75,0.75,void Kokkos::Impl::cuda_parallel_launch_local_memory<Kokkos::Impl::ParallelFor<K...
gh200,sm90,other,,40,0,0,no,0.75,0.75,0.75,void Kokkos::Impl::cuda_parallel_launch_constant_memory<Kokkos::Impl::ParallelFo...
gh200,sm90,other,,40,0,0,no,0.75,0.75,0.75,void Kokkos::Impl::cuda_parallel_launch_constant_memory<Kokkos::Impl::ParallelFo...
gh200,sm90,other,,40,0,0,no,0.75,0.75,0.75,void Kokkos::Impl::cuda_parallel_launch_local_memory<Kokkos::Impl::ParallelFor<p...
gh200,sm90,other,,40,0,0,no,0.75,0.75,0.75,void Kokkos::Impl::cuda_parallel_launch_local_memory<Kokkos::Impl::ParallelFor<p...
gh200,sm90,other,,40,0,0,no,0.75,0.75,0.75,void Kokkos::Impl::cuda_parallel_launch_local_memory<Kokkos::Impl::ParallelFor<K...
gh200,sm90,other,,40,0,0,no,0.75,0.75,0.75,void Kokkos::Impl::cuda_parallel_launch_local_memory<Kokkos::Impl::ParallelFor<K...
gh200,sm90,other,,40,0,0,no,0.75,0.75,0.75,void Kokkos::Impl::cuda_parallel_launch_constant_memory<Kokkos::Impl::ParallelFo...
gh200,sm90,other,,40,1024,0,no,0.75,0.75,0.75,void Kokkos::Impl::cuda_parallel_launch_local_memory<Kokkos::Impl::ParallelFor<K...
gh200,sm90,other,,40,0,0,no,0.75,0.75,0.75,void Kokkos::Impl::cuda_parallel_launch_local_memory<Kokkos::Impl::ParallelFor<K...
gh200,sm90,other,,40,0,0,no,0.75,0.75,0.75,void Kokkos::Impl::cuda_parallel_launch_local_memory<Kokkos::Impl::ParallelFor<K...
gh200,sm90,other,,40,0,0,no,0.75,0.75,0.75,void Kokkos::Impl::cuda_parallel_launch_local_memory<Kokkos::Impl::ParallelFor<p...
gh200,sm90,other,,40,0,0,no,0.75,0.75,0.75,void Kokkos::Impl::cuda_parallel_launch_local_memory<Kokkos::Impl::ParallelFor<K...
gh200,sm90,other,,40,0,0,no,0.75,0.75,0.75,void Kokkos::Impl::cuda_parallel_launch_local_memory<Kokkos::Impl::ParallelFor<K...
gh200,sm90,other,,40,0,0,no,0.75,0.75,0.75,void Kokkos::Impl::cuda_parallel_launch_local_memory<Kokkos::Impl::ParallelFor<K...
gh200,sm90,other,,40,0,0,no,0.75,0.75,0.75,void Kokkos::Impl::cuda_parallel_launch_local_memory<Kokkos::Impl::ParallelFor<K...
gh200,sm90,other,,40,0,0,no,0.75,0.75,0.75,void Kokkos::Impl::cuda_parallel_launch_local_memory<Kokkos::Impl::ParallelFor<K...
gh200,sm90,other,,40,0,0,no,0.75,0.75,0.75,void Kokkos::Impl::cuda_parallel_launch_local_memory<Kokkos::Impl::ParallelFor<K...
gh200,sm90,other,,40,1024,0,no,0.75,0.75,0.75,void Kokkos::Impl::cuda_parallel_launch_local_memory<Kokkos::Impl::ParallelFor<K...
gh200,sm90,other,,40,1024,0,no,0.75,0.75,0.75,void Kokkos::Impl::cuda_parallel_launch_local_memory<Kokkos::Impl::ParallelFor<K...
gh200,sm90,other,,40,1024,0,no,0.75,0.75,0.75,void Kokkos::Impl::cuda_parallel_launch_local_memory<Kokkos::Impl::ParallelFor<K...
gh200,sm90,other,,40,1024,0,no,0.75,0.75,0.75,void Kokkos::Impl::cuda_parallel_launch_local_memory<Kokkos::Impl::ParallelFor<K...
gh200,sm90,other,,40,1024,0,no,0.75,0.75,0.75,void Kokkos::Impl::cuda_parallel_launch_local_memory<Kokkos::Impl::ParallelFor<K...
gh200,sm90,other,,40,1024,0,no,0.75,0.75,0.75,void Kokkos::Impl::cuda_parallel_launch_local_memory<Kokkos::Impl::ParallelFor<K...
gh200,sm90,other,,40,0,0,no,0.75,0.75,0.75,void Kokkos::Impl::cuda_parallel_launch_local_memory<Kokkos::Impl::ParallelFor<p...
gh200,sm90,other,,40,0,0,no,0.75,0.75,0.75,void Kokkos::Impl::cuda_parallel_launch_local_memory<Kokkos::Impl::ParallelFor<p...
gh200,sm90,other,,40,0,408,yes,0.75,0.75,0.75,void Kokkos::Impl::cuda_parallel_launch_local_memory<Kokkos::Impl::ParallelFor<p...
gh200,sm90,other,,40,1024,0,no,0.75,0.75,0.75,void Kokkos::Impl::cuda_parallel_launch_local_memory<Kokkos::Impl::ParallelReduc...
gh200,sm90,other,,40,0,0,no,0.75,0.75,0.75,void Kokkos::Impl::cuda_parallel_launch_local_memory<Kokkos::Impl::ParallelFor<K...
gh200,sm90,other,,40,0,0,no,0.75,0.75,0.75,void Kokkos::Impl::cuda_parallel_launch_local_memory<Kokkos::Impl::ParallelFor<K...
gh200,sm90,other,,40,0,0,no,0.75,0.75,0.75,void Kokkos::Impl::cuda_parallel_launch_local_memory<Kokkos::Impl::ParallelFor<p...
gh200,sm90,other,,40,0,0,no,0.75,0.75,0.75,void Kokkos::Impl::cuda_parallel_launch_constant_memory<Kokkos::Impl::ParallelFo...
gh200,sm90,other,,40,0,0,no,0.75,0.75,0.75,void Kokkos::Impl::cuda_parallel_launch_constant_memory<Kokkos::Impl::ParallelFo...
gh200,sm90,other,,40,0,0,no,0.75,0.75,0.75,void Kokkos::Impl::cuda_parallel_launch_constant_memory<Kokkos::Impl::ParallelFo...
gh200,sm90,other,,39,0,0,no,0.75,0.75,0.75,void Kokkos::Impl::cuda_parallel_launch_local_memory<Kokkos::Impl::ParallelFor<p...
gh200,sm90,other,,39,1024,0,no,0.75,0.75,0.75,void Kokkos::Impl::cuda_parallel_launch_local_memory<Kokkos::Impl::ParallelFor<p...
gh200,sm90,other,,39,1024,0,no,0.75,0.75,0.75,void Kokkos::Impl::cuda_parallel_launch_constant_memory<Kokkos::Impl::ParallelFo...
gh200,sm90,other,,39,0,0,no,0.75,0.75,0.75,void Kokkos::Impl::cuda_parallel_launch_local_memory<Kokkos::Impl::ParallelFor<p...
gh200,sm90,other,,39,0,0,no,0.75,0.75,0.75,void Kokkos::Impl::cuda_parallel_launch_local_memory<Kokkos::Impl::ParallelFor<p...
gh200,sm90,other,,39,1024,40,yes,0.75,0.75,0.75,void Kokkos::Impl::cuda_parallel_launch_local_memory<Kokkos::Impl::ParallelFor<p...
gh200,sm90,other,,39,1024,40,yes,0.75,0.75,0.75,void Kokkos::Impl::cuda_parallel_launch_local_memory<Kokkos::Impl::ParallelFor<p...
gh200,sm90,other,,39,1024,40,yes,0.75,0.75,0.75,void Kokkos::Impl::cuda_parallel_launch_local_memory<Kokkos::Impl::ParallelFor<p...
gh200,sm90,other,,39,1024,40,yes,0.75,0.75,0.75,void Kokkos::Impl::cuda_parallel_launch_local_memory<Kokkos::Impl::ParallelFor<p...
gh200,sm90,other,,38,1032,0,no,0.75,0.75,0.75,void Kokkos::Impl::cuda_parallel_launch_global_memory<Kokkos::Impl::ParallelFor<...
gh200,sm90,other,,38,0,0,no,0.75,0.75,0.75,void Kokkos::Impl::cuda_parallel_launch_local_memory<Kokkos::Impl::ParallelFor<p...
gh200,sm90,other,,38,0,0,no,0.75,0.75,0.75,void Kokkos::Impl::cuda_parallel_launch_local_memory<Kokkos::Impl::ParallelFor<p...
gh200,sm90,other,,38,0,0,no,0.75,0.75,0.75,void Kokkos::Impl::cuda_parallel_launch_local_memory<Kokkos::Impl::ParallelFor<p...
gh200,sm90,other,,38,1024,0,no,0.75,0.75,0.75,void Kokkos::Impl::cuda_parallel_launch_local_memory<Kokkos::Impl::ParallelFor<p...
gh200,sm90,other,,38,1064,0,no,0.75,0.75,0.75,void Kokkos::Impl::cuda_parallel_launch_local_memory<Kokkos::Impl::ParallelFor<p...
gh200,sm90,other,,38,0,0,no,0.75,0.75,0.75,void Kokkos::Impl::cuda_parallel_launch_constant_memory<Kokkos::Impl::ParallelFo...
gh200,sm90,other,,38,0,0,no,0.75,0.75,0.75,void Kokkos::Impl::cuda_parallel_launch_local_memory<Kokkos::Impl::ParallelFor<K...
gh200,sm90,other,,38,1024,40,yes,0.75,0.75,0.75,void Kokkos::Impl::cuda_parallel_launch_local_memory<Kokkos::Impl::ParallelFor<p...
gh200,sm90,other,,38,0,0,no,0.75,0.75,0.75,void Kokkos::Impl::cuda_parallel_launch_local_memory<Kokkos::Impl::ParallelFor<p...
gh200,sm90,other,,38,1024,0,no,0.75,0.75,0.75,void Kokkos::Impl::cuda_parallel_launch_local_memory<Kokkos::Impl::ParallelReduc...
gh200,sm90,other,,38,1024,0,no,0.75,0.75,0.75,void Kokkos::Impl::cuda_parallel_launch_local_memory<Kokkos::Impl::ParallelReduc...
gh200,sm90,other,,38,1040,0,no,0.75,0.75,0.75,void Kokkos::Impl::cuda_parallel_launch_constant_memory<Kokkos::Impl::ParallelFo...
gh200,sm90,other,,38,1024,0,no,0.75,0.75,0.75,void Kokkos::Impl::cuda_parallel_launch_local_memory<Kokkos::Impl::ParallelReduc...
gh200,sm90,other,,38,1024,0,no,0.75,0.75,0.75,void Kokkos::Impl::cuda_parallel_launch_local_memory<Kokkos::Impl::ParallelReduc...
gh200,sm90,other,,38,1024,40,yes,0.75,0.75,0.75,void Kokkos::Impl::cuda_parallel_launch_local_memory<Kokkos::Impl::ParallelFor<p...
gh200,sm90,other,,38,1024,40,yes,0.75,0.75,0.75,void Kokkos::Impl::cuda_parallel_launch_local_memory<Kokkos::Impl::ParallelFor<p...
gh200,sm90,other,,38,1024,40,yes,0.75,0.75,0.75,void Kokkos::Impl::cuda_parallel_launch_local_memory<Kokkos::Impl::ParallelFor<p...
gh200,sm90,other,,37,1024,0,no,0.75,0.75,0.75,void Kokkos::Impl::cuda_parallel_launch_local_memory<Kokkos::Impl::ParallelFor<p...
gh200,sm90,other,,37,1024,0,no,0.75,0.75,0.75,void Kokkos::Impl::cuda_parallel_launch_local_memory<Kokkos::Impl::ParallelReduc...
gh200,sm90,other,,37,0,0,no,0.75,0.75,0.75,void Kokkos::Impl::cuda_parallel_launch_local_memory<Kokkos::Impl::ParallelFor<p...
gh200,sm90,other,,37,0,0,no,0.75,0.75,0.75,void Kokkos::Impl::cuda_parallel_launch_local_memory<Kokkos::Impl::ParallelFor<p...
gh200,sm90,other,,37,0,0,no,0.75,0.75,0.75,void Kokkos::Impl::cuda_parallel_launch_local_memory<Kokkos::Impl::ParallelFor<p...
gh200,sm90,other,,37,0,40,yes,0.75,0.75,0.75,void Kokkos::Impl::cuda_parallel_launch_constant_memory<Kokkos::Impl::ParallelFo...
gh200,sm90,other,,37,0,0,no,0.75,0.75,0.75,void Kokkos::Impl::cuda_parallel_launch_constant_memory<Kokkos::Impl::ParallelFo...
gh200,sm90,other,,36,1032,0,no,0.75,0.75,0.75,void Kokkos::Impl::cuda_parallel_launch_constant_memory<Kokkos::Impl::ParallelFo...
gh200,sm90,other,,36,0,0,no,0.75,0.75,0.75,void Kokkos::Impl::cuda_parallel_launch_local_memory<Kokkos::Impl::ParallelFor<p...
gh200,sm90,other,,36,0,0,no,0.75,0.75,0.75,void Kokkos::Impl::cuda_parallel_launch_local_memory<Kokkos::Impl::ParallelFor<p...
gh200,sm90,other,,36,1024,0,no,0.75,0.75,0.75,void Kokkos::Impl::cuda_parallel_launch_local_memory<Kokkos::Impl::ParallelFor<p...
gh200,sm90,other,,36,1024,0,no,0.75,0.75,0.75,void Kokkos::Impl::cuda_parallel_launch_local_memory<Kokkos::Impl::ParallelFor<p...
gh200,sm90,other,,36,1024,0,no,0.75,0.75,0.75,void Kokkos::Impl::cuda_parallel_launch_local_memory<Kokkos::Impl::ParallelFor<p...
gh200,sm90,other,,36,0,40,yes,0.75,0.75,0.75,void Kokkos::Impl::cuda_parallel_launch_constant_memory<Kokkos::Impl::ParallelFo...
gh200,sm90,other,,36,1024,0,no,0.75,0.75,0.75,void Kokkos::Impl::cuda_parallel_launch_local_memory<Kokkos::Impl::ParallelReduc...
gh200,sm90,other,,36,1024,0,no,0.75,0.75,0.75,void Kokkos::Impl::cuda_parallel_launch_local_memory<Kokkos::Impl::ParallelFor<p...
gh200,sm90,other,,34,1024,0,no,0.75,0.75,0.75,void Kokkos::Impl::cuda_parallel_launch_local_memory<Kokkos::Impl::ParallelFor<K...
gh200,sm90,other,,34,1064,0,no,0.75,0.75,0.75,void Kokkos::Impl::cuda_parallel_launch_local_memory<Kokkos::Impl::ParallelFor<p...
gh200,sm90,other,,34,0,0,no,0.75,0.75,0.75,void Kokkos::Impl::cuda_parallel_launch_local_memory<Kokkos::Impl::ParallelFor<K...
gh200,sm90,other,,34,0,0,no,0.75,0.75,0.75,void Kokkos::Impl::cuda_parallel_launch_local_memory<Kokkos::Impl::ParallelFor<p...
gh200,sm90,other,,34,0,0,no,0.75,0.75,0.75,void Kokkos::Impl::cuda_parallel_launch_local_memory<Kokkos::Impl::ParallelFor<p...
gh200,sm90,other,,34,0,0,no,0.75,0.75,0.75,void Kokkos::Impl::cuda_parallel_launch_local_memory<Kokkos::Impl::ParallelFor<p...
gh200,sm90,other,,34,1024,0,no,0.75,0.75,0.75,void Kokkos::Impl::cuda_parallel_launch_local_memory<Kokkos::Impl::ParallelFor<p...
gh200,sm90,other,,34,1024,0,no,0.75,0.75,0.75,void Kokkos::Impl::cuda_parallel_launch_local_memory<Kokkos::Impl::ParallelFor<p...
gh200,sm90,other,,34,0,0,no,0.75,0.75,0.75,void Kokkos::Impl::cuda_parallel_launch_local_memory<Kokkos::Impl::ParallelFor<p...
gh200,sm90,other,,32,0,0,no,1.0,1.0,1.0,void Kokkos::Impl::cuda_parallel_launch_local_memory<Kokkos::Impl::ParallelFor<p...
gh200,sm90,other,,32,0,0,no,1.0,1.0,1.0,void Kokkos::Impl::cuda_parallel_launch_local_memory<Kokkos::Impl::ParallelFor<p...
gh200,sm90,other,,32,1032,0,no,1.0,1.0,1.0,void Kokkos::Impl::cuda_parallel_launch_constant_memory<Kokkos::Impl::ParallelFo...
gh200,sm90,other,,32,0,0,no,1.0,1.0,1.0,void Kokkos::Impl::cuda_parallel_launch_local_memory<Kokkos::Impl::ParallelFor<p...
gh200,sm90,other,,32,0,0,no,1.0,1.0,1.0,void Kokkos::Impl::cuda_parallel_launch_local_memory<Kokkos::Impl::ParallelFor<p...
gh200,sm90,other,,32,0,0,no,1.0,1.0,1.0,void Kokkos::Impl::cuda_parallel_launch_local_memory<Kokkos::Impl::ParallelFor<p...
gh200,sm90,other,,32,0,0,no,1.0,1.0,1.0,void Kokkos::Impl::cuda_parallel_launch_local_memory<Kokkos::Impl::ParallelFor<p...
gh200,sm90,other,,32,0,0,no,1.0,1.0,1.0,void Kokkos::Impl::cuda_parallel_launch_local_memory<Kokkos::Impl::ParallelFor<p...
gh200,sm90,other,,32,0,0,no,1.0,1.0,1.0,void Kokkos::Impl::cuda_parallel_launch_local_memory<Kokkos::Impl::ParallelFor<p...
gh200,sm90,other,,32,0,0,no,1.0,1.0,1.0,void Kokkos::Impl::cuda_parallel_launch_local_memory<Kokkos::Impl::ParallelFor<p...
gh200,sm90,other,,32,0,0,no,1.0,1.0,1.0,void Kokkos::Impl::cuda_parallel_launch_local_memory<Kokkos::Impl::ParallelFor<p...
gh200,sm90,other,,32,0,0,no,1.0,1.0,1.0,void Kokkos::Impl::cuda_parallel_launch_local_memory<Kokkos::Impl::ParallelFor<K...
gh200,sm90,other,,32,0,0,no,1.0,1.0,1.0,void Kokkos::Impl::cuda_parallel_launch_local_memory<Kokkos::Impl::ParallelFor<K...
gh200,sm90,other,,32,0,0,no,1.0,1.0,1.0,void Kokkos::Impl::cuda_parallel_launch_local_memory<Kokkos::Impl::ParallelFor<K...
gh200,sm90,other,,32,0,0,no,1.0,1.0,1.0,void Kokkos::Impl::cuda_parallel_launch_constant_memory<Kokkos::Impl::ParallelFo...
gh200,sm90,other,,32,1024,0,no,1.0,1.0,1.0,void Kokkos::Impl::cuda_parallel_launch_local_memory<Kokkos::Impl::ParallelFor<K...
gh200,sm90,other,,32,1024,0,no,1.0,1.0,1.0,void Kokkos::Impl::cuda_parallel_launch_local_memory<Kokkos::Impl::ParallelFor<K...
gh200,sm90,other,,32,1024,0,no,1.0,1.0,1.0,void Kokkos::Impl::cuda_parallel_launch_local_memory<Kokkos::Impl::ParallelFor<K...
gh200,sm90,other,,32,1024,0,no,1.0,1.0,1.0,void Kokkos::Impl::cuda_parallel_launch_local_memory<Kokkos::Impl::ParallelFor<K...
gh200,sm90,other,,32,0,0,no,1.0,1.0,1.0,void Kokkos::Impl::cuda_parallel_launch_local_memory<Kokkos::Impl::ParallelFor<K...
gh200,sm90,other,,32,0,0,no,1.0,1.0,1.0,void Kokkos::Impl::cuda_parallel_launch_local_memory<Kokkos::Impl::ParallelFor<K...
gh200,sm90,other,,32,0,0,no,1.0,1.0,1.0,void Kokkos::Impl::cuda_parallel_launch_local_memory<Kokkos::Impl::ParallelFor<K...
gh200,sm90,other,,32,0,0,no,1.0,1.0,1.0,void Kokkos::Impl::cuda_parallel_launch_local_memory<Kokkos::Impl::ParallelFor<K...
gh200,sm90,other,,32,0,0,no,1.0,1.0,1.0,void Kokkos::Impl::cuda_parallel_launch_local_memory<Kokkos::Impl::ParallelFor<K...
gh200,sm90,other,,32,0,0,no,1.0,1.0,1.0,void Kokkos::Impl::cuda_parallel_launch_local_memory<Kokkos::Impl::ParallelFor<K...
gh200,sm90,other,,32,0,0,no,1.0,1.0,1.0,void Kokkos::Impl::cuda_parallel_launch_local_memory<Kokkos::Impl::ParallelFor<K...
gh200,sm90,other,,32,0,0,no,1.0,1.0,1.0,void Kokkos::Impl::cuda_parallel_launch_local_memory<Kokkos::Impl::ParallelFor<K...
gh200,sm90,other,,32,0,0,no,1.0,1.0,1.0,void Kokkos::Impl::cuda_parallel_launch_local_memory<Kokkos::Impl::ParallelFor<K...
gh200,sm90,other,,32,0,0,no,1.0,1.0,1.0,void Kokkos::Impl::cuda_parallel_launch_local_memory<Kokkos::Impl::ParallelFor<K...
gh200,sm90,other,,32,0,0,no,1.0,1.0,1.0,void Kokkos::Impl::cuda_parallel_launch_local_memory<Kokkos::Impl::ParallelFor<K...
gh200,sm90,other,,32,0,0,no,1.0,1.0,1.0,void Kokkos::Impl::cuda_parallel_launch_local_memory<Kokkos::Impl::ParallelFor<K...
gh200,sm90,other,,32,1032,0,no,1.0,1.0,1.0,void Kokkos::Impl::cuda_parallel_launch_local_memory<Kokkos::Impl::ParallelFor<M...
gh200,sm90,other,,32,1032,0,no,1.0,1.0,1.0,void Kokkos::Impl::cuda_parallel_launch_local_memory<Kokkos::Impl::ParallelFor<M...
gh200,sm90,other,,32,1032,0,no,1.0,1.0,1.0,void Kokkos::Impl::cuda_parallel_launch_local_memory<Kokkos::Impl::ParallelFor<M...
gh200,sm90,other,,32,0,0,no,1.0,1.0,1.0,void Kokkos::Impl::cuda_parallel_launch_local_memory<Kokkos::Impl::ParallelFor<K...
gh200,sm90,other,,32,0,0,no,1.0,1.0,1.0,void Kokkos::Impl::cuda_parallel_launch_local_memory<Kokkos::Impl::ParallelFor<K...
gh200,sm90,other,,32,0,0,no,1.0,1.0,1.0,void Kokkos::Impl::cuda_parallel_launch_local_memory<Kokkos::Impl::ParallelFor<K...
gh200,sm90,other,,32,0,0,no,1.0,1.0,1.0,void Kokkos::Impl::cuda_parallel_launch_local_memory<Kokkos::Impl::ParallelFor<K...
gh200,sm90,other,,32,0,0,no,1.0,1.0,1.0,void Kokkos::Impl::cuda_parallel_launch_local_memory<Kokkos::Impl::ParallelFor<K...
gh200,sm90,other,,32,0,0,no,1.0,1.0,1.0,void Kokkos::Impl::cuda_parallel_launch_local_memory<Kokkos::Impl::ParallelFor<K...
gh200,sm90,other,,32,0,0,no,1.0,1.0,1.0,void Kokkos::Impl::cuda_parallel_launch_local_memory<Kokkos::Impl::ParallelFor<K...
gh200,sm90,other,,32,0,0,no,1.0,1.0,1.0,void Kokkos::Impl::cuda_parallel_launch_local_memory<Kokkos::Impl::ParallelFor<K...
gh200,sm90,other,,32,0,0,no,1.0,1.0,1.0,void Kokkos::Impl::cuda_parallel_launch_local_memory<Kokkos::Impl::ParallelFor<K...
gh200,sm90,other,,32,0,0,no,1.0,1.0,1.0,void Kokkos::Impl::cuda_parallel_launch_local_memory<Kokkos::Impl::ParallelFor<K...
gh200,sm90,other,,32,0,0,no,1.0,1.0,1.0,void Kokkos::Impl::cuda_parallel_launch_local_memory<Kokkos::Impl::ParallelFor<K...
gh200,sm90,other,,32,0,0,no,1.0,1.0,1.0,void Kokkos::Impl::cuda_parallel_launch_local_memory<Kokkos::Impl::ParallelFor<K...
gh200,sm90,other,,32,0,0,no,1.0,1.0,1.0,void Kokkos::Impl::cuda_parallel_launch_local_memory<Kokkos::Impl::ParallelFor<p...
gh200,sm90,other,,32,0,0,no,1.0,1.0,1.0,void Kokkos::Impl::cuda_parallel_launch_local_memory<Kokkos::Impl::ParallelFor<p...
gh200,sm90,other,,32,0,0,no,1.0,1.0,1.0,void Kokkos::Impl::cuda_parallel_launch_local_memory<Kokkos::Impl::ParallelFor<p...
gh200,sm90,other,,32,0,0,no,1.0,1.0,1.0,void Kokkos::Impl::cuda_parallel_launch_local_memory<Kokkos::Impl::ParallelFor<K...
gh200,sm90,other,,32,0,0,no,1.0,1.0,1.0,void Kokkos::Impl::cuda_parallel_launch_local_memory<Kokkos::Impl::ParallelFor<K...
gh200,sm90,other,,32,0,0,no,1.0,1.0,1.0,void Kokkos::Impl::cuda_parallel_launch_local_memory<Kokkos::Impl::ParallelFor<K...
gh200,sm90,other,,32,0,0,no,1.0,1.0,1.0,void Kokkos::Impl::cuda_parallel_launch_local_memory<Kokkos::Impl::ParallelFor<K...
gh200,sm90,other,,32,0,0,no,1.0,1.0,1.0,void Kokkos::Impl::cuda_parallel_launch_local_memory<Kokkos::Impl::ParallelFor<K...
gh200,sm90,other,,32,0,0,no,1.0,1.0,1.0,void Kokkos::Impl::cuda_parallel_launch_local_memory<Kokkos::Impl::ParallelFor<K...
gh200,sm90,other,,32,0,0,no,1.0,1.0,1.0,void Kokkos::Impl::cuda_parallel_launch_local_memory<Kokkos::Impl::ParallelFor<K...
gh200,sm90,other,,32,0,0,no,1.0,1.0,1.0,void Kokkos::Impl::cuda_parallel_launch_local_memory<Kokkos::Impl::ParallelFor<K...
gh200,sm90,other,,32,0,0,no,1.0,1.0,1.0,void Kokkos::Impl::cuda_parallel_launch_local_memory<Kokkos::Impl::ParallelFor<K...
gh200,sm90,other,,32,0,0,no,1.0,1.0,1.0,void Kokkos::Impl::cuda_parallel_launch_local_memory<Kokkos::Impl::ParallelFor<K...
gh200,sm90,other,,32,0,0,no,1.0,1.0,1.0,void Kokkos::Impl::cuda_parallel_launch_local_memory<Kokkos::Impl::ParallelFor<K...
gh200,sm90,other,,32,0,0,no,1.0,1.0,1.0,void Kokkos::Impl::cuda_parallel_launch_local_memory<Kokkos::Impl::ParallelFor<p...
gh200,sm90,other,,32,0,0,no,1.0,1.0,1.0,void Kokkos::Impl::cuda_parallel_launch_constant_memory<Kokkos::Impl::ParallelFo...
gh200,sm90,other,,32,0,0,no,1.0,1.0,1.0,void Kokkos::Impl::cuda_parallel_launch_local_memory<Kokkos::Impl::ParallelFor<K...
gh200,sm90,other,,32,0,0,no,1.0,1.0,1.0,void Kokkos::Impl::cuda_parallel_launch_local_memory<Kokkos::Impl::ParallelFor<K...
gh200,sm90,other,,32,0,0,no,1.0,1.0,1.0,void Kokkos::Impl::cuda_parallel_launch_local_memory<Kokkos::Impl::ParallelFor<K...
gh200,sm90,other,,32,0,0,no,1.0,1.0,1.0,void Kokkos::Impl::cuda_parallel_launch_local_memory<Kokkos::Impl::ParallelFor<K...
gh200,sm90,other,,32,0,0,no,1.0,1.0,1.0,void Kokkos::Impl::cuda_parallel_launch_local_memory<Kokkos::Impl::ParallelFor<p...
gh200,sm90,other,,32,0,0,no,1.0,1.0,1.0,void Kokkos::Impl::cuda_parallel_launch_local_memory<Kokkos::Impl::ParallelFor<p...
gh200,sm90,other,,32,0,0,no,1.0,1.0,1.0,void Kokkos::Impl::cuda_parallel_launch_local_memory<Kokkos::Impl::ParallelFor<p...
gh200,sm90,other,,32,0,0,no,1.0,1.0,1.0,void Kokkos::Impl::cuda_parallel_launch_local_memory<Kokkos::Impl::ParallelFor<K...
gh200,sm90,other,,32,0,0,no,1.0,1.0,1.0,void Kokkos::Impl::cuda_parallel_launch_local_memory<Kokkos::Impl::ParallelFor<K...
gh200,sm90,other,,32,0,0,no,1.0,1.0,1.0,void Kokkos::Impl::cuda_parallel_launch_local_memory<Kokkos::Impl::ParallelFor<K...
gh200,sm90,other,,32,0,0,no,1.0,1.0,1.0,void Kokkos::Impl::cuda_parallel_launch_local_memory<Kokkos::Impl::ParallelFor<C...
gh200,sm90,other,,32,0,0,no,1.0,1.0,1.0,void Kokkos::Impl::cuda_parallel_launch_local_memory<Kokkos::Impl::ParallelFor<K...
gh200,sm90,other,,32,0,0,no,1.0,1.0,1.0,void Kokkos::Impl::cuda_parallel_launch_local_memory<Kokkos::Impl::ParallelFor<p...
gh200,sm90,other,,32,0,0,no,1.0,1.0,1.0,void Kokkos::Impl::cuda_parallel_launch_local_memory<Kokkos::Impl::ParallelFor<K...
gh200,sm90,other,,32,1024,0,no,1.0,1.0,1.0,void Kokkos::Impl::cuda_parallel_launch_local_memory<Kokkos::Impl::ParallelFor<K...
gh200,sm90,other,,32,0,0,no,1.0,1.0,1.0,void Kokkos::Impl::cuda_parallel_launch_constant_memory<Kokkos::Impl::ParallelFo...
gh200,sm90,other,,32,0,0,no,1.0,1.0,1.0,void Kokkos::Impl::cuda_parallel_launch_local_memory<Kokkos::Impl::ParallelFor<K...
gh200,sm90,other,,32,0,0,no,1.0,1.0,1.0,void Kokkos::Impl::cuda_parallel_launch_local_memory<Kokkos::Impl::ParallelFor<p...
gh200,sm90,other,,32,0,0,no,1.0,1.0,1.0,void Kokkos::Impl::cuda_parallel_launch_local_memory<Kokkos::Impl::ParallelFor<p...
gh200,sm90,other,,32,0,0,no,1.0,1.0,1.0,void Kokkos::Impl::cuda_parallel_launch_local_memory<Kokkos::Impl::ParallelFor<p...
gh200,sm90,other,,32,0,0,no,1.0,1.0,1.0,void Kokkos::Impl::cuda_parallel_launch_local_memory<Kokkos::Impl::ParallelFor<p...
gh200,sm90,other,,32,0,0,no,1.0,1.0,1.0,void Kokkos::Impl::cuda_parallel_launch_local_memory<Kokkos::Impl::ParallelFor<K...
gh200,sm90,other,,32,0,0,no,1.0,1.0,1.0,void Kokkos::Impl::cuda_parallel_launch_local_memory<Kokkos::Impl::ParallelFor<p...
gh200,sm90,other,,32,0,0,no,1.0,1.0,1.0,void Kokkos::Impl::cuda_parallel_launch_local_memory<Kokkos::Impl::ParallelFor<K...
gh200,sm90,other,,32,0,0,no,1.0,1.0,1.0,void Kokkos::Impl::cuda_parallel_launch_local_memory<Kokkos::Impl::ParallelFor<p...
gh200,sm90,other,,32,1024,0,no,1.0,1.0,1.0,void Kokkos::Impl::cuda_parallel_launch_local_memory<Kokkos::Impl::ParallelFor<K...
gh200,sm90,other,,32,1024,0,no,1.0,1.0,1.0,void Kokkos::Impl::cuda_parallel_launch_local_memory<Kokkos::Impl::ParallelFor<p...
gh200,sm90,other,,32,0,0,no,1.0,1.0,1.0,void Kokkos::Impl::cuda_parallel_launch_local_memory<Kokkos::Impl::ParallelFor<p...
gh200,sm90,other,,32,0,0,no,1.0,1.0,1.0,void Kokkos::Impl::cuda_parallel_launch_local_memory<Kokkos::Impl::ParallelFor<K...
gh200,sm90,other,,32,0,0,no,1.0,1.0,1.0,void Kokkos::Impl::cuda_parallel_launch_local_memory<Kokkos::Impl::ParallelFor<p...
gh200,sm90,other,,32,0,0,no,1.0,1.0,1.0,void Kokkos::Impl::cuda_parallel_launch_local_memory<Kokkos::Impl::ParallelFor<K...
gh200,sm90,other,,32,0,0,no,1.0,1.0,1.0,void Kokkos::Impl::cuda_parallel_launch_local_memory<Kokkos::Impl::ParallelFor<K...
gh200,sm90,other,,32,0,0,no,1.0,1.0,1.0,void Kokkos::Impl::cuda_parallel_launch_local_memory<Kokkos::Impl::ParallelFor<K...
gh200,sm90,other,,32,0,0,no,1.0,1.0,1.0,void Kokkos::Impl::cuda_parallel_launch_local_memory<Kokkos::Impl::ParallelFor<p...
gh200,sm90,other,,32,0,0,no,1.0,1.0,1.0,void Kokkos::Impl::cuda_parallel_launch_local_memory<Kokkos::Impl::ParallelFor<K...
gh200,sm90,other,,32,0,0,no,1.0,1.0,1.0,void Kokkos::Impl::cuda_parallel_launch_local_memory<Kokkos::Impl::ParallelFor<K...
gh200,sm90,other,,32,0,0,no,1.0,1.0,1.0,void Kokkos::Impl::cuda_parallel_launch_local_memory<Kokkos::Impl::ParallelFor<K...
gh200,sm90,other,,32,0,0,no,1.0,1.0,1.0,void Kokkos::Impl::cuda_parallel_launch_local_memory<Kokkos::Impl::ParallelFor<K...
gh200,sm90,other,,32,0,0,no,1.0,1.0,1.0,void Kokkos::Impl::cuda_parallel_launch_local_memory<Kokkos::Impl::ParallelFor<K...
gh200,sm90,other,,32,0,0,no,1.0,1.0,1.0,void Kokkos::Impl::cuda_parallel_launch_local_memory<Kokkos::Impl::ParallelFor<p...
gh200,sm90,other,,32,0,0,no,1.0,1.0,1.0,void Kokkos::Impl::cuda_parallel_launch_local_memory<Kokkos::Impl::ParallelFor<K...
gh200,sm90,other,,32,0,0,no,1.0,1.0,1.0,void Kokkos::Impl::cuda_parallel_launch_local_memory<Kokkos::Impl::ParallelFor<K...
gh200,sm90,other,,32,0,0,no,1.0,1.0,1.0,void Kokkos::Impl::cuda_parallel_launch_local_memory<Kokkos::Impl::ParallelFor<K...
gh200,sm90,other,,32,0,0,no,1.0,1.0,1.0,void Kokkos::Impl::cuda_parallel_launch_local_memory<Kokkos::Impl::ParallelFor<K...
gh200,sm90,other,,32,0,0,no,1.0,1.0,1.0,void Kokkos::Impl::cuda_parallel_launch_local_memory<Kokkos::Impl::ParallelFor<K...
gh200,sm90,other,,32,0,0,no,1.0,1.0,1.0,void Kokkos::Impl::cuda_parallel_launch_local_memory<Kokkos::Impl::ParallelFor<K...
gh200,sm90,other,,32,0,0,no,1.0,1.0,1.0,void Kokkos::Impl::cuda_parallel_launch_local_memory<Kokkos::Impl::ParallelFor<K...
gh200,sm90,other,,32,0,0,no,1.0,1.0,1.0,void Kokkos::Impl::cuda_parallel_launch_local_memory<Kokkos::Impl::ParallelFor<K...
gh200,sm90,other,,32,0,0,no,1.0,1.0,1.0,void Kokkos::Impl::cuda_parallel_launch_local_memory<Kokkos::Impl::ParallelFor<K...
gh200,sm90,other,,32,0,0,no,1.0,1.0,1.0,void Kokkos::Impl::cuda_parallel_launch_local_memory<Kokkos::Impl::ParallelFor<K...
gh200,sm90,other,,32,0,0,no,1.0,1.0,1.0,void Kokkos::Impl::cuda_parallel_launch_local_memory<Kokkos::Impl::ParallelFor<K...
gh200,sm90,other,,32,1024,0,no,1.0,1.0,1.0,void Kokkos::Impl::cuda_parallel_launch_local_memory<Kokkos::Impl::ParallelFor<K...
gh200,sm90,other,,32,1024,0,no,1.0,1.0,1.0,void Kokkos::Impl::cuda_parallel_launch_local_memory<Kokkos::Impl::ParallelFor<K...
gh200,sm90,other,,32,1024,0,no,1.0,1.0,1.0,void Kokkos::Impl::cuda_parallel_launch_local_memory<Kokkos::Impl::ParallelFor<K...
gh200,sm90,other,,32,1024,0,no,1.0,1.0,1.0,void Kokkos::Impl::cuda_parallel_launch_local_memory<Kokkos::Impl::ParallelFor<K...
gh200,sm90,other,,32,1024,0,no,1.0,1.0,1.0,void Kokkos::Impl::cuda_parallel_launch_local_memory<Kokkos::Impl::ParallelFor<p...
gh200,sm90,other,,32,1024,0,no,1.0,1.0,1.0,void Kokkos::Impl::cuda_parallel_launch_local_memory<Kokkos::Impl::ParallelFor<p...
gh200,sm90,other,,32,1024,0,no,1.0,1.0,1.0,void Kokkos::Impl::cuda_parallel_launch_local_memory<Kokkos::Impl::ParallelFor<p...
gh200,sm90,other,,32,1024,0,no,1.0,1.0,1.0,void Kokkos::Impl::cuda_parallel_launch_local_memory<Kokkos::Impl::ParallelFor<K...
gh200,sm90,other,,32,1024,0,no,1.0,1.0,1.0,void Kokkos::Impl::cuda_parallel_launch_local_memory<Kokkos::Impl::ParallelFor<K...
gh200,sm90,other,,32,1024,0,no,1.0,1.0,1.0,void Kokkos::Impl::cuda_parallel_launch_local_memory<Kokkos::Impl::ParallelFor<K...
gh200,sm90,other,,32,1024,0,no,1.0,1.0,1.0,void Kokkos::Impl::cuda_parallel_launch_local_memory<Kokkos::Impl::ParallelFor<K...
gh200,sm90,other,,32,1024,0,no,1.0,1.0,1.0,void Kokkos::Impl::cuda_parallel_launch_local_memory<Kokkos::Impl::ParallelFor<K...
gh200,sm90,other,,32,1024,0,no,1.0,1.0,1.0,void Kokkos::Impl::cuda_parallel_launch_local_memory<Kokkos::Impl::ParallelFor<K...
gh200,sm90,other,,32,1024,0,no,1.0,1.0,1.0,void Kokkos::Impl::cuda_parallel_launch_local_memory<Kokkos::Impl::ParallelFor<K...
gh200,sm90,other,,32,1024,0,no,1.0,1.0,1.0,void Kokkos::Impl::cuda_parallel_launch_local_memory<Kokkos::Impl::ParallelFor<K...
gh200,sm90,other,,32,1024,0,no,1.0,1.0,1.0,void Kokkos::Impl::cuda_parallel_launch_local_memory<Kokkos::Impl::ParallelFor<K...
gh200,sm90,other,,32,0,0,no,1.0,1.0,1.0,void Kokkos::Impl::cuda_parallel_launch_local_memory<Kokkos::Impl::ParallelFor<p...
gh200,sm90,other,,32,0,0,no,1.0,1.0,1.0,void Kokkos::Impl::cuda_parallel_launch_local_memory<Kokkos::Impl::ParallelFor<p...
gh200,sm90,other,,32,1024,0,no,1.0,1.0,1.0,void Kokkos::Impl::cuda_parallel_launch_local_memory<Kokkos::Impl::ParallelFor<K...
gh200,sm90,other,,32,1024,0,no,1.0,1.0,1.0,void Kokkos::Impl::cuda_parallel_launch_local_memory<Kokkos::Impl::ParallelFor<K...
gh200,sm90,other,,32,1024,0,no,1.0,1.0,1.0,void Kokkos::Impl::cuda_parallel_launch_local_memory<Kokkos::Impl::ParallelFor<K...
gh200,sm90,other,,32,0,0,no,1.0,1.0,1.0,void Kokkos::Impl::cuda_parallel_launch_local_memory<Kokkos::Impl::ParallelFor<K...
gh200,sm90,other,,32,0,0,no,1.0,1.0,1.0,void Kokkos::Impl::cuda_parallel_launch_local_memory<Kokkos::Impl::ParallelFor<K...
gh200,sm90,other,,32,0,0,no,1.0,1.0,1.0,void Kokkos::Impl::cuda_parallel_launch_local_memory<Kokkos::Impl::ParallelFor<K...
gh200,sm90,other,,32,0,0,no,1.0,1.0,1.0,void Kokkos::Impl::cuda_parallel_launch_local_memory<Kokkos::Impl::ParallelFor<K...
gh200,sm90,other,,32,0,0,no,1.0,1.0,1.0,void Kokkos::Impl::cuda_parallel_launch_local_memory<Kokkos::Impl::ParallelFor<K...
gh200,sm90,other,,32,0,0,no,1.0,1.0,1.0,void Kokkos::Impl::cuda_parallel_launch_local_memory<Kokkos::Impl::ParallelFor<K...
gh200,sm90,other,,32,0,0,no,1.0,1.0,1.0,void Kokkos::Impl::cuda_parallel_launch_local_memory<Kokkos::Impl::ParallelFor<K...
gh200,sm90,other,,32,0,0,no,1.0,1.0,1.0,void Kokkos::Impl::cuda_parallel_launch_local_memory<Kokkos::Impl::ParallelFor<K...
gh200,sm90,other,,32,0,0,no,1.0,1.0,1.0,void Kokkos::Impl::cuda_parallel_launch_local_memory<Kokkos::Impl::ParallelFor<K...
gh200,sm90,other,,32,1024,0,no,1.0,1.0,1.0,void Kokkos::Impl::cuda_parallel_launch_local_memory<Kokkos::Impl::ParallelFor<K...
gh200,sm90,other,,32,1024,0,no,1.0,1.0,1.0,void Kokkos::Impl::cuda_parallel_launch_local_memory<Kokkos::Impl::ParallelFor<K...
gh200,sm90,other,,32,0,0,no,1.0,1.0,1.0,void Kokkos::Impl::cuda_parallel_launch_local_memory<Kokkos::Impl::ParallelFor<K...
gh200,sm90,other,,32,0,0,no,1.0,1.0,1.0,void Kokkos::Impl::cuda_parallel_launch_local_memory<Kokkos::Impl::ParallelFor<K...
gh200,sm90,other,,32,0,0,no,1.0,1.0,1.0,void Kokkos::Impl::cuda_parallel_launch_local_memory<Kokkos::Impl::ParallelFor<K...
gh200,sm90,other,,32,0,0,no,1.0,1.0,1.0,void Kokkos::Impl::cuda_parallel_launch_local_memory<Kokkos::Impl::ParallelFor<K...
gh200,sm90,other,,32,0,0,no,1.0,1.0,1.0,void Kokkos::Impl::cuda_parallel_launch_local_memory<Kokkos::Impl::ParallelFor<K...
gh200,sm90,other,,32,0,0,no,1.0,1.0,1.0,void Kokkos::Impl::cuda_parallel_launch_local_memory<Kokkos::Impl::ParallelFor<K...
gh200,sm90,other,,32,0,0,no,1.0,1.0,1.0,void Kokkos::Impl::cuda_parallel_launch_local_memory<Kokkos::Impl::ParallelFor<p...
gh200,sm90,other,,32,0,0,no,1.0,1.0,1.0,void Kokkos::Impl::cuda_parallel_launch_local_memory<Kokkos::Impl::ParallelFor<p...
gh200,sm90,other,,32,1024,0,no,1.0,1.0,1.0,void Kokkos::Impl::cuda_parallel_launch_local_memory<Kokkos::Impl::ParallelReduc...
gh200,sm90,other,,32,0,0,no,1.0,1.0,1.0,void Kokkos::Impl::cuda_parallel_launch_local_memory<Kokkos::Impl::ParallelFor<K...
gh200,sm90,other,,32,0,0,no,1.0,1.0,1.0,void Kokkos::Impl::cuda_parallel_launch_local_memory<Kokkos::Impl::ParallelFor<K...
gh200,sm90,other,,32,0,0,no,1.0,1.0,1.0,void Kokkos::Impl::cuda_parallel_launch_local_memory<Kokkos::Impl::ParallelFor<K...
gh200,sm90,other,,31,1032,0,no,1.0,1.0,1.0,void Kokkos::Impl::cuda_parallel_launch_constant_memory<Kokkos::Impl::ParallelFo...
gh200,sm90,other,,31,0,0,no,1.0,1.0,1.0,void Kokkos::Impl::cuda_parallel_launch_local_memory<Kokkos::Impl::ParallelFor<K...
gh200,sm90,other,,31,0,0,no,1.0,1.0,1.0,void Kokkos::Impl::cuda_parallel_launch_local_memory<Kokkos::Impl::ParallelFor<K...
gh200,sm90,other,,31,0,0,no,1.0,1.0,1.0,void Kokkos::Impl::cuda_parallel_launch_local_memory<Kokkos::Impl::ParallelFor<p...
gh200,sm90,other,,30,0,0,no,1.0,1.0,1.0,void Kokkos::Impl::cuda_parallel_launch_local_memory<Kokkos::Impl::ParallelFor<K...
gh200,sm90,other,,30,1024,0,no,1.0,1.0,1.0,void Kokkos::Impl::cuda_parallel_launch_local_memory<Kokkos::Impl::ParallelFor<K...
gh200,sm90,other,,30,0,0,no,1.0,1.0,1.0,void Kokkos::Impl::cuda_parallel_launch_local_memory<Kokkos::Impl::ParallelFor<K...
gh200,sm90,other,,30,0,0,no,1.0,1.0,1.0,void Kokkos::Impl::cuda_parallel_launch_local_memory<Kokkos::Impl::ParallelFor<K...
gh200,sm90,other,,30,0,0,no,1.0,1.0,1.0,void Kokkos::Impl::cuda_parallel_launch_local_memory<Kokkos::Impl::ParallelFor<K...
gh200,sm90,other,,30,0,0,no,1.0,1.0,1.0,void Kokkos::Impl::cuda_parallel_launch_local_memory<Kokkos::Impl::ParallelFor<K...
gh200,sm90,other,,30,0,0,no,1.0,1.0,1.0,void Kokkos::Impl::cuda_parallel_launch_local_memory<Kokkos::Impl::ParallelFor<K...
gh200,sm90,other,,30,0,0,no,1.0,1.0,1.0,void Kokkos::Impl::cuda_parallel_launch_local_memory<Kokkos::Impl::ParallelFor<K...
gh200,sm90,other,,30,1032,0,no,1.0,1.0,1.0,void Kokkos::Impl::cuda_parallel_launch_local_memory<Kokkos::Impl::ParallelFor<M...
gh200,sm90,other,,30,0,0,no,1.0,1.0,1.0,void Kokkos::Impl::cuda_parallel_launch_local_memory<Kokkos::Impl::ParallelFor<K...
gh200,sm90,other,,30,0,0,no,1.0,1.0,1.0,void Kokkos::Impl::cuda_parallel_launch_local_memory<Kokkos::Impl::ParallelFor<K...
gh200,sm90,other,,30,0,0,no,1.0,1.0,1.0,void Kokkos::Impl::cuda_parallel_launch_local_memory<Kokkos::Impl::ParallelFor<p...
gh200,sm90,other,,30,0,0,no,1.0,1.0,1.0,void Kokkos::Impl::cuda_parallel_launch_local_memory<Kokkos::Impl::ParallelFor<p...
gh200,sm90,other,,30,0,0,no,1.0,1.0,1.0,void Kokkos::Impl::cuda_parallel_launch_local_memory<Kokkos::Impl::ParallelFor<K...
gh200,sm90,other,,30,0,0,no,1.0,1.0,1.0,void Kokkos::Impl::cuda_parallel_launch_local_memory<Kokkos::Impl::ParallelFor<K...
gh200,sm90,other,,30,0,0,no,1.0,1.0,1.0,void Kokkos::Impl::cuda_parallel_launch_local_memory<Kokkos::Impl::ParallelFor<p...
gh200,sm90,other,,30,0,0,no,1.0,1.0,1.0,void Kokkos::Impl::cuda_parallel_launch_local_memory<Kokkos::Impl::ParallelFor<p...
gh200,sm90,other,,30,0,0,no,1.0,1.0,1.0,void Kokkos::Impl::cuda_parallel_launch_local_memory<Kokkos::Impl::ParallelFor<K...
gh200,sm90,other,,30,0,0,no,1.0,1.0,1.0,void Kokkos::Impl::cuda_parallel_launch_local_memory<Kokkos::Impl::ParallelFor<C...
gh200,sm90,other,,30,1024,0,no,1.0,1.0,1.0,void Kokkos::Impl::cuda_parallel_launch_local_memory<Kokkos::Impl::ParallelFor<p...
gh200,sm90,other,,30,0,0,no,1.0,1.0,1.0,void Kokkos::Impl::cuda_parallel_launch_local_memory<Kokkos::Impl::ParallelFor<K...
gh200,sm90,other,,30,0,0,no,1.0,1.0,1.0,void Kokkos::Impl::cuda_parallel_launch_local_memory<Kokkos::Impl::ParallelFor<K...
gh200,sm90,other,,30,0,0,no,1.0,1.0,1.0,void Kokkos::Impl::cuda_parallel_launch_local_memory<Kokkos::Impl::ParallelFor<K...
gh200,sm90,other,,30,0,0,no,1.0,1.0,1.0,void Kokkos::Impl::cuda_parallel_launch_local_memory<Kokkos::Impl::ParallelFor<K...
gh200,sm90,other,,30,0,0,no,1.0,1.0,1.0,void Kokkos::Impl::cuda_parallel_launch_local_memory<Kokkos::Impl::ParallelFor<K...
gh200,sm90,other,,30,0,0,no,1.0,1.0,1.0,void Kokkos::Impl::cuda_parallel_launch_local_memory<Kokkos::Impl::ParallelFor<K...
gh200,sm90,other,,30,0,0,no,1.0,1.0,1.0,void Kokkos::Impl::cuda_parallel_launch_local_memory<Kokkos::Impl::ParallelFor<K...
gh200,sm90,other,,30,0,0,no,1.0,1.0,1.0,void Kokkos::Impl::cuda_parallel_launch_local_memory<Kokkos::Impl::ParallelFor<K...
gh200,sm90,other,,30,0,0,no,1.0,1.0,1.0,void Kokkos::Impl::cuda_parallel_launch_local_memory<Kokkos::Impl::ParallelFor<K...
gh200,sm90,other,,30,0,0,no,1.0,1.0,1.0,void Kokkos::Impl::cuda_parallel_launch_local_memory<Kokkos::Impl::ParallelFor<K...
gh200,sm90,other,,30,0,0,no,1.0,1.0,1.0,void Kokkos::Impl::cuda_parallel_launch_local_memory<Kokkos::Impl::ParallelFor<K...
gh200,sm90,other,,30,0,0,no,1.0,1.0,1.0,void Kokkos::Impl::cuda_parallel_launch_local_memory<Kokkos::Impl::ParallelFor<K...
gh200,sm90,other,,30,1024,0,no,1.0,1.0,1.0,void Kokkos::Impl::cuda_parallel_launch_local_memory<Kokkos::Impl::ParallelFor<p...
gh200,sm90,other,,30,0,0,no,1.0,1.0,1.0,void Kokkos::Impl::cuda_parallel_launch_local_memory<Kokkos::Impl::ParallelFor<p...
gh200,sm90,other,,30,1040,0,no,1.0,1.0,1.0,void Kokkos::Impl::cuda_parallel_launch_constant_memory<Kokkos::Impl::ParallelFo...
gh200,sm90,other,,30,1024,0,no,1.0,1.0,1.0,void Kokkos::Impl::cuda_parallel_launch_local_memory<Kokkos::Impl::ParallelFor<p...
gh200,sm90,other,,30,1024,0,no,1.0,1.0,1.0,void Kokkos::Impl::cuda_parallel_launch_local_memory<Kokkos::Impl::ParallelFor<p...
gh200,sm90,other,,30,1024,0,no,1.0,1.0,1.0,void Kokkos::Impl::cuda_parallel_launch_local_memory<Kokkos::Impl::ParallelFor<K...
gh200,sm90,other,,30,0,0,no,1.0,1.0,1.0,void Kokkos::Impl::cuda_parallel_launch_local_memory<Kokkos::Impl::ParallelFor<K...
gh200,sm90,other,,30,0,0,no,1.0,1.0,1.0,void Kokkos::Impl::cuda_parallel_launch_local_memory<Kokkos::Impl::ParallelFor<K...
gh200,sm90,other,,30,0,0,no,1.0,1.0,1.0,void Kokkos::Impl::cuda_parallel_launch_local_memory<Kokkos::Impl::ParallelFor<K...
gh200,sm90,other,,30,0,0,no,1.0,1.0,1.0,void Kokkos::Impl::cuda_parallel_launch_local_memory<Kokkos::Impl::ParallelFor<K...
gh200,sm90,other,,29,1024,0,no,1.0,1.0,1.0,void Kokkos::Impl::cuda_parallel_launch_local_memory<Kokkos::Impl::ParallelReduc...
gh200,sm90,other,,29,1040,0,no,1.0,1.0,1.0,void Kokkos::Impl::cuda_parallel_launch_constant_memory<Kokkos::Impl::ParallelFo...
gh200,sm90,other,,29,1024,0,no,1.0,1.0,1.0,void Kokkos::Impl::cuda_parallel_launch_local_memory<Kokkos::Impl::ParallelReduc...
gh200,sm90,other,,29,1064,0,no,1.0,1.0,1.0,void Kokkos::Impl::cuda_parallel_launch_local_memory<Kokkos::Impl::ParallelFor<p...
gh200,sm90,other,,28,0,0,no,1.0,1.0,1.0,void Kokkos::Impl::cuda_parallel_launch_local_memory<Kokkos::Impl::ParallelFor<K...
gh200,sm90,other,,28,0,0,no,1.0,1.0,1.0,void Kokkos::Impl::cuda_parallel_launch_local_memory<Kokkos::Impl::ParallelFor<K...
gh200,sm90,other,,28,0,0,no,1.0,1.0,1.0,void Kokkos::Impl::cuda_parallel_launch_local_memory<Kokkos::Impl::ParallelFor<K...
gh200,sm90,other,,28,0,0,no,1.0,1.0,1.0,void Kokkos::Impl::cuda_parallel_launch_local_memory<Kokkos::Impl::ParallelFor<K...
gh200,sm90,other,,28,0,0,no,1.0,1.0,1.0,void Kokkos::Impl::cuda_parallel_launch_local_memory<Kokkos::Impl::ParallelFor<K...
gh200,sm90,other,,28,0,0,no,1.0,1.0,1.0,void Kokkos::Impl::cuda_parallel_launch_local_memory<Kokkos::Impl::ParallelFor<K...
gh200,sm90,other,,28,0,0,no,1.0,1.0,1.0,void Kokkos::Impl::cuda_parallel_launch_local_memory<Kokkos::Impl::ParallelFor<K...
gh200,sm90,other,,28,0,0,no,1.0,1.0,1.0,void Kokkos::Impl::cuda_parallel_launch_local_memory<Kokkos::Impl::ParallelFor<p...
gh200,sm90,other,,28,0,0,no,1.0,1.0,1.0,void Kokkos::Impl::cuda_parallel_launch_local_memory<Kokkos::Impl::ParallelFor<K...
gh200,sm90,other,,28,1064,0,no,1.0,1.0,1.0,void Kokkos::Impl::cuda_parallel_launch_local_memory<Kokkos::Impl::ParallelFor<p...
gh200,sm90,other,,28,1064,0,no,1.0,1.0,1.0,void Kokkos::Impl::cuda_parallel_launch_local_memory<Kokkos::Impl::ParallelFor<p...
gh200,sm90,other,,28,0,0,no,1.0,1.0,1.0,void Kokkos::Impl::cuda_parallel_launch_local_memory<Kokkos::Impl::ParallelFor<K...
gh200,sm90,other,,28,0,0,no,1.0,1.0,1.0,void Kokkos::Impl::cuda_parallel_launch_local_memory<Kokkos::Impl::ParallelFor<K...
gh200,sm90,other,,28,0,0,no,1.0,1.0,1.0,void Kokkos::Impl::cuda_parallel_launch_local_memory<Kokkos::Impl::ParallelFor<p...
gh200,sm90,other,,28,1024,0,no,1.0,1.0,1.0,void Kokkos::Impl::cuda_parallel_launch_local_memory<Kokkos::Impl::ParallelFor<K...
gh200,sm90,other,,28,0,0,no,1.0,1.0,1.0,void Kokkos::Impl::cuda_parallel_launch_local_memory<Kokkos::Impl::ParallelFor<K...
gh200,sm90,other,,28,0,0,no,1.0,1.0,1.0,void Kokkos::Impl::cuda_parallel_launch_local_memory<Kokkos::Impl::ParallelFor<K...
gh200,sm90,other,,28,1024,0,no,1.0,1.0,1.0,void Kokkos::Impl::cuda_parallel_launch_local_memory<Kokkos::Impl::ParallelFor<K...
gh200,sm90,other,,28,0,0,no,1.0,1.0,1.0,void Kokkos::Impl::cuda_parallel_launch_local_memory<Kokkos::Impl::ParallelFor<p...
gh200,sm90,other,,28,0,0,no,1.0,1.0,1.0,void Kokkos::Impl::cuda_parallel_launch_local_memory<Kokkos::Impl::ParallelFor<p...
gh200,sm90,other,,28,0,0,no,1.0,1.0,1.0,void Kokkos::Impl::cuda_parallel_launch_local_memory<Kokkos::Impl::ParallelFor<p...
gh200,sm90,other,,28,0,0,no,1.0,1.0,1.0,void Kokkos::Impl::cuda_parallel_launch_local_memory<Kokkos::Impl::ParallelFor<p...
gh200,sm90,other,,28,0,0,no,1.0,1.0,1.0,void Kokkos::Impl::cuda_parallel_launch_local_memory<Kokkos::Impl::ParallelFor<K...
gh200,sm90,other,,28,0,0,no,1.0,1.0,1.0,void Kokkos::Impl::cuda_parallel_launch_local_memory<Kokkos::Impl::ParallelFor<K...
gh200,sm90,other,,28,0,0,no,1.0,1.0,1.0,void Kokkos::Impl::cuda_parallel_launch_local_memory<Kokkos::Impl::ParallelFor<K...
gh200,sm90,other,,28,1024,0,no,1.0,1.0,1.0,void Kokkos::Impl::cuda_parallel_launch_local_memory<Kokkos::Impl::ParallelFor<K...
gh200,sm90,other,,28,1024,0,no,1.0,1.0,1.0,void Kokkos::Impl::cuda_parallel_launch_local_memory<Kokkos::Impl::ParallelFor<K...
gh200,sm90,other,,28,1024,0,no,1.0,1.0,1.0,void Kokkos::Impl::cuda_parallel_launch_local_memory<Kokkos::Impl::ParallelFor<p...
gh200,sm90,other,,28,1040,0,no,1.0,1.0,1.0,void Kokkos::Impl::cuda_parallel_launch_constant_memory<Kokkos::Impl::ParallelFo...
gh200,sm90,other,,28,1024,0,no,1.0,1.0,1.0,void Kokkos::Impl::cuda_parallel_launch_local_memory<Kokkos::Impl::ParallelFor<K...
gh200,sm90,other,,28,0,0,no,1.0,1.0,1.0,void Kokkos::Impl::cuda_parallel_launch_local_memory<Kokkos::Impl::ParallelFor<p...
gh200,sm90,other,,28,0,0,no,1.0,1.0,1.0,void Kokkos::Impl::cuda_parallel_launch_local_memory<Kokkos::Impl::ParallelFor<K...
gh200,sm90,other,,28,0,0,no,1.0,1.0,1.0,void Kokkos::Impl::cuda_parallel_launch_local_memory<Kokkos::Impl::ParallelFor<K...
gh200,sm90,other,,28,0,0,no,1.0,1.0,1.0,void Kokkos::Impl::cuda_parallel_launch_local_memory<Kokkos::Impl::ParallelFor<K...
gh200,sm90,other,,27,0,0,no,1.0,1.0,1.0,void Kokkos::Impl::cuda_parallel_launch_local_memory<Kokkos::Impl::ParallelFor<K...
gh200,sm90,other,,27,0,0,no,1.0,1.0,1.0,void Kokkos::Impl::cuda_parallel_launch_local_memory<Kokkos::Impl::ParallelFor<K...
gh200,sm90,other,,27,0,0,no,1.0,1.0,1.0,void Kokkos::Impl::cuda_parallel_launch_local_memory<Kokkos::Impl::ParallelFor<K...
gh200,sm90,other,,27,0,0,no,1.0,1.0,1.0,void Kokkos::Impl::cuda_parallel_launch_local_memory<Kokkos::Impl::ParallelFor<K...
gh200,sm90,other,,27,0,0,no,1.0,1.0,1.0,void Kokkos::Impl::cuda_parallel_launch_local_memory<Kokkos::Impl::ParallelFor<K...
gh200,sm90,other,,27,0,0,no,1.0,1.0,1.0,void Kokkos::Impl::cuda_parallel_launch_local_memory<Kokkos::Impl::ParallelFor<K...
gh200,sm90,other,,27,0,0,no,1.0,1.0,1.0,void Kokkos::Impl::cuda_parallel_launch_local_memory<Kokkos::Impl::ParallelFor<K...
gh200,sm90,other,,27,0,0,no,1.0,1.0,1.0,void Kokkos::Impl::cuda_parallel_launch_local_memory<Kokkos::Impl::ParallelFor<K...
gh200,sm90,other,,27,0,0,no,1.0,1.0,1.0,void Kokkos::Impl::cuda_parallel_launch_local_memory<Kokkos::Impl::ParallelFor<K...
gh200,sm90,other,,27,0,0,no,1.0,1.0,1.0,void Kokkos::Impl::cuda_parallel_launch_local_memory<Kokkos::Impl::ParallelFor<K...
gh200,sm90,other,,27,1072,0,no,1.0,1.0,1.0,void Kokkos::Impl::cuda_parallel_launch_local_memory<Kokkos::Impl::ParallelFor<p...
gh200,sm90,other,,27,0,0,no,1.0,1.0,1.0,void Kokkos::Impl::cuda_parallel_launch_local_memory<Kokkos::Impl::ParallelFor<K...
gh200,sm90,other,,27,0,0,no,1.0,1.0,1.0,void Kokkos::Impl::cuda_parallel_launch_local_memory<Kokkos::Impl::ParallelFor<K...
gh200,sm90,other,,27,1024,0,no,1.0,1.0,1.0,void Kokkos::Impl::cuda_parallel_launch_local_memory<Kokkos::Impl::ParallelFor<K...
gh200,sm90,other,,27,1024,0,no,1.0,1.0,1.0,void Kokkos::Impl::cuda_parallel_launch_local_memory<Kokkos::Impl::ParallelFor<K...
gh200,sm90,other,,27,1024,0,no,1.0,1.0,1.0,void Kokkos::Impl::cuda_parallel_launch_local_memory<Kokkos::Impl::ParallelFor<K...
gh200,sm90,other,,27,0,0,no,1.0,1.0,1.0,void Kokkos::Impl::cuda_parallel_launch_local_memory<Kokkos::Impl::ParallelFor<K...
gh200,sm90,other,,27,1064,0,no,1.0,1.0,1.0,void Kokkos::Impl::cuda_parallel_launch_local_memory<Kokkos::Impl::ParallelFor<p...
gh200,sm90,other,,26,0,0,no,1.0,1.0,1.0,void Kokkos::Impl::cuda_parallel_launch_local_memory<Kokkos::Impl::ParallelFor<K...
gh200,sm90,other,,26,0,0,no,1.0,1.0,1.0,void Kokkos::Impl::cuda_parallel_launch_local_memory<Kokkos::Impl::ParallelFor<K...
gh200,sm90,other,,26,0,0,no,1.0,1.0,1.0,void Kokkos::Impl::cuda_parallel_launch_local_memory<Kokkos::Impl::ParallelFor<K...
gh200,sm90,other,,26,0,0,no,1.0,1.0,1.0,void Kokkos::Impl::cuda_parallel_launch_local_memory<Kokkos::Impl::ParallelFor<K...
gh200,sm90,other,,26,0,0,no,1.0,1.0,1.0,void Kokkos::Impl::cuda_parallel_launch_local_memory<Kokkos::Impl::ParallelFor<K...
gh200,sm90,other,,26,0,0,no,1.0,1.0,1.0,void Kokkos::Impl::cuda_parallel_launch_local_memory<Kokkos::Impl::ParallelFor<K...
gh200,sm90,other,,26,0,0,no,1.0,1.0,1.0,void Kokkos::Impl::cuda_parallel_launch_local_memory<Kokkos::Impl::ParallelFor<K...
gh200,sm90,other,,26,0,0,no,1.0,1.0,1.0,void Kokkos::Impl::cuda_parallel_launch_local_memory<Kokkos::Impl::ParallelFor<K...
gh200,sm90,other,,26,0,0,no,1.0,1.0,1.0,void Kokkos::Impl::cuda_parallel_launch_local_memory<Kokkos::Impl::ParallelFor<K...
gh200,sm90,other,,26,1024,0,no,1.0,1.0,1.0,void Kokkos::Impl::cuda_parallel_launch_local_memory<Kokkos::Impl::ParallelFor<K...
gh200,sm90,other,,26,0,0,no,1.0,1.0,1.0,void Kokkos::Impl::cuda_parallel_launch_local_memory<Kokkos::Impl::ParallelFor<K...
gh200,sm90,other,,26,0,0,no,1.0,1.0,1.0,void Kokkos::Impl::cuda_parallel_launch_local_memory<Kokkos::Impl::ParallelFor<K...
gh200,sm90,other,,26,0,0,no,1.0,1.0,1.0,void Kokkos::Impl::cuda_parallel_launch_local_memory<Kokkos::Impl::ParallelFor<K...
gh200,sm90,other,,26,0,0,no,1.0,1.0,1.0,void Kokkos::Impl::cuda_parallel_launch_local_memory<Kokkos::Impl::ParallelFor<K...
gh200,sm90,other,,26,1024,0,no,1.0,1.0,1.0,void Kokkos::Impl::cuda_parallel_launch_local_memory<Kokkos::Impl::ParallelFor<p...
gh200,sm90,other,,26,1024,0,no,1.0,1.0,1.0,void Kokkos::Impl::cuda_parallel_launch_local_memory<Kokkos::Impl::ParallelFor<K...
gh200,sm90,other,,26,0,0,no,1.0,1.0,1.0,void Kokkos::Impl::cuda_parallel_launch_local_memory<Kokkos::Impl::ParallelFor<K...
gh200,sm90,other,,26,0,0,no,1.0,1.0,1.0,void Kokkos::Impl::cuda_parallel_launch_local_memory<Kokkos::Impl::ParallelFor<K...
gh200,sm90,other,,26,0,0,no,1.0,1.0,1.0,void Kokkos::Impl::cuda_parallel_launch_local_memory<Kokkos::Impl::ParallelFor<K...
gh200,sm90,other,,26,0,0,no,1.0,1.0,1.0,void Kokkos::Impl::cuda_parallel_launch_local_memory<Kokkos::Impl::ParallelFor<K...
gh200,sm90,other,,26,0,0,no,1.0,1.0,1.0,void Kokkos::Impl::cuda_parallel_launch_local_memory<Kokkos::Impl::ParallelFor<K...
gh200,sm90,other,,26,0,0,no,1.0,1.0,1.0,void Kokkos::Impl::cuda_parallel_launch_local_memory<Kokkos::Impl::ParallelFor<K...
gh200,sm90,other,,26,1024,0,no,1.0,1.0,1.0,void Kokkos::Impl::cuda_parallel_launch_local_memory<Kokkos::Impl::ParallelFor<K...
gh200,sm90,other,,26,1024,0,no,1.0,1.0,1.0,void Kokkos::Impl::cuda_parallel_launch_local_memory<Kokkos::Impl::ParallelFor<K...
gh200,sm90,other,,26,1024,0,no,1.0,1.0,1.0,void Kokkos::Impl::cuda_parallel_launch_local_memory<Kokkos::Impl::ParallelFor<K...
gh200,sm90,other,,26,1024,0,no,1.0,1.0,1.0,void Kokkos::Impl::cuda_parallel_launch_local_memory<Kokkos::Impl::ParallelFor<K...
gh200,sm90,other,,26,1024,0,no,1.0,1.0,1.0,void Kokkos::Impl::cuda_parallel_launch_local_memory<Kokkos::Impl::ParallelFor<K...
gh200,sm90,other,,26,1024,0,no,1.0,1.0,1.0,void Kokkos::Impl::cuda_parallel_launch_local_memory<Kokkos::Impl::ParallelFor<K...
gh200,sm90,other,,26,0,0,no,1.0,1.0,1.0,void Kokkos::Impl::cuda_parallel_launch_local_memory<Kokkos::Impl::ParallelFor<K...
gh200,sm90,other,,25,0,0,no,1.0,1.0,1.0,void Kokkos::Impl::cuda_parallel_launch_local_memory<Kokkos::Impl::ParallelFor<K...
gh200,sm90,other,,25,1024,0,no,1.0,1.0,1.0,void Kokkos::Impl::cuda_parallel_launch_local_memory<Kokkos::Impl::ParallelFor<K...
gh200,sm90,other,,25,0,0,no,1.0,1.0,1.0,void Kokkos::Impl::cuda_parallel_launch_local_memory<Kokkos::Impl::ParallelFor<K...
gh200,sm90,other,,25,0,0,no,1.0,1.0,1.0,void Kokkos::Impl::cuda_parallel_launch_local_memory<Kokkos::Impl::ParallelFor<K...
gh200,sm90,other,,25,0,0,no,1.0,1.0,1.0,void Kokkos::Impl::cuda_parallel_launch_local_memory<Kokkos::Impl::ParallelFor<K...
gh200,sm90,other,,25,0,0,no,1.0,1.0,1.0,void Kokkos::Impl::cuda_parallel_launch_local_memory<Kokkos::Impl::ParallelFor<K...
gh200,sm90,other,,25,0,0,no,1.0,1.0,1.0,void Kokkos::Impl::cuda_parallel_launch_local_memory<Kokkos::Impl::ParallelFor<K...
gh200,sm90,other,,25,1024,0,no,1.0,1.0,1.0,void Kokkos::Impl::cuda_parallel_launch_local_memory<Kokkos::Impl::ParallelFor<p...
gh200,sm90,other,,25,0,0,no,1.0,1.0,1.0,void Kokkos::Impl::cuda_parallel_launch_local_memory<Kokkos::Impl::ParallelFor<K...
gh200,sm90,other,,24,0,0,no,1.0,1.0,1.0,void Kokkos::Impl::cuda_parallel_launch_local_memory<Kokkos::Impl::ParallelFor<K...
gh200,sm90,other,,24,0,0,no,1.0,1.0,1.0,void Kokkos::Impl::cuda_parallel_launch_local_memory<Kokkos::Impl::ParallelFor<K...
gh200,sm90,other,,24,0,0,no,1.0,1.0,1.0,void Kokkos::Impl::cuda_parallel_launch_local_memory<Kokkos::Impl::ParallelFor<K...
gh200,sm90,other,,24,0,0,no,1.0,1.0,1.0,void Kokkos::Impl::cuda_parallel_launch_local_memory<Kokkos::Impl::ParallelFor<K...
gh200,sm90,other,,24,0,0,no,1.0,1.0,1.0,void Kokkos::Impl::cuda_parallel_launch_local_memory<Kokkos::Impl::ParallelFor<K...
gh200,sm90,other,,24,0,0,no,1.0,1.0,1.0,void Kokkos::Impl::cuda_parallel_launch_local_memory<Kokkos::Impl::ParallelFor<K...
gh200,sm90,other,,24,0,0,no,1.0,1.0,1.0,void Kokkos::Impl::cuda_parallel_launch_local_memory<Kokkos::Impl::ParallelFor<K...
gh200,sm90,other,,24,0,0,no,1.0,1.0,1.0,void Kokkos::Impl::cuda_parallel_launch_local_memory<Kokkos::Impl::ParallelFor<K...
gh200,sm90,other,,24,0,0,no,1.0,1.0,1.0,void Kokkos::Impl::cuda_parallel_launch_local_memory<Kokkos::Impl::ParallelFor<K...
gh200,sm90,other,,24,0,0,no,1.0,1.0,1.0,void Kokkos::Impl::cuda_parallel_launch_local_memory<Kokkos::Impl::ParallelFor<K...
gh200,sm90,other,,24,0,0,no,1.0,1.0,1.0,void Kokkos::Impl::cuda_parallel_launch_local_memory<Kokkos::Impl::ParallelFor<p...
gh200,sm90,other,,24,0,0,no,1.0,1.0,1.0,void Kokkos::Impl::cuda_parallel_launch_local_memory<Kokkos::Impl::ParallelFor<p...
gh200,sm90,other,,24,0,0,no,1.0,1.0,1.0,void Kokkos::Impl::cuda_parallel_launch_local_memory<Kokkos::Impl::ParallelFor<p...
gh200,sm90,other,,24,0,0,no,1.0,1.0,1.0,void Kokkos::Impl::cuda_parallel_launch_local_memory<Kokkos::Impl::ParallelFor<K...
gh200,sm90,other,,24,0,0,no,1.0,1.0,1.0,void Kokkos::Impl::cuda_parallel_launch_constant_memory<Kokkos::Impl::ParallelFo...
gh200,sm90,other,,23,0,0,no,1.0,1.0,1.0,void Kokkos::Impl::cuda_parallel_launch_local_memory<Kokkos::Impl::ParallelFor<p...
gh200,sm90,other,,23,0,0,no,1.0,1.0,1.0,void Kokkos::Impl::cuda_parallel_launch_local_memory<Kokkos::Impl::ParallelFor<p...
gh200,sm90,other,,22,0,0,no,1.0,1.0,1.0,void Kokkos::Impl::cuda_parallel_launch_local_memory<Kokkos::Impl::ParallelFor<K...
gh200,sm90,other,,22,0,0,no,1.0,1.0,1.0,void Kokkos::Impl::cuda_parallel_launch_local_memory<Kokkos::Impl::ParallelFor<K...
gh200,sm90,other,,22,0,0,no,1.0,1.0,1.0,void Kokkos::Impl::cuda_parallel_launch_local_memory<Kokkos::Impl::ParallelFor<K...
gh200,sm90,other,,22,0,0,no,1.0,1.0,1.0,void Kokkos::Impl::cuda_parallel_launch_local_memory<Kokkos::Impl::ParallelFor<K...
gh200,sm90,other,,22,0,0,no,1.0,1.0,1.0,void Kokkos::Impl::cuda_parallel_launch_constant_memory<Kokkos::Impl::ParallelFo...
gh200,sm90,other,,22,0,0,no,1.0,1.0,1.0,void Kokkos::Impl::cuda_parallel_launch_local_memory<Kokkos::Impl::ParallelFor<K...
gh200,sm90,other,,22,0,0,no,1.0,1.0,1.0,void Kokkos::Impl::cuda_parallel_launch_local_memory<Kokkos::Impl::ParallelFor<K...
gh200,sm90,other,,22,0,0,no,1.0,1.0,1.0,void Kokkos::Impl::cuda_parallel_launch_local_memory<Kokkos::Impl::ParallelFor<K...
gh200,sm90,other,,22,0,0,no,1.0,1.0,1.0,void Kokkos::Impl::cuda_parallel_launch_local_memory<Kokkos::Impl::ParallelFor<p...
gh200,sm90,other,,22,0,0,no,1.0,1.0,1.0,void Kokkos::Impl::cuda_parallel_launch_local_memory<Kokkos::Impl::ParallelFor<K...
gh200,sm90,other,,22,0,0,no,1.0,1.0,1.0,void Kokkos::Impl::cuda_parallel_launch_local_memory<Kokkos::Impl::ParallelFor<K...
gh200,sm90,other,,22,0,0,no,1.0,1.0,1.0,void Kokkos::Impl::cuda_parallel_launch_local_memory<Kokkos::Impl::ParallelFor<K...
gh200,sm90,other,,22,0,0,no,1.0,1.0,1.0,void Kokkos::Impl::cuda_parallel_launch_local_memory<Kokkos::Impl::ParallelFor<K...
gh200,sm90,other,,22,0,0,no,1.0,1.0,1.0,void Kokkos::Impl::cuda_parallel_launch_local_memory<Kokkos::Impl::ParallelFor<K...
gh200,sm90,other,,22,0,0,no,1.0,1.0,1.0,void Kokkos::Impl::cuda_parallel_launch_local_memory<Kokkos::Impl::ParallelFor<K...
gh200,sm90,other,,22,0,0,no,1.0,1.0,1.0,void Kokkos::Impl::cuda_parallel_launch_local_memory<Kokkos::Impl::ParallelFor<K...
gh200,sm90,other,,22,0,0,no,1.0,1.0,1.0,void Kokkos::Impl::cuda_parallel_launch_local_memory<Kokkos::Impl::ParallelFor<K...
gh200,sm90,other,,22,0,0,no,1.0,1.0,1.0,void Kokkos::Impl::cuda_parallel_launch_local_memory<Kokkos::Impl::ParallelFor<K...
gh200,sm90,other,,22,0,0,no,1.0,1.0,1.0,void Kokkos::Impl::cuda_parallel_launch_local_memory<Kokkos::Impl::ParallelFor<K...
gh200,sm90,other,,22,0,0,no,1.0,1.0,1.0,void Kokkos::Impl::cuda_parallel_launch_local_memory<Kokkos::Impl::ParallelFor<p...
gh200,sm90,other,,22,0,0,no,1.0,1.0,1.0,void Kokkos::Impl::cuda_parallel_launch_local_memory<Kokkos::Impl::ParallelFor<p...
gh200,sm90,other,,22,0,0,no,1.0,1.0,1.0,void Kokkos::Impl::cuda_parallel_launch_local_memory<Kokkos::Impl::ParallelFor<K...
gh200,sm90,other,,22,0,0,no,1.0,1.0,1.0,void Kokkos::Impl::cuda_parallel_launch_local_memory<Kokkos::Impl::ParallelFor<K...
gh200,sm90,other,,22,0,0,no,1.0,1.0,1.0,void Kokkos::Impl::cuda_parallel_launch_local_memory<Kokkos::Impl::ParallelFor<p...
gh200,sm90,other,,22,0,0,no,1.0,1.0,1.0,void Kokkos::Impl::cuda_parallel_launch_local_memory<Kokkos::Impl::ParallelFor<p...
gh200,sm90,other,,22,1024,0,no,1.0,1.0,1.0,void Kokkos::Impl::cuda_parallel_launch_local_memory<Kokkos::Impl::ParallelFor<p...
gh200,sm90,other,,22,1024,0,no,1.0,1.0,1.0,void Kokkos::Impl::cuda_parallel_launch_local_memory<Kokkos::Impl::ParallelFor<p...
gh200,sm90,other,,22,0,0,no,1.0,1.0,1.0,void Kokkos::Impl::cuda_parallel_launch_local_memory<Kokkos::Impl::ParallelFor<K...
gh200,sm90,other,,22,0,0,no,1.0,1.0,1.0,void Kokkos::Impl::cuda_parallel_launch_local_memory<Kokkos::Impl::ParallelFor<K...
gh200,sm90,other,,22,0,0,no,1.0,1.0,1.0,void Kokkos::Impl::cuda_parallel_launch_local_memory<Kokkos::Impl::ParallelFor<K...
gh200,sm90,other,,22,0,0,no,1.0,1.0,1.0,void Kokkos::Impl::cuda_parallel_launch_local_memory<Kokkos::Impl::ParallelFor<p...
gh200,sm90,other,,21,0,0,no,1.0,1.0,1.0,void Kokkos::Impl::cuda_parallel_launch_local_memory<Kokkos::Impl::ParallelFor<p...
gh200,sm90,other,,21,0,0,no,1.0,1.0,1.0,void Kokkos::Impl::cuda_parallel_launch_local_memory<Kokkos::Impl::ParallelFor<p...
gh200,sm90,other,,21,0,0,no,1.0,1.0,1.0,void Kokkos::Impl::cuda_parallel_launch_local_memory<Kokkos::Impl::ParallelFor<p...
gh200,sm90,other,,21,0,0,no,1.0,1.0,1.0,void Kokkos::Impl::cuda_parallel_launch_local_memory<Kokkos::Impl::ParallelFor<p...
gh200,sm90,other,,21,1024,0,no,1.0,1.0,1.0,void Kokkos::Impl::cuda_parallel_launch_local_memory<Kokkos::Impl::ParallelFor<p...
gh200,sm90,other,,21,1024,0,no,1.0,1.0,1.0,void Kokkos::Impl::cuda_parallel_launch_local_memory<Kokkos::Impl::ParallelFor<p...
gh200,sm90,other,,20,0,0,no,1.0,1.0,1.0,void Kokkos::Impl::cuda_parallel_launch_local_memory<Kokkos::Impl::ParallelFor<p...
gh200,sm90,other,,20,0,0,no,1.0,1.0,1.0,void Kokkos::Impl::cuda_parallel_launch_constant_memory<Kokkos::Impl::ParallelFo...
gh200,sm90,other,,19,0,0,no,1.0,1.0,1.0,void Kokkos::Impl::cuda_parallel_launch_local_memory<Kokkos::Impl::ParallelFor<K...
gh200,sm90,other,,19,0,0,no,1.0,1.0,1.0,void Kokkos::Impl::cuda_parallel_launch_local_memory<Kokkos::Impl::ParallelFor<K...
gh200,sm90,other,,19,0,0,no,1.0,1.0,1.0,void Kokkos::Impl::cuda_parallel_launch_local_memory<Kokkos::Impl::ParallelFor<K...
gh200,sm90,other,,19,0,0,no,1.0,1.0,1.0,void Kokkos::Impl::cuda_parallel_launch_local_memory<Kokkos::Impl::ParallelFor<K...
gh200,sm90,other,,19,0,0,no,1.0,1.0,1.0,void Kokkos::Impl::cuda_parallel_launch_local_memory<Kokkos::Impl::ParallelFor<K...
gh200,sm90,other,,19,0,0,no,1.0,1.0,1.0,void Kokkos::Impl::cuda_parallel_launch_local_memory<Kokkos::Impl::ParallelFor<K...
gh200,sm90,other,,19,0,0,no,1.0,1.0,1.0,void Kokkos::Impl::cuda_parallel_launch_local_memory<Kokkos::Impl::ParallelFor<p...
gh200,sm90,other,,19,0,0,no,1.0,1.0,1.0,void Kokkos::Impl::cuda_parallel_launch_local_memory<Kokkos::Impl::ParallelFor<K...
gh200,sm90,other,,19,0,0,no,1.0,1.0,1.0,void Kokkos::Impl::cuda_parallel_launch_local_memory<Kokkos::Impl::ParallelFor<K...
gh200,sm90,other,,19,0,0,no,1.0,1.0,1.0,void Kokkos::Impl::cuda_parallel_launch_local_memory<Kokkos::Impl::ParallelFor<K...
gh200,sm90,other,,19,0,0,no,1.0,1.0,1.0,void Kokkos::Impl::cuda_parallel_launch_local_memory<Kokkos::Impl::ParallelFor<K...
gh200,sm90,other,,19,0,0,no,1.0,1.0,1.0,void Kokkos::Impl::cuda_parallel_launch_local_memory<Kokkos::Impl::ParallelFor<K...
gh200,sm90,other,,18,0,0,no,1.0,1.0,1.0,void Kokkos::Impl::cuda_parallel_launch_local_memory<Kokkos::Impl::ParallelFor<K...
gh200,sm90,other,,18,0,0,no,1.0,1.0,1.0,void Kokkos::Impl::cuda_parallel_launch_local_memory<Kokkos::Impl::ParallelFor<K...
gh200,sm90,other,,18,0,0,no,1.0,1.0,1.0,void Kokkos::Impl::cuda_parallel_launch_local_memory<Kokkos::Impl::ParallelFor<K...
gh200,sm90,other,,18,0,0,no,1.0,1.0,1.0,void Kokkos::Impl::cuda_parallel_launch_local_memory<Kokkos::Impl::ParallelFor<K...
gh200,sm90,other,,18,0,0,no,1.0,1.0,1.0,void Kokkos::Impl::cuda_parallel_launch_local_memory<Kokkos::Impl::ParallelFor<K...
gh200,sm90,other,,18,0,0,no,1.0,1.0,1.0,void Kokkos::Impl::cuda_parallel_launch_local_memory<Kokkos::Impl::ParallelFor<K...
gh200,sm90,other,,18,0,0,no,1.0,1.0,1.0,void Kokkos::Impl::cuda_parallel_launch_local_memory<Kokkos::Impl::ParallelFor<K...
gh200,sm90,other,,18,0,0,no,1.0,1.0,1.0,void Kokkos::Impl::cuda_parallel_launch_local_memory<Kokkos::Impl::ParallelFor<K...
gh200,sm90,other,,18,0,0,no,1.0,1.0,1.0,void Kokkos::Impl::cuda_parallel_launch_local_memory<Kokkos::Impl::ParallelFor<K...
gh200,sm90,other,,18,0,0,no,1.0,1.0,1.0,void Kokkos::Impl::cuda_parallel_launch_local_memory<Kokkos::Impl::ParallelFor<K...
gh200,sm90,other,,18,0,0,no,1.0,1.0,1.0,void Kokkos::Impl::cuda_parallel_launch_local_memory<Kokkos::Impl::ParallelFor<K...
gh200,sm90,other,,18,0,0,no,1.0,1.0,1.0,void Kokkos::Impl::cuda_parallel_launch_local_memory<Kokkos::Impl::ParallelFor<K...
gh200,sm90,other,,18,0,0,no,1.0,1.0,1.0,void Kokkos::Impl::cuda_parallel_launch_local_memory<Kokkos::Impl::ParallelFor<K...
gh200,sm90,other,,18,0,0,no,1.0,1.0,1.0,void Kokkos::Impl::cuda_parallel_launch_local_memory<Kokkos::Impl::ParallelFor<K...
gh200,sm90,other,,18,0,0,no,1.0,1.0,1.0,void Kokkos::Impl::cuda_parallel_launch_local_memory<Kokkos::Impl::ParallelFor<K...
gh200,sm90,other,,18,0,0,no,1.0,1.0,1.0,void Kokkos::Impl::cuda_parallel_launch_local_memory<Kokkos::Impl::ParallelFor<K...
gh200,sm90,other,,18,0,0,no,1.0,1.0,1.0,void Kokkos::Impl::cuda_parallel_launch_local_memory<Kokkos::Impl::ParallelFor<K...
gh200,sm90,other,,18,0,0,no,1.0,1.0,1.0,void Kokkos::Impl::cuda_parallel_launch_local_memory<Kokkos::Impl::ParallelFor<K...
gh200,sm90,other,,18,0,0,no,1.0,1.0,1.0,void Kokkos::Impl::cuda_parallel_launch_local_memory<Kokkos::Impl::ParallelFor<K...
gh200,sm90,other,,18,0,0,no,1.0,1.0,1.0,void Kokkos::Impl::cuda_parallel_launch_local_memory<Kokkos::Impl::ParallelFor<K...
gh200,sm90,other,,18,0,0,no,1.0,1.0,1.0,void Kokkos::Impl::cuda_parallel_launch_local_memory<Kokkos::Impl::ParallelFor<K...
gh200,sm90,other,,18,0,0,no,1.0,1.0,1.0,void Kokkos::Impl::cuda_parallel_launch_local_memory<Kokkos::Impl::ParallelFor<K...
gh200,sm90,other,,18,0,0,no,1.0,1.0,1.0,void Kokkos::Impl::cuda_parallel_launch_local_memory<Kokkos::Impl::ParallelFor<K...
gh200,sm90,other,,18,0,0,no,1.0,1.0,1.0,void Kokkos::Impl::cuda_parallel_launch_local_memory<Kokkos::Impl::ParallelFor<K...
gh200,sm90,other,,18,0,0,no,1.0,1.0,1.0,void Kokkos::Impl::cuda_parallel_launch_local_memory<Kokkos::Impl::ParallelFor<K...
gh200,sm90,other,,18,0,0,no,1.0,1.0,1.0,void Kokkos::Impl::cuda_parallel_launch_local_memory<Kokkos::Impl::ParallelFor<K...
gh200,sm90,other,,18,0,0,no,1.0,1.0,1.0,void Kokkos::Impl::cuda_parallel_launch_local_memory<Kokkos::Impl::ParallelFor<K...
gh200,sm90,other,,18,0,0,no,1.0,1.0,1.0,void Kokkos::Impl::cuda_parallel_launch_local_memory<Kokkos::Impl::ParallelFor<K...
gh200,sm90,other,,18,0,0,no,1.0,1.0,1.0,void Kokkos::Impl::cuda_parallel_launch_local_memory<Kokkos::Impl::ParallelFor<K...
gh200,sm90,other,,18,0,0,no,1.0,1.0,1.0,void Kokkos::Impl::cuda_parallel_launch_local_memory<Kokkos::Impl::ParallelFor<K...
gh200,sm90,other,,18,0,0,no,1.0,1.0,1.0,void Kokkos::Impl::cuda_parallel_launch_local_memory<Kokkos::Impl::ParallelFor<K...
gh200,sm90,other,,18,0,0,no,1.0,1.0,1.0,void Kokkos::Impl::cuda_parallel_launch_local_memory<Kokkos::Impl::ParallelFor<K...
gh200,sm90,other,,18,0,0,no,1.0,1.0,1.0,void Kokkos::Impl::cuda_parallel_launch_local_memory<Kokkos::Impl::ParallelFor<K...
gh200,sm90,other,,18,0,0,no,1.0,1.0,1.0,void Kokkos::Impl::cuda_parallel_launch_local_memory<Kokkos::Impl::ParallelFor<K...
gh200,sm90,other,,18,0,0,no,1.0,1.0,1.0,void Kokkos::Impl::cuda_parallel_launch_local_memory<Kokkos::Impl::ParallelFor<K...
gh200,sm90,other,,18,0,0,no,1.0,1.0,1.0,void Kokkos::Impl::cuda_parallel_launch_local_memory<Kokkos::Impl::ParallelFor<K...
gh200,sm90,other,,18,0,0,no,1.0,1.0,1.0,void Kokkos::Impl::cuda_parallel_launch_local_memory<Kokkos::Impl::ParallelFor<K...
gh200,sm90,other,,18,0,0,no,1.0,1.0,1.0,void Kokkos::Impl::cuda_parallel_launch_local_memory<Kokkos::Impl::ParallelFor<K...
gh200,sm90,other,,18,0,0,no,1.0,1.0,1.0,void Kokkos::Impl::cuda_parallel_launch_local_memory<Kokkos::Impl::ParallelFor<K...
gh200,sm90,other,,18,0,0,no,1.0,1.0,1.0,void Kokkos::Impl::cuda_parallel_launch_local_memory<Kokkos::Impl::ParallelFor<K...
gh200,sm90,other,,18,0,0,no,1.0,1.0,1.0,void Kokkos::Impl::cuda_parallel_launch_local_memory<Kokkos::Impl::ParallelFor<K...
gh200,sm90,other,,18,0,0,no,1.0,1.0,1.0,void Kokkos::Impl::cuda_parallel_launch_local_memory<Kokkos::Impl::ParallelFor<K...
gh200,sm90,other,,18,0,0,no,1.0,1.0,1.0,void Kokkos::Impl::cuda_parallel_launch_local_memory<Kokkos::Impl::ParallelFor<K...
gh200,sm90,other,,18,1024,0,no,1.0,1.0,1.0,void Kokkos::Impl::cuda_parallel_launch_local_memory<Kokkos::Impl::ParallelFor<K...
gh200,sm90,other,,18,1024,0,no,1.0,1.0,1.0,void Kokkos::Impl::cuda_parallel_launch_local_memory<Kokkos::Impl::ParallelFor<K...
gh200,sm90,other,,18,0,0,no,1.0,1.0,1.0,void Kokkos::Impl::cuda_parallel_launch_local_memory<Kokkos::Impl::ParallelFor<K...
gh200,sm90,other,,18,0,0,no,1.0,1.0,1.0,void Kokkos::Impl::cuda_parallel_launch_local_memory<Kokkos::Impl::ParallelFor<K...
gh200,sm90,other,,18,0,0,no,1.0,1.0,1.0,void Kokkos::Impl::cuda_parallel_launch_local_memory<Kokkos::Impl::ParallelFor<K...
gh200,sm90,other,,18,0,0,no,1.0,1.0,1.0,void Kokkos::Impl::cuda_parallel_launch_local_memory<Kokkos::Impl::ParallelFor<K...
gh200,sm90,other,,18,0,0,no,1.0,1.0,1.0,void Kokkos::Impl::cuda_parallel_launch_local_memory<Kokkos::Impl::ParallelFor<K...
gh200,sm90,other,,18,0,0,no,1.0,1.0,1.0,void Kokkos::Impl::cuda_parallel_launch_local_memory<Kokkos::Impl::ParallelFor<K...
gh200,sm90,other,,18,1024,0,no,1.0,1.0,1.0,void Kokkos::Impl::cuda_parallel_launch_local_memory<Kokkos::Impl::ParallelFor<K...
gh200,sm90,other,,18,1024,0,no,1.0,1.0,1.0,void Kokkos::Impl::cuda_parallel_launch_local_memory<Kokkos::Impl::ParallelFor<K...
gh200,sm90,other,,17,0,0,no,1.0,1.0,1.0,void Kokkos::Impl::cuda_parallel_launch_local_memory<Kokkos::Impl::ParallelFor<K...
gh200,sm90,other,,17,0,0,no,1.0,1.0,1.0,void Kokkos::Impl::cuda_parallel_launch_local_memory<Kokkos::Impl::ParallelFor<K...
gh200,sm90,other,,17,0,0,no,1.0,1.0,1.0,void Kokkos::Impl::cuda_parallel_launch_local_memory<Kokkos::Impl::ParallelFor<K...
gh200,sm90,other,,17,0,0,no,1.0,1.0,1.0,void Kokkos::Impl::cuda_parallel_launch_local_memory<Kokkos::Impl::ParallelFor<K...
gh200,sm90,other,,17,0,0,no,1.0,1.0,1.0,void Kokkos::Impl::cuda_parallel_launch_local_memory<Kokkos::Impl::ParallelFor<K...
gh200,sm90,other,,17,0,0,no,1.0,1.0,1.0,void Kokkos::Impl::cuda_parallel_launch_local_memory<Kokkos::Impl::ParallelFor<K...
gh200,sm90,other,,17,0,0,no,1.0,1.0,1.0,void Kokkos::Impl::cuda_parallel_launch_local_memory<Kokkos::Impl::ParallelFor<K...
gh200,sm90,other,,17,0,0,no,1.0,1.0,1.0,void Kokkos::Impl::cuda_parallel_launch_local_memory<Kokkos::Impl::ParallelFor<K...
gh200,sm90,other,,17,0,0,no,1.0,1.0,1.0,void Kokkos::Impl::cuda_parallel_launch_local_memory<Kokkos::Impl::ParallelFor<K...
gh200,sm90,other,,17,0,0,no,1.0,1.0,1.0,void Kokkos::Impl::cuda_parallel_launch_local_memory<Kokkos::Impl::ParallelFor<K...
gh200,sm90,other,,17,0,0,no,1.0,1.0,1.0,void Kokkos::Impl::cuda_parallel_launch_local_memory<Kokkos::Impl::ParallelFor<K...
gh200,sm90,other,,17,0,0,no,1.0,1.0,1.0,void Kokkos::Impl::cuda_parallel_launch_local_memory<Kokkos::Impl::ParallelFor<K...
gh200,sm90,other,,17,0,0,no,1.0,1.0,1.0,void Kokkos::Impl::cuda_parallel_launch_local_memory<Kokkos::Impl::ParallelFor<K...
gh200,sm90,other,,17,0,0,no,1.0,1.0,1.0,void Kokkos::Impl::cuda_parallel_launch_local_memory<Kokkos::Impl::ParallelFor<K...
gh200,sm90,other,,17,0,0,no,1.0,1.0,1.0,void Kokkos::Impl::cuda_parallel_launch_local_memory<Kokkos::Impl::ParallelFor<K...
gh200,sm90,other,,17,0,0,no,1.0,1.0,1.0,void Kokkos::Impl::cuda_parallel_launch_local_memory<Kokkos::Impl::ParallelFor<K...
gh200,sm90,other,,17,0,0,no,1.0,1.0,1.0,void Kokkos::Impl::cuda_parallel_launch_local_memory<Kokkos::Impl::ParallelFor<K...
gh200,sm90,other,,17,0,0,no,1.0,1.0,1.0,void Kokkos::Impl::cuda_parallel_launch_local_memory<Kokkos::Impl::ParallelFor<K...
gh200,sm90,other,,17,0,0,no,1.0,1.0,1.0,void Kokkos::Impl::cuda_parallel_launch_local_memory<Kokkos::Impl::ParallelFor<K...
gh200,sm90,other,,17,0,0,no,1.0,1.0,1.0,void Kokkos::Impl::cuda_parallel_launch_local_memory<Kokkos::Impl::ParallelFor<K...
gh200,sm90,other,,17,0,0,no,1.0,1.0,1.0,void Kokkos::Impl::cuda_parallel_launch_local_memory<Kokkos::Impl::ParallelFor<K...
gh200,sm90,other,,17,0,0,no,1.0,1.0,1.0,void Kokkos::Impl::cuda_parallel_launch_local_memory<Kokkos::Impl::ParallelFor<K...
gh200,sm90,other,,17,0,0,no,1.0,1.0,1.0,void Kokkos::Impl::cuda_parallel_launch_local_memory<Kokkos::Impl::ParallelFor<K...
gh200,sm90,other,,17,0,0,no,1.0,1.0,1.0,void Kokkos::Impl::cuda_parallel_launch_local_memory<Kokkos::Impl::ParallelFor<K...
gh200,sm90,other,,17,0,0,no,1.0,1.0,1.0,void Kokkos::Impl::cuda_parallel_launch_local_memory<Kokkos::Impl::ParallelFor<K...
gh200,sm90,other,,17,0,0,no,1.0,1.0,1.0,void Kokkos::Impl::cuda_parallel_launch_local_memory<Kokkos::Impl::ParallelFor<K...
gh200,sm90,other,,17,0,0,no,1.0,1.0,1.0,void Kokkos::Impl::cuda_parallel_launch_local_memory<Kokkos::Impl::ParallelFor<K...
gh200,sm90,other,,17,0,0,no,1.0,1.0,1.0,void Kokkos::Impl::cuda_parallel_launch_local_memory<Kokkos::Impl::ParallelFor<K...
gh200,sm90,other,,17,0,0,no,1.0,1.0,1.0,void Kokkos::Impl::cuda_parallel_launch_local_memory<Kokkos::Impl::ParallelFor<K...
gh200,sm90,other,,17,0,0,no,1.0,1.0,1.0,void Kokkos::Impl::cuda_parallel_launch_local_memory<Kokkos::Impl::ParallelFor<K...
gh200,sm90,other,,17,0,0,no,1.0,1.0,1.0,void Kokkos::Impl::cuda_parallel_launch_local_memory<Kokkos::Impl::ParallelFor<K...
gh200,sm90,other,,17,1024,0,no,1.0,1.0,1.0,void Kokkos::Impl::cuda_parallel_launch_local_memory<Kokkos::Impl::ParallelFor<K...
gh200,sm90,other,,17,1024,0,no,1.0,1.0,1.0,void Kokkos::Impl::cuda_parallel_launch_local_memory<Kokkos::Impl::ParallelFor<K...
gh200,sm90,other,,16,0,0,no,1.0,1.0,1.0,void Kokkos::Impl::cuda_parallel_launch_local_memory<Kokkos::Impl::ParallelFor<K...
gh200,sm90,other,,16,0,0,no,1.0,1.0,1.0,void Kokkos::Impl::cuda_parallel_launch_local_memory<Kokkos::Impl::ParallelFor<K...
gh200,sm90,other,,16,0,0,no,1.0,1.0,1.0,void Kokkos::Impl::cuda_parallel_launch_local_memory<Kokkos::Impl::ParallelFor<K...
gh200,sm90,other,,16,0,0,no,1.0,1.0,1.0,void Kokkos::Impl::cuda_parallel_launch_local_memory<Kokkos::Impl::ParallelFor<K...
gh200,sm90,other,,16,0,0,no,1.0,1.0,1.0,void Kokkos::Impl::cuda_parallel_launch_local_memory<Kokkos::Impl::ParallelFor<K...
gh200,sm90,other,,16,0,0,no,1.0,1.0,1.0,void Kokkos::Impl::cuda_parallel_launch_local_memory<Kokkos::Impl::ParallelFor<K...
gh200,sm90,other,,16,0,0,no,1.0,1.0,1.0,void Kokkos::Impl::cuda_parallel_launch_local_memory<Kokkos::Impl::ParallelFor<K...
gh200,sm90,other,,16,0,0,no,1.0,1.0,1.0,void Kokkos::Impl::cuda_parallel_launch_local_memory<Kokkos::Impl::ParallelFor<K...
gh200,sm90,other,,16,0,0,no,1.0,1.0,1.0,void Kokkos::Impl::cuda_parallel_launch_local_memory<Kokkos::Impl::ParallelFor<K...
gh200,sm90,other,,16,0,0,no,1.0,1.0,1.0,void Kokkos::Impl::cuda_parallel_launch_local_memory<Kokkos::Impl::ParallelFor<K...
gh200,sm90,other,,16,0,0,no,1.0,1.0,1.0,void Kokkos::Impl::cuda_parallel_launch_local_memory<Kokkos::Impl::ParallelFor<K...
gh200,sm90,other,,16,0,0,no,1.0,1.0,1.0,void Kokkos::Impl::cuda_parallel_launch_local_memory<Kokkos::Impl::ParallelFor<K...
gh200,sm90,other,,16,0,0,no,1.0,1.0,1.0,void Kokkos::Impl::cuda_parallel_launch_local_memory<Kokkos::Impl::ParallelFor<K...
gh200,sm90,other,,16,0,0,no,1.0,1.0,1.0,void Kokkos::Impl::cuda_parallel_launch_local_memory<Kokkos::Impl::ParallelFor<K...
gh200,sm90,other,,16,0,0,no,1.0,1.0,1.0,void Kokkos::Impl::cuda_parallel_launch_local_memory<Kokkos::Impl::ParallelFor<K...
gh200,sm90,other,,16,0,0,no,1.0,1.0,1.0,void Kokkos::Impl::cuda_parallel_launch_local_memory<Kokkos::Impl::ParallelFor<K...
gh200,sm90,other,,16,0,0,no,1.0,1.0,1.0,void Kokkos::Impl::cuda_parallel_launch_local_memory<Kokkos::Impl::ParallelFor<K...
gh200,sm90,other,,16,0,0,no,1.0,1.0,1.0,void Kokkos::Impl::cuda_parallel_launch_local_memory<Kokkos::Impl::ParallelFor<K...
gh200,sm90,other,,16,0,0,no,1.0,1.0,1.0,void Kokkos::Impl::cuda_parallel_launch_local_memory<Kokkos::Impl::ParallelFor<K...
gh200,sm90,other,,16,0,0,no,1.0,1.0,1.0,void Kokkos::Impl::cuda_parallel_launch_local_memory<Kokkos::Impl::ParallelFor<K...
gh200,sm90,other,,16,0,0,no,1.0,1.0,1.0,void Kokkos::Impl::cuda_parallel_launch_local_memory<Kokkos::Impl::ParallelFor<K...
gh200,sm90,other,,16,0,0,no,1.0,1.0,1.0,void Kokkos::Impl::cuda_parallel_launch_local_memory<Kokkos::Impl::ParallelFor<K...
gh200,sm90,other,,16,0,0,no,1.0,1.0,1.0,void Kokkos::Impl::cuda_parallel_launch_local_memory<Kokkos::Impl::ParallelFor<K...
gh200,sm90,other,,16,0,0,no,1.0,1.0,1.0,void Kokkos::Impl::cuda_parallel_launch_local_memory<Kokkos::Impl::ParallelFor<K...
gh200,sm90,other,,16,0,0,no,1.0,1.0,1.0,void Kokkos::Impl::cuda_parallel_launch_local_memory<Kokkos::Impl::ParallelFor<K...
gh200,sm90,other,,16,0,0,no,1.0,1.0,1.0,void Kokkos::Impl::cuda_parallel_launch_local_memory<Kokkos::Impl::ParallelFor<K...
gh200,sm90,other,,16,0,0,no,1.0,1.0,1.0,void Kokkos::Impl::cuda_parallel_launch_local_memory<Kokkos::Impl::ParallelFor<K...
gh200,sm90,other,,16,0,0,no,1.0,1.0,1.0,void Kokkos::Impl::cuda_parallel_launch_local_memory<Kokkos::Impl::ParallelFor<K...
gh200,sm90,other,,16,0,0,no,1.0,1.0,1.0,void Kokkos::Impl::cuda_parallel_launch_local_memory<Kokkos::Impl::ParallelFor<K...
gh200,sm90,other,,16,0,0,no,1.0,1.0,1.0,void Kokkos::Impl::cuda_parallel_launch_local_memory<Kokkos::Impl::ParallelFor<K...
gh200,sm90,other,,16,0,0,no,1.0,1.0,1.0,void Kokkos::Impl::cuda_parallel_launch_local_memory<Kokkos::Impl::ParallelFor<K...
gh200,sm90,other,,16,0,0,no,1.0,1.0,1.0,void Kokkos::Impl::cuda_parallel_launch_local_memory<Kokkos::Impl::ParallelFor<K...
gh200,sm90,other,,16,0,0,no,1.0,1.0,1.0,void Kokkos::Impl::cuda_parallel_launch_local_memory<Kokkos::Impl::ParallelFor<K...
gh200,sm90,other,,16,0,0,no,1.0,1.0,1.0,void Kokkos::Impl::cuda_parallel_launch_local_memory<Kokkos::Impl::ParallelFor<K...
gh200,sm90,other,,16,0,0,no,1.0,1.0,1.0,void Kokkos::Impl::cuda_parallel_launch_local_memory<Kokkos::Impl::ParallelFor<K...
gh200,sm90,other,,16,0,0,no,1.0,1.0,1.0,void Kokkos::Impl::cuda_parallel_launch_local_memory<Kokkos::Impl::ParallelFor<K...
gh200,sm90,other,,16,0,0,no,1.0,1.0,1.0,void Kokkos::Impl::cuda_parallel_launch_local_memory<Kokkos::Impl::ParallelFor<K...
gh200,sm90,other,,16,0,0,no,1.0,1.0,1.0,void Kokkos::Impl::cuda_parallel_launch_local_memory<Kokkos::Impl::ParallelFor<K...
gh200,sm90,other,,16,0,0,no,1.0,1.0,1.0,void Kokkos::Impl::cuda_parallel_launch_local_memory<Kokkos::Impl::ParallelFor<K...
gh200,sm90,other,,16,0,0,no,1.0,1.0,1.0,void Kokkos::Impl::cuda_parallel_launch_local_memory<Kokkos::Impl::ParallelFor<K...
gh200,sm90,other,,16,0,0,no,1.0,1.0,1.0,void Kokkos::Impl::cuda_parallel_launch_local_memory<Kokkos::Impl::ParallelFor<K...
gh200,sm90,other,,16,0,0,no,1.0,1.0,1.0,void Kokkos::Impl::cuda_parallel_launch_local_memory<Kokkos::Impl::ParallelFor<K...
gh200,sm90,other,,16,0,0,no,1.0,1.0,1.0,void Kokkos::Impl::cuda_parallel_launch_local_memory<Kokkos::Impl::ParallelFor<K...
gh200,sm90,other,,16,0,0,no,1.0,1.0,1.0,void Kokkos::Impl::cuda_parallel_launch_local_memory<Kokkos::Impl::ParallelFor<K...
gh200,sm90,other,,16,0,0,no,1.0,1.0,1.0,void Kokkos::Impl::cuda_parallel_launch_local_memory<Kokkos::Impl::ParallelFor<K...
gh200,sm90,other,,16,0,0,no,1.0,1.0,1.0,void Kokkos::Impl::cuda_parallel_launch_local_memory<Kokkos::Impl::ParallelFor<K...
gh200,sm90,other,,16,0,0,no,1.0,1.0,1.0,void Kokkos::Impl::cuda_parallel_launch_local_memory<Kokkos::Impl::ParallelFor<K...
gh200,sm90,other,,16,0,0,no,1.0,1.0,1.0,void Kokkos::Impl::cuda_parallel_launch_local_memory<Kokkos::Impl::ParallelFor<K...
gh200,sm90,other,,16,0,0,no,1.0,1.0,1.0,void Kokkos::Impl::cuda_parallel_launch_local_memory<Kokkos::Impl::ParallelFor<K...
gh200,sm90,other,,16,1024,0,no,1.0,1.0,1.0,void Kokkos::Impl::cuda_parallel_launch_local_memory<Kokkos::Impl::ParallelFor<K...
gh200,sm90,other,,16,1024,0,no,1.0,1.0,1.0,void Kokkos::Impl::cuda_parallel_launch_local_memory<Kokkos::Impl::ParallelFor<K...
gh200,sm90,other,,16,1024,0,no,1.0,1.0,1.0,void Kokkos::Impl::cuda_parallel_launch_local_memory<Kokkos::Impl::ParallelFor<K...
gh200,sm90,other,,16,1024,0,no,1.0,1.0,1.0,void Kokkos::Impl::cuda_parallel_launch_local_memory<Kokkos::Impl::ParallelFor<K...
gh200,sm90,other,,16,1024,0,no,1.0,1.0,1.0,void Kokkos::Impl::cuda_parallel_launch_local_memory<Kokkos::Impl::ParallelFor<K...
gh200,sm90,other,,16,1024,0,no,1.0,1.0,1.0,void Kokkos::Impl::cuda_parallel_launch_local_memory<Kokkos::Impl::ParallelFor<K...
gh200,sm90,other,,16,0,0,no,1.0,1.0,1.0,void Kokkos::Impl::cuda_parallel_launch_local_memory<Kokkos::Impl::ParallelFor<K...
gh200,sm90,other,,16,0,0,no,1.0,1.0,1.0,void Kokkos::Impl::cuda_parallel_launch_local_memory<Kokkos::Impl::ParallelFor<K...
gh200,sm90,other,,16,1024,0,no,1.0,1.0,1.0,void Kokkos::Impl::cuda_parallel_launch_local_memory<Kokkos::Impl::ParallelFor<K...
gh200,sm90,other,,16,1024,0,no,1.0,1.0,1.0,void Kokkos::Impl::cuda_parallel_launch_local_memory<Kokkos::Impl::ParallelFor<K...
gh200,sm90,other,,16,1024,0,no,1.0,1.0,1.0,void Kokkos::Impl::cuda_parallel_launch_local_memory<Kokkos::Impl::ParallelFor<K...
gh200,sm90,other,,16,1024,0,no,1.0,1.0,1.0,void Kokkos::Impl::cuda_parallel_launch_local_memory<Kokkos::Impl::ParallelFor<K...
gh200,sm90,other,,16,1024,0,no,1.0,1.0,1.0,void Kokkos::Impl::cuda_parallel_launch_local_memory<Kokkos::Impl::ParallelFor<K...
gh200,sm90,other,,16,1024,0,no,1.0,1.0,1.0,void Kokkos::Impl::cuda_parallel_launch_local_memory<Kokkos::Impl::ParallelFor<K...
gh200,sm90,other,,16,0,0,no,1.0,1.0,1.0,void Kokkos::Impl::cuda_parallel_launch_local_memory<Kokkos::Impl::ParallelFor<K...
gh200,sm90,other,,16,0,0,no,1.0,1.0,1.0,void Kokkos::Impl::cuda_parallel_launch_local_memory<Kokkos::Impl::ParallelFor<K...
gh200,sm90,other,,16,1024,0,no,1.0,1.0,1.0,void Kokkos::Impl::cuda_parallel_launch_local_memory<Kokkos::Impl::ParallelFor<K...
gh200,sm90,other,,16,1024,0,no,1.0,1.0,1.0,void Kokkos::Impl::cuda_parallel_launch_local_memory<Kokkos::Impl::ParallelFor<K...
gh200,sm90,other,,16,1024,0,no,1.0,1.0,1.0,void Kokkos::Impl::cuda_parallel_launch_local_memory<Kokkos::Impl::ParallelFor<K...
gh200,sm90,other,,16,1024,0,no,1.0,1.0,1.0,void Kokkos::Impl::cuda_parallel_launch_local_memory<Kokkos::Impl::ParallelFor<K...
gh200,sm90,other,,16,1024,0,no,1.0,1.0,1.0,void Kokkos::Impl::cuda_parallel_launch_local_memory<Kokkos::Impl::ParallelFor<K...
gh200,sm90,other,,16,1024,0,no,1.0,1.0,1.0,void Kokkos::Impl::cuda_parallel_launch_local_memory<Kokkos::Impl::ParallelFor<K...
gh200,sm90,other,,16,1024,0,no,1.0,1.0,1.0,void Kokkos::Impl::cuda_parallel_launch_local_memory<Kokkos::Impl::ParallelFor<K...
gh200,sm90,other,,16,1024,0,no,1.0,1.0,1.0,void Kokkos::Impl::cuda_parallel_launch_local_memory<Kokkos::Impl::ParallelFor<K...
gh200,sm90,other,,16,1024,0,no,1.0,1.0,1.0,void Kokkos::Impl::cuda_parallel_launch_local_memory<Kokkos::Impl::ParallelFor<K...
gh200,sm90,other,,16,1024,0,no,1.0,1.0,1.0,void Kokkos::Impl::cuda_parallel_launch_local_memory<Kokkos::Impl::ParallelFor<K...
gh200,sm90,other,,16,1024,0,no,1.0,1.0,1.0,void Kokkos::Impl::cuda_parallel_launch_local_memory<Kokkos::Impl::ParallelFor<K...
gh200,sm90,other,,16,1024,0,no,1.0,1.0,1.0,void Kokkos::Impl::cuda_parallel_launch_local_memory<Kokkos::Impl::ParallelFor<K...
gh200,sm90,other,,16,1024,0,no,1.0,1.0,1.0,void Kokkos::Impl::cuda_parallel_launch_local_memory<Kokkos::Impl::ParallelFor<K...
gh200,sm90,other,,16,1024,0,no,1.0,1.0,1.0,void Kokkos::Impl::cuda_parallel_launch_local_memory<Kokkos::Impl::ParallelFor<K...
gh200,sm90,other,,16,1024,0,no,1.0,1.0,1.0,void Kokkos::Impl::cuda_parallel_launch_local_memory<Kokkos::Impl::ParallelFor<K...
gh200,sm90,other,,16,1024,0,no,1.0,1.0,1.0,void Kokkos::Impl::cuda_parallel_launch_local_memory<Kokkos::Impl::ParallelFor<K...
gh200,sm90,other,,16,0,0,no,1.0,1.0,1.0,void Kokkos::Impl::cuda_parallel_launch_local_memory<Kokkos::Impl::ParallelFor<K...
gh200,sm90,other,,16,0,0,no,1.0,1.0,1.0,void Kokkos::Impl::cuda_parallel_launch_local_memory<Kokkos::Impl::ParallelFor<K...
gh200,sm90,other,,16,0,0,no,1.0,1.0,1.0,void Kokkos::Impl::cuda_parallel_launch_local_memory<Kokkos::Impl::ParallelFor<K...
gh200,sm90,other,,16,0,0,no,1.0,1.0,1.0,void Kokkos::Impl::cuda_parallel_launch_local_memory<Kokkos::Impl::ParallelFor<K...
gh200,sm90,other,,16,0,0,no,1.0,1.0,1.0,void Kokkos::Impl::cuda_parallel_launch_local_memory<Kokkos::Impl::ParallelFor<K...
gh200,sm90,other,,16,0,0,no,1.0,1.0,1.0,void Kokkos::Impl::cuda_parallel_launch_local_memory<Kokkos::Impl::ParallelFor<K...
gh200,sm90,other,,16,0,0,no,1.0,1.0,1.0,void Kokkos::Impl::cuda_parallel_launch_local_memory<Kokkos::Impl::ParallelFor<K...
gh200,sm90,other,,16,0,0,no,1.0,1.0,1.0,void Kokkos::Impl::cuda_parallel_launch_local_memory<Kokkos::Impl::ParallelFor<K...
gh200,sm90,other,,16,0,0,no,1.0,1.0,1.0,void Kokkos::Impl::cuda_parallel_launch_local_memory<Kokkos::Impl::ParallelFor<K...
gh200,sm90,other,,16,0,0,no,1.0,1.0,1.0,void Kokkos::Impl::cuda_parallel_launch_local_memory<Kokkos::Impl::ParallelFor<K...
gh200,sm90,other,,16,0,0,no,1.0,1.0,1.0,void Kokkos::Impl::cuda_parallel_launch_local_memory<Kokkos::Impl::ParallelFor<K...
gh200,sm90,other,,16,0,0,no,1.0,1.0,1.0,void Kokkos::Impl::cuda_parallel_launch_local_memory<Kokkos::Impl::ParallelFor<K...
gh200,sm90,other,,16,0,0,no,1.0,1.0,1.0,void Kokkos::Impl::cuda_parallel_launch_local_memory<Kokkos::Impl::ParallelFor<K...
gh200,sm90,other,,16,0,0,no,1.0,1.0,1.0,void Kokkos::Impl::cuda_parallel_launch_local_memory<Kokkos::Impl::ParallelFor<K...
gh200,sm90,other,,16,0,0,no,1.0,1.0,1.0,void Kokkos::Impl::cuda_parallel_launch_local_memory<Kokkos::Impl::ParallelFor<K...
gh200,sm90,other,,16,0,0,no,1.0,1.0,1.0,void Kokkos::Impl::cuda_parallel_launch_local_memory<Kokkos::Impl::ParallelFor<K...
gh200,sm90,other,,16,0,0,no,1.0,1.0,1.0,void Kokkos::Impl::cuda_parallel_launch_local_memory<Kokkos::Impl::ParallelFor<K...
gh200,sm90,other,,16,0,0,no,1.0,1.0,1.0,void Kokkos::Impl::cuda_parallel_launch_local_memory<Kokkos::Impl::ParallelFor<K...
gh200,sm90,other,,16,0,0,no,1.0,1.0,1.0,void Kokkos::Impl::cuda_parallel_launch_local_memory<Kokkos::Impl::ParallelFor<K...
gh200,sm90,other,,16,0,0,no,1.0,1.0,1.0,void Kokkos::Impl::cuda_parallel_launch_local_memory<Kokkos::Impl::ParallelFor<K...
gh200,sm90,other,,16,0,0,no,1.0,1.0,1.0,void Kokkos::Impl::cuda_parallel_launch_local_memory<Kokkos::Impl::ParallelFor<K...
gh200,sm90,other,,16,0,0,no,1.0,1.0,1.0,void Kokkos::Impl::cuda_parallel_launch_local_memory<Kokkos::Impl::ParallelFor<K...
gh200,sm90,other,,16,0,0,no,1.0,1.0,1.0,void Kokkos::Impl::cuda_parallel_launch_local_memory<Kokkos::Impl::ParallelFor<K...
gh200,sm90,other,,16,0,0,no,1.0,1.0,1.0,void Kokkos::Impl::cuda_parallel_launch_local_memory<Kokkos::Impl::ParallelFor<K...
gh200,sm90,other,,16,0,0,no,1.0,1.0,1.0,void Kokkos::Impl::cuda_parallel_launch_local_memory<Kokkos::Impl::ParallelFor<K...
gh200,sm90,other,,16,0,0,no,1.0,1.0,1.0,void Kokkos::Impl::cuda_parallel_launch_local_memory<Kokkos::Impl::ParallelFor<K...
gh200,sm90,other,,16,0,0,no,1.0,1.0,1.0,void Kokkos::Impl::cuda_parallel_launch_local_memory<Kokkos::Impl::ParallelFor<K...
gh200,sm90,other,,16,0,0,no,1.0,1.0,1.0,void Kokkos::Impl::cuda_parallel_launch_local_memory<Kokkos::Impl::ParallelFor<K...
gh200,sm90,other,,16,0,0,no,1.0,1.0,1.0,void Kokkos::Impl::cuda_parallel_launch_local_memory<Kokkos::Impl::ParallelFor<K...
gh200,sm90,other,,16,0,0,no,1.0,1.0,1.0,void Kokkos::Impl::cuda_parallel_launch_local_memory<Kokkos::Impl::ParallelFor<K...
gh200,sm90,other,,16,1024,0,no,1.0,1.0,1.0,void Kokkos::Impl::cuda_parallel_launch_local_memory<Kokkos::Impl::ParallelFor<K...
gh200,sm90,other,,16,1024,0,no,1.0,1.0,1.0,void Kokkos::Impl::cuda_parallel_launch_local_memory<Kokkos::Impl::ParallelFor<K...
gh200,sm90,other,,16,0,0,no,1.0,1.0,1.0,void Kokkos::Impl::cuda_parallel_launch_local_memory<Kokkos::Impl::ParallelFor<K...
gh200,sm90,other,,16,0,0,no,1.0,1.0,1.0,void Kokkos::Impl::cuda_parallel_launch_local_memory<Kokkos::Impl::ParallelFor<K...
gh200,sm90,other,,16,1024,0,no,1.0,1.0,1.0,void Kokkos::Impl::cuda_parallel_launch_local_memory<Kokkos::Impl::ParallelFor<K...
gh200,sm90,other,,16,1024,0,no,1.0,1.0,1.0,void Kokkos::Impl::cuda_parallel_launch_local_memory<Kokkos::Impl::ParallelFor<K...
gh200,sm90,other,,16,0,0,no,1.0,1.0,1.0,void Kokkos::Impl::cuda_parallel_launch_local_memory<Kokkos::Impl::ParallelFor<K...
gh200,sm90,other,,16,0,0,no,1.0,1.0,1.0,void Kokkos::Impl::cuda_parallel_launch_local_memory<Kokkos::Impl::ParallelFor<K...
gh200,sm90,other,,16,1024,0,no,1.0,1.0,1.0,void Kokkos::Impl::cuda_parallel_launch_local_memory<Kokkos::Impl::ParallelFor<K...
gh200,sm90,other,,16,1024,0,no,1.0,1.0,1.0,void Kokkos::Impl::cuda_parallel_launch_local_memory<Kokkos::Impl::ParallelFor<K...
gh200,sm90,other,,16,0,0,no,1.0,1.0,1.0,void Kokkos::Impl::cuda_parallel_launch_local_memory<Kokkos::Impl::ParallelFor<K...
gh200,sm90,other,,16,0,0,no,1.0,1.0,1.0,void Kokkos::Impl::cuda_parallel_launch_local_memory<Kokkos::Impl::ParallelFor<K...
gh200,sm90,other,,16,0,0,no,1.0,1.0,1.0,void Kokkos::Impl::cuda_parallel_launch_local_memory<Kokkos::Impl::ParallelFor<K...
gh200,sm90,other,,16,0,0,no,1.0,1.0,1.0,void Kokkos::Impl::cuda_parallel_launch_local_memory<Kokkos::Impl::ParallelFor<K...
gh200,sm90,other,,16,0,0,no,1.0,1.0,1.0,void Kokkos::Impl::cuda_parallel_launch_local_memory<Kokkos::Impl::ParallelFor<K...
gh200,sm90,other,,16,0,0,no,1.0,1.0,1.0,void Kokkos::Impl::cuda_parallel_launch_local_memory<Kokkos::Impl::ParallelFor<K...
gh200,sm90,other,,16,0,0,no,1.0,1.0,1.0,void Kokkos::Impl::cuda_parallel_launch_local_memory<Kokkos::Impl::ParallelFor<K...
gh200,sm90,other,,16,0,0,no,1.0,1.0,1.0,void Kokkos::Impl::cuda_parallel_launch_local_memory<Kokkos::Impl::ParallelFor<K...
gh200,sm90,other,,16,0,0,no,1.0,1.0,1.0,void Kokkos::Impl::cuda_parallel_launch_local_memory<Kokkos::Impl::ParallelFor<K...
gh200,sm90,other,,16,0,0,no,1.0,1.0,1.0,void Kokkos::Impl::cuda_parallel_launch_local_memory<Kokkos::Impl::ParallelFor<K...
gh200,sm90,other,,16,0,0,no,1.0,1.0,1.0,void Kokkos::Impl::cuda_parallel_launch_local_memory<Kokkos::Impl::ParallelFor<K...
gh200,sm90,other,,16,0,0,no,1.0,1.0,1.0,void Kokkos::Impl::cuda_parallel_launch_local_memory<Kokkos::Impl::ParallelFor<K...
gh200,sm90,other,,16,0,0,no,1.0,1.0,1.0,void Kokkos::Impl::cuda_parallel_launch_local_memory<Kokkos::Impl::ParallelFor<K...
gh200,sm90,other,,16,0,0,no,1.0,1.0,1.0,void Kokkos::Impl::cuda_parallel_launch_local_memory<Kokkos::Impl::ParallelFor<K...
gh200,sm90,other,,16,0,0,no,1.0,1.0,1.0,void Kokkos::Impl::cuda_parallel_launch_local_memory<Kokkos::Impl::ParallelFor<K...
gh200,sm90,other,,16,0,0,no,1.0,1.0,1.0,void Kokkos::Impl::cuda_parallel_launch_local_memory<Kokkos::Impl::ParallelFor<K...
gh200,sm90,other,,16,0,0,no,1.0,1.0,1.0,void Kokkos::Impl::cuda_parallel_launch_local_memory<Kokkos::Impl::ParallelFor<K...
gh200,sm90,other,,16,0,0,no,1.0,1.0,1.0,void Kokkos::Impl::cuda_parallel_launch_local_memory<Kokkos::Impl::ParallelFor<K...
gh200,sm90,other,,16,0,0,no,1.0,1.0,1.0,void Kokkos::Impl::cuda_parallel_launch_local_memory<Kokkos::Impl::ParallelFor<K...
gh200,sm90,other,,16,0,0,no,1.0,1.0,1.0,void Kokkos::Impl::cuda_parallel_launch_local_memory<Kokkos::Impl::ParallelFor<K...
gh200,sm90,other,,16,0,0,no,1.0,1.0,1.0,void Kokkos::Impl::cuda_parallel_launch_local_memory<Kokkos::Impl::ParallelFor<K...
gh200,sm90,other,,16,0,0,no,1.0,1.0,1.0,void Kokkos::Impl::cuda_parallel_launch_local_memory<Kokkos::Impl::ParallelFor<K...
gh200,sm90,other,,16,0,0,no,1.0,1.0,1.0,void Kokkos::Impl::cuda_parallel_launch_local_memory<Kokkos::Impl::ParallelFor<K...
gh200,sm90,other,,16,0,0,no,1.0,1.0,1.0,void Kokkos::Impl::cuda_parallel_launch_local_memory<Kokkos::Impl::ParallelFor<K...
gh200,sm90,other,,16,0,0,no,1.0,1.0,1.0,void Kokkos::Impl::cuda_parallel_launch_local_memory<Kokkos::Impl::ParallelFor<K...
gh200,sm90,other,,16,0,0,no,1.0,1.0,1.0,void Kokkos::Impl::cuda_parallel_launch_local_memory<Kokkos::Impl::ParallelFor<K...
gh200,sm90,other,,16,0,0,no,1.0,1.0,1.0,void Kokkos::Impl::cuda_parallel_launch_local_memory<Kokkos::Impl::ParallelFor<K...
gh200,sm90,other,,16,0,0,no,1.0,1.0,1.0,void Kokkos::Impl::cuda_parallel_launch_local_memory<Kokkos::Impl::ParallelFor<K...
gh200,sm90,other,,16,0,0,no,1.0,1.0,1.0,void Kokkos::Impl::cuda_parallel_launch_local_memory<Kokkos::Impl::ParallelFor<K...
gh200,sm90,other,,16,0,0,no,1.0,1.0,1.0,void Kokkos::Impl::cuda_parallel_launch_local_memory<Kokkos::Impl::ParallelFor<K...
gh200,sm90,other,,16,1024,0,no,1.0,1.0,1.0,void Kokkos::Impl::cuda_parallel_launch_local_memory<Kokkos::Impl::ParallelFor<K...
gh200,sm90,other,,16,1024,0,no,1.0,1.0,1.0,void Kokkos::Impl::cuda_parallel_launch_local_memory<Kokkos::Impl::ParallelFor<K...
gh200,sm90,other,,16,0,0,no,1.0,1.0,1.0,void Kokkos::Impl::cuda_parallel_launch_local_memory<Kokkos::Impl::ParallelFor<K...
gh200,sm90,other,,16,0,0,no,1.0,1.0,1.0,void Kokkos::Impl::cuda_parallel_launch_local_memory<Kokkos::Impl::ParallelFor<K...
gh200,sm90,other,,16,1024,0,no,1.0,1.0,1.0,void Kokkos::Impl::cuda_parallel_launch_local_memory<Kokkos::Impl::ParallelFor<K...
gh200,sm90,other,,16,1024,0,no,1.0,1.0,1.0,void Kokkos::Impl::cuda_parallel_launch_local_memory<Kokkos::Impl::ParallelFor<K...
gh200,sm90,other,,16,0,0,no,1.0,1.0,1.0,void Kokkos::Impl::cuda_parallel_launch_local_memory<Kokkos::Impl::ParallelFor<K...
gh200,sm90,other,,16,0,0,no,1.0,1.0,1.0,void Kokkos::Impl::cuda_parallel_launch_local_memory<Kokkos::Impl::ParallelFor<K...
gh200,sm90,other,,16,1024,0,no,1.0,1.0,1.0,void Kokkos::Impl::cuda_parallel_launch_local_memory<Kokkos::Impl::ParallelFor<K...
gh200,sm90,other,,16,1024,0,no,1.0,1.0,1.0,void Kokkos::Impl::cuda_parallel_launch_local_memory<Kokkos::Impl::ParallelFor<K...
gh200,sm90,other,,16,0,0,no,1.0,1.0,1.0,void Kokkos::Impl::cuda_parallel_launch_local_memory<Kokkos::Impl::ParallelFor<K...
gh200,sm90,other,,16,0,0,no,1.0,1.0,1.0,void Kokkos::Impl::cuda_parallel_launch_local_memory<Kokkos::Impl::ParallelFor<K...
gh200,sm90,other,,16,0,0,no,1.0,1.0,1.0,void Kokkos::Impl::cuda_parallel_launch_local_memory<Kokkos::Impl::ParallelFor<K...
gh200,sm90,other,,16,0,0,no,1.0,1.0,1.0,void Kokkos::Impl::cuda_parallel_launch_local_memory<Kokkos::Impl::ParallelFor<K...
gh200,sm90,other,,16,0,0,no,1.0,1.0,1.0,void Kokkos::Impl::cuda_parallel_launch_local_memory<Kokkos::Impl::ParallelFor<K...
gh200,sm90,other,,16,0,0,no,1.0,1.0,1.0,void Kokkos::Impl::cuda_parallel_launch_local_memory<Kokkos::Impl::ParallelFor<K...
gh200,sm90,other,,16,0,0,no,1.0,1.0,1.0,void Kokkos::Impl::cuda_parallel_launch_local_memory<Kokkos::Impl::ParallelFor<K...
gh200,sm90,other,,16,0,0,no,1.0,1.0,1.0,void Kokkos::Impl::cuda_parallel_launch_local_memory<Kokkos::Impl::ParallelFor<K...
gh200,sm90,other,,16,0,0,no,1.0,1.0,1.0,void Kokkos::Impl::cuda_parallel_launch_local_memory<Kokkos::Impl::ParallelFor<K...
gh200,sm90,other,,16,0,0,no,1.0,1.0,1.0,void Kokkos::Impl::cuda_parallel_launch_local_memory<Kokkos::Impl::ParallelFor<K...
gh200,sm90,other,,16,0,0,no,1.0,1.0,1.0,void Kokkos::Impl::cuda_parallel_launch_local_memory<Kokkos::Impl::ParallelFor<K...
gh200,sm90,other,,16,0,0,no,1.0,1.0,1.0,void Kokkos::Impl::cuda_parallel_launch_local_memory<Kokkos::Impl::ParallelFor<K...
gh200,sm90,other,,16,0,0,no,1.0,1.0,1.0,void Kokkos::Impl::cuda_parallel_launch_local_memory<Kokkos::Impl::ParallelFor<K...
gh200,sm90,other,,16,0,0,no,1.0,1.0,1.0,void Kokkos::Impl::cuda_parallel_launch_local_memory<Kokkos::Impl::ParallelFor<K...
gh200,sm90,other,,16,1024,0,no,1.0,1.0,1.0,void Kokkos::Impl::cuda_parallel_launch_local_memory<Kokkos::Impl::ParallelFor<K...
gh200,sm90,other,,16,1024,0,no,1.0,1.0,1.0,void Kokkos::Impl::cuda_parallel_launch_local_memory<Kokkos::Impl::ParallelFor<K...
gh200,sm90,other,,16,0,0,no,1.0,1.0,1.0,void Kokkos::Impl::cuda_parallel_launch_local_memory<Kokkos::Impl::ParallelFor<K...
gh200,sm90,other,,16,0,0,no,1.0,1.0,1.0,void Kokkos::Impl::cuda_parallel_launch_local_memory<Kokkos::Impl::ParallelFor<K...
gh200,sm90,other,,16,0,0,no,1.0,1.0,1.0,void Kokkos::Impl::cuda_parallel_launch_local_memory<Kokkos::Impl::ParallelFor<K...
gh200,sm90,other,,16,0,0,no,1.0,1.0,1.0,void Kokkos::Impl::cuda_parallel_launch_local_memory<Kokkos::Impl::ParallelFor<K...
gh200,sm90,other,,16,0,0,no,1.0,1.0,1.0,void Kokkos::Impl::cuda_parallel_launch_local_memory<Kokkos::Impl::ParallelFor<K...
gh200,sm90,other,,16,0,0,no,1.0,1.0,1.0,void Kokkos::Impl::cuda_parallel_launch_local_memory<Kokkos::Impl::ParallelFor<K...
gh200,sm90,other,,16,0,0,no,1.0,1.0,1.0,void Kokkos::Impl::cuda_parallel_launch_local_memory<Kokkos::Impl::ParallelFor<K...
gh200,sm90,other,,16,0,0,no,1.0,1.0,1.0,void Kokkos::Impl::cuda_parallel_launch_local_memory<Kokkos::Impl::ParallelFor<K...
gh200,sm90,other,,16,0,0,no,1.0,1.0,1.0,void Kokkos::Impl::cuda_parallel_launch_local_memory<Kokkos::Impl::ParallelFor<K...
gh200,sm90,other,,16,0,0,no,1.0,1.0,1.0,void Kokkos::Impl::cuda_parallel_launch_local_memory<Kokkos::Impl::ParallelFor<K...
gh200,sm90,other,,16,0,0,no,1.0,1.0,1.0,void Kokkos::Impl::cuda_parallel_launch_local_memory<Kokkos::Impl::ParallelFor<K...
gh200,sm90,other,,16,0,0,no,1.0,1.0,1.0,void Kokkos::Impl::cuda_parallel_launch_local_memory<Kokkos::Impl::ParallelFor<K...
gh200,sm90,other,,16,0,0,no,1.0,1.0,1.0,void Kokkos::Impl::cuda_parallel_launch_local_memory<Kokkos::Impl::ParallelFor<K...
gh200,sm90,other,,16,0,0,no,1.0,1.0,1.0,void Kokkos::Impl::cuda_parallel_launch_local_memory<Kokkos::Impl::ParallelFor<K...
gh200,sm90,other,,16,0,0,no,1.0,1.0,1.0,void Kokkos::Impl::cuda_parallel_launch_local_memory<Kokkos::Impl::ParallelFor<K...
gh200,sm90,other,,16,0,0,no,1.0,1.0,1.0,void Kokkos::Impl::cuda_parallel_launch_local_memory<Kokkos::Impl::ParallelFor<K...
gh200,sm90,other,,16,0,0,no,1.0,1.0,1.0,void Kokkos::Impl::cuda_parallel_launch_local_memory<Kokkos::Impl::ParallelFor<K...
gh200,sm90,other,,16,0,0,no,1.0,1.0,1.0,void Kokkos::Impl::cuda_parallel_launch_local_memory<Kokkos::Impl::ParallelFor<K...
gh200,sm90,other,,16,0,0,no,1.0,1.0,1.0,void Kokkos::Impl::cuda_parallel_launch_local_memory<Kokkos::Impl::ParallelFor<K...
gh200,sm90,other,,16,0,0,no,1.0,1.0,1.0,void Kokkos::Impl::cuda_parallel_launch_local_memory<Kokkos::Impl::ParallelFor<K...
gh200,sm90,other,,16,0,0,no,1.0,1.0,1.0,void Kokkos::Impl::cuda_parallel_launch_local_memory<Kokkos::Impl::ParallelFor<K...
gh200,sm90,other,,16,0,0,no,1.0,1.0,1.0,void Kokkos::Impl::cuda_parallel_launch_local_memory<Kokkos::Impl::ParallelFor<K...
gh200,sm90,other,,16,0,0,no,1.0,1.0,1.0,void Kokkos::Impl::cuda_parallel_launch_local_memory<Kokkos::Impl::ParallelFor<K...
gh200,sm90,other,,16,0,0,no,1.0,1.0,1.0,void Kokkos::Impl::cuda_parallel_launch_local_memory<Kokkos::Impl::ParallelFor<K...
gh200,sm90,other,,16,0,0,no,1.0,1.0,1.0,void Kokkos::Impl::cuda_parallel_launch_local_memory<Kokkos::Impl::ParallelFor<K...
gh200,sm90,other,,16,0,0,no,1.0,1.0,1.0,void Kokkos::Impl::cuda_parallel_launch_local_memory<Kokkos::Impl::ParallelFor<K...
gh200,sm90,other,,16,0,0,no,1.0,1.0,1.0,void Kokkos::Impl::cuda_parallel_launch_local_memory<Kokkos::Impl::ParallelFor<K...
gh200,sm90,other,,16,0,0,no,1.0,1.0,1.0,void Kokkos::Impl::cuda_parallel_launch_local_memory<Kokkos::Impl::ParallelFor<K...
gh200,sm90,other,,16,1024,0,no,1.0,1.0,1.0,void Kokkos::Impl::cuda_parallel_launch_local_memory<Kokkos::Impl::ParallelFor<K...
gh200,sm90,other,,16,1024,0,no,1.0,1.0,1.0,void Kokkos::Impl::cuda_parallel_launch_local_memory<Kokkos::Impl::ParallelFor<K...
gh200,sm90,other,,16,0,0,no,1.0,1.0,1.0,void Kokkos::Impl::cuda_parallel_launch_local_memory<Kokkos::Impl::ParallelFor<K...
gh200,sm90,other,,16,0,0,no,1.0,1.0,1.0,void Kokkos::Impl::cuda_parallel_launch_local_memory<Kokkos::Impl::ParallelFor<K...
gh200,sm90,other,,16,1024,0,no,1.0,1.0,1.0,void Kokkos::Impl::cuda_parallel_launch_local_memory<Kokkos::Impl::ParallelFor<K...
gh200,sm90,other,,16,1024,0,no,1.0,1.0,1.0,void Kokkos::Impl::cuda_parallel_launch_local_memory<Kokkos::Impl::ParallelFor<K...
gh200,sm90,other,,16,0,0,no,1.0,1.0,1.0,void Kokkos::Impl::cuda_parallel_launch_local_memory<Kokkos::Impl::ParallelFor<K...
gh200,sm90,other,,16,0,0,no,1.0,1.0,1.0,void Kokkos::Impl::cuda_parallel_launch_local_memory<Kokkos::Impl::ParallelFor<K...
gh200,sm90,other,,16,0,0,no,1.0,1.0,1.0,void Kokkos::Impl::cuda_parallel_launch_local_memory<Kokkos::Impl::ParallelFor<K...
gh200,sm90,other,,16,0,0,no,1.0,1.0,1.0,void Kokkos::Impl::cuda_parallel_launch_local_memory<Kokkos::Impl::ParallelFor<K...
gh200,sm90,other,,16,0,0,no,1.0,1.0,1.0,void Kokkos::Impl::cuda_parallel_launch_local_memory<Kokkos::Impl::ParallelFor<K...
gh200,sm90,other,,16,0,0,no,1.0,1.0,1.0,void Kokkos::Impl::cuda_parallel_launch_local_memory<Kokkos::Impl::ParallelFor<K...
gh200,sm90,other,,16,0,0,no,1.0,1.0,1.0,void Kokkos::Impl::cuda_parallel_launch_local_memory<Kokkos::Impl::ParallelFor<K...
gh200,sm90,other,,16,0,0,no,1.0,1.0,1.0,void Kokkos::Impl::cuda_parallel_launch_local_memory<Kokkos::Impl::ParallelFor<K...
gh200,sm90,other,,16,0,0,no,1.0,1.0,1.0,void Kokkos::Impl::cuda_parallel_launch_local_memory<Kokkos::Impl::ParallelFor<K...
gh200,sm90,other,,16,0,0,no,1.0,1.0,1.0,void Kokkos::Impl::cuda_parallel_launch_local_memory<Kokkos::Impl::ParallelFor<K...
gh200,sm90,other,,16,0,0,no,1.0,1.0,1.0,void Kokkos::Impl::cuda_parallel_launch_local_memory<Kokkos::Impl::ParallelFor<K...
gh200,sm90,other,,16,0,0,no,1.0,1.0,1.0,void Kokkos::Impl::cuda_parallel_launch_local_memory<Kokkos::Impl::ParallelFor<K...
gh200,sm90,other,,16,0,0,no,1.0,1.0,1.0,void Kokkos::Impl::cuda_parallel_launch_local_memory<Kokkos::Impl::ParallelFor<K...
gh200,sm90,other,,16,0,0,no,1.0,1.0,1.0,void Kokkos::Impl::cuda_parallel_launch_local_memory<Kokkos::Impl::ParallelFor<K...
gh200,sm90,other,,16,1024,0,no,1.0,1.0,1.0,void Kokkos::Impl::cuda_parallel_launch_local_memory<Kokkos::Impl::ParallelFor<K...
gh200,sm90,other,,16,1024,0,no,1.0,1.0,1.0,void Kokkos::Impl::cuda_parallel_launch_local_memory<Kokkos::Impl::ParallelFor<K...
gh200,sm90,other,,16,0,0,no,1.0,1.0,1.0,void Kokkos::Impl::cuda_parallel_launch_local_memory<Kokkos::Impl::ParallelFor<K...
gh200,sm90,other,,16,0,0,no,1.0,1.0,1.0,void Kokkos::Impl::cuda_parallel_launch_local_memory<Kokkos::Impl::ParallelFor<K...
gh200,sm90,other,,16,1024,0,no,1.0,1.0,1.0,void Kokkos::Impl::cuda_parallel_launch_local_memory<Kokkos::Impl::ParallelFor<K...
gh200,sm90,other,,16,1024,0,no,1.0,1.0,1.0,void Kokkos::Impl::cuda_parallel_launch_local_memory<Kokkos::Impl::ParallelFor<K...
gh200,sm90,other,,16,0,0,no,1.0,1.0,1.0,void Kokkos::Impl::cuda_parallel_launch_local_memory<Kokkos::Impl::ParallelFor<K...
gh200,sm90,other,,16,0,0,no,1.0,1.0,1.0,void Kokkos::Impl::cuda_parallel_launch_local_memory<Kokkos::Impl::ParallelFor<K...
gh200,sm90,other,,16,0,0,no,1.0,1.0,1.0,void Kokkos::Impl::cuda_parallel_launch_local_memory<Kokkos::Impl::ParallelFor<K...
gh200,sm90,other,,16,0,0,no,1.0,1.0,1.0,void Kokkos::Impl::cuda_parallel_launch_local_memory<Kokkos::Impl::ParallelFor<K...
gh200,sm90,other,,16,0,0,no,1.0,1.0,1.0,void Kokkos::Impl::cuda_parallel_launch_local_memory<Kokkos::Impl::ParallelFor<K...
gh200,sm90,other,,16,0,0,no,1.0,1.0,1.0,void Kokkos::Impl::cuda_parallel_launch_local_memory<Kokkos::Impl::ParallelFor<K...
gh200,sm90,other,,16,0,0,no,1.0,1.0,1.0,void Kokkos::Impl::cuda_parallel_launch_local_memory<Kokkos::Impl::ParallelFor<K...
gh200,sm90,other,,16,0,0,no,1.0,1.0,1.0,void Kokkos::Impl::cuda_parallel_launch_local_memory<Kokkos::Impl::ParallelFor<K...
gh200,sm90,other,,16,0,0,no,1.0,1.0,1.0,void Kokkos::Impl::cuda_parallel_launch_local_memory<Kokkos::Impl::ParallelFor<K...
gh200,sm90,other,,16,0,0,no,1.0,1.0,1.0,void Kokkos::Impl::cuda_parallel_launch_local_memory<Kokkos::Impl::ParallelFor<K...
gh200,sm90,other,,16,0,0,no,1.0,1.0,1.0,void Kokkos::Impl::cuda_parallel_launch_local_memory<Kokkos::Impl::ParallelFor<K...
gh200,sm90,other,,16,0,0,no,1.0,1.0,1.0,void Kokkos::Impl::cuda_parallel_launch_local_memory<Kokkos::Impl::ParallelFor<K...
gh200,sm90,other,,16,0,0,no,1.0,1.0,1.0,void Kokkos::Impl::cuda_parallel_launch_local_memory<Kokkos::Impl::ParallelFor<K...
gh200,sm90,other,,16,0,0,no,1.0,1.0,1.0,void Kokkos::Impl::cuda_parallel_launch_local_memory<Kokkos::Impl::ParallelFor<K...
gh200,sm90,other,,16,1024,0,no,1.0,1.0,1.0,void Kokkos::Impl::cuda_parallel_launch_local_memory<Kokkos::Impl::ParallelFor<K...
gh200,sm90,other,,16,1024,0,no,1.0,1.0,1.0,void Kokkos::Impl::cuda_parallel_launch_local_memory<Kokkos::Impl::ParallelFor<K...
gh200,sm90,other,,16,1024,0,no,1.0,1.0,1.0,void Kokkos::Impl::cuda_parallel_launch_local_memory<Kokkos::Impl::ParallelFor<K...
gh200,sm90,other,,16,1024,0,no,1.0,1.0,1.0,void Kokkos::Impl::cuda_parallel_launch_local_memory<Kokkos::Impl::ParallelFor<K...
gh200,sm90,other,,16,0,0,no,1.0,1.0,1.0,void Kokkos::Impl::cuda_parallel_launch_local_memory<Kokkos::Impl::ParallelFor<K...
gh200,sm90,other,,16,0,0,no,1.0,1.0,1.0,void Kokkos::Impl::cuda_parallel_launch_local_memory<Kokkos::Impl::ParallelFor<K...
gh200,sm90,other,,16,0,0,no,1.0,1.0,1.0,void Kokkos::Impl::cuda_parallel_launch_local_memory<Kokkos::Impl::ParallelFor<K...
gh200,sm90,other,,16,0,0,no,1.0,1.0,1.0,void Kokkos::Impl::cuda_parallel_launch_local_memory<Kokkos::Impl::ParallelFor<K...
gh200,sm90,other,,16,0,0,no,1.0,1.0,1.0,void Kokkos::Impl::cuda_parallel_launch_local_memory<Kokkos::Impl::ParallelFor<K...
gh200,sm90,other,,16,0,0,no,1.0,1.0,1.0,void Kokkos::Impl::cuda_parallel_launch_local_memory<Kokkos::Impl::ParallelFor<K...
gh200,sm90,other,,16,0,0,no,1.0,1.0,1.0,void Kokkos::Impl::cuda_parallel_launch_local_memory<Kokkos::Impl::ParallelFor<K...
gh200,sm90,other,,16,0,0,no,1.0,1.0,1.0,void Kokkos::Impl::cuda_parallel_launch_local_memory<Kokkos::Impl::ParallelFor<K...
gh200,sm90,other,,16,0,0,no,1.0,1.0,1.0,void Kokkos::Impl::cuda_parallel_launch_local_memory<Kokkos::Impl::ParallelFor<K...
gh200,sm90,other,,16,0,0,no,1.0,1.0,1.0,void Kokkos::Impl::cuda_parallel_launch_local_memory<Kokkos::Impl::ParallelFor<K...
gh200,sm90,other,,16,0,0,no,1.0,1.0,1.0,void Kokkos::Impl::cuda_parallel_launch_local_memory<Kokkos::Impl::ParallelFor<K...
gh200,sm90,other,,16,0,0,no,1.0,1.0,1.0,void Kokkos::Impl::cuda_parallel_launch_local_memory<Kokkos::Impl::ParallelFor<K...
gh200,sm90,other,,16,0,0,no,1.0,1.0,1.0,void Kokkos::Impl::cuda_parallel_launch_local_memory<Kokkos::Impl::ParallelFor<K...
gh200,sm90,other,,16,0,0,no,1.0,1.0,1.0,void Kokkos::Impl::cuda_parallel_launch_local_memory<Kokkos::Impl::ParallelFor<K...
gh200,sm90,other,,16,0,0,no,1.0,1.0,1.0,void Kokkos::Impl::cuda_parallel_launch_local_memory<Kokkos::Impl::ParallelFor<K...
gh200,sm90,other,,16,0,0,no,1.0,1.0,1.0,void Kokkos::Impl::cuda_parallel_launch_local_memory<Kokkos::Impl::ParallelFor<K...
gh200,sm90,other,,16,1024,0,no,1.0,1.0,1.0,void Kokkos::Impl::cuda_parallel_launch_local_memory<Kokkos::Impl::ParallelFor<K...
gh200,sm90,other,,16,1024,0,no,1.0,1.0,1.0,void Kokkos::Impl::cuda_parallel_launch_local_memory<Kokkos::Impl::ParallelFor<K...
gh200,sm90,other,,16,0,0,no,1.0,1.0,1.0,void Kokkos::Impl::cuda_parallel_launch_local_memory<Kokkos::Impl::ParallelFor<K...
gh200,sm90,other,,16,0,0,no,1.0,1.0,1.0,void Kokkos::Impl::cuda_parallel_launch_local_memory<Kokkos::Impl::ParallelFor<K...
gh200,sm90,other,,16,0,0,no,1.0,1.0,1.0,void Kokkos::Impl::cuda_parallel_launch_local_memory<Kokkos::Impl::ParallelFor<K...
gh200,sm90,other,,16,0,0,no,1.0,1.0,1.0,void Kokkos::Impl::cuda_parallel_launch_local_memory<Kokkos::Impl::ParallelFor<K...
gh200,sm90,other,,16,0,0,no,1.0,1.0,1.0,void Kokkos::Impl::cuda_parallel_launch_local_memory<Kokkos::Impl::ParallelFor<K...
gh200,sm90,other,,16,0,0,no,1.0,1.0,1.0,void Kokkos::Impl::cuda_parallel_launch_local_memory<Kokkos::Impl::ParallelFor<K...
gh200,sm90,other,,16,0,0,no,1.0,1.0,1.0,void Kokkos::Impl::cuda_parallel_launch_local_memory<Kokkos::Impl::ParallelFor<K...
gh200,sm90,other,,16,0,0,no,1.0,1.0,1.0,void Kokkos::Impl::cuda_parallel_launch_local_memory<Kokkos::Impl::ParallelFor<K...
gh200,sm90,other,,16,0,0,no,1.0,1.0,1.0,void Kokkos::Impl::cuda_parallel_launch_local_memory<Kokkos::Impl::ParallelFor<K...
gh200,sm90,other,,16,0,0,no,1.0,1.0,1.0,void Kokkos::Impl::cuda_parallel_launch_local_memory<Kokkos::Impl::ParallelFor<K...
gh200,sm90,other,,16,1024,0,no,1.0,1.0,1.0,void Kokkos::Impl::cuda_parallel_launch_local_memory<Kokkos::Impl::ParallelFor<K...
gh200,sm90,other,,16,1024,0,no,1.0,1.0,1.0,void Kokkos::Impl::cuda_parallel_launch_local_memory<Kokkos::Impl::ParallelFor<K...
gh200,sm90,other,,16,1024,0,no,1.0,1.0,1.0,void Kokkos::Impl::cuda_parallel_launch_local_memory<Kokkos::Impl::ParallelFor<K...
gh200,sm90,other,,16,1024,0,no,1.0,1.0,1.0,void Kokkos::Impl::cuda_parallel_launch_local_memory<Kokkos::Impl::ParallelFor<K...
gh200,sm90,other,,16,0,0,no,1.0,1.0,1.0,void Kokkos::Impl::cuda_parallel_launch_local_memory<Kokkos::Impl::ParallelFor<K...
gh200,sm90,other,,16,0,0,no,1.0,1.0,1.0,void Kokkos::Impl::cuda_parallel_launch_local_memory<Kokkos::Impl::ParallelFor<K...
gh200,sm90,other,,16,0,0,no,1.0,1.0,1.0,void Kokkos::Impl::cuda_parallel_launch_local_memory<Kokkos::Impl::ParallelFor<K...
gh200,sm90,other,,16,0,0,no,1.0,1.0,1.0,void Kokkos::Impl::cuda_parallel_launch_local_memory<Kokkos::Impl::ParallelFor<K...
gh200,sm90,other,,16,1024,0,no,1.0,1.0,1.0,void Kokkos::Impl::cuda_parallel_launch_local_memory<Kokkos::Impl::ParallelFor<K...
gh200,sm90,other,,16,1024,0,no,1.0,1.0,1.0,void Kokkos::Impl::cuda_parallel_launch_local_memory<Kokkos::Impl::ParallelFor<K...
gh200,sm90,other,,16,0,0,no,1.0,1.0,1.0,void Kokkos::Impl::cuda_parallel_launch_local_memory<Kokkos::Impl::ParallelFor<K...
gh200,sm90,other,,16,0,0,no,1.0,1.0,1.0,void Kokkos::Impl::cuda_parallel_launch_local_memory<Kokkos::Impl::ParallelFor<K...
gh200,sm90,other,,16,1024,0,no,1.0,1.0,1.0,void Kokkos::Impl::cuda_parallel_launch_local_memory<Kokkos::Impl::ParallelFor<K...
gh200,sm90,other,,16,1024,0,no,1.0,1.0,1.0,void Kokkos::Impl::cuda_parallel_launch_local_memory<Kokkos::Impl::ParallelFor<K...
gh200,sm90,other,,16,1024,0,no,1.0,1.0,1.0,void Kokkos::Impl::cuda_parallel_launch_local_memory<Kokkos::Impl::ParallelFor<K...
gh200,sm90,other,,16,1024,0,no,1.0,1.0,1.0,void Kokkos::Impl::cuda_parallel_launch_local_memory<Kokkos::Impl::ParallelFor<K...
gh200,sm90,other,,16,0,0,no,1.0,1.0,1.0,void Kokkos::Impl::cuda_parallel_launch_local_memory<Kokkos::Impl::ParallelFor<K...
gh200,sm90,other,,16,0,0,no,1.0,1.0,1.0,void Kokkos::Impl::cuda_parallel_launch_local_memory<Kokkos::Impl::ParallelFor<K...
gh200,sm90,other,,16,0,0,no,1.0,1.0,1.0,void Kokkos::Impl::cuda_parallel_launch_local_memory<Kokkos::Impl::ParallelFor<K...
gh200,sm90,other,,16,0,0,no,1.0,1.0,1.0,void Kokkos::Impl::cuda_parallel_launch_local_memory<Kokkos::Impl::ParallelFor<K...
gh200,sm90,other,,16,0,0,no,1.0,1.0,1.0,void Kokkos::Impl::cuda_parallel_launch_local_memory<Kokkos::Impl::ParallelFor<K...
gh200,sm90,other,,16,0,0,no,1.0,1.0,1.0,void Kokkos::Impl::cuda_parallel_launch_local_memory<Kokkos::Impl::ParallelFor<K...
gh200,sm90,other,,16,0,0,no,1.0,1.0,1.0,void Kokkos::Impl::cuda_parallel_launch_local_memory<Kokkos::Impl::ParallelFor<K...
gh200,sm90,other,,16,0,0,no,1.0,1.0,1.0,void Kokkos::Impl::cuda_parallel_launch_local_memory<Kokkos::Impl::ParallelFor<K...
gh200,sm90,other,,16,0,0,no,1.0,1.0,1.0,void Kokkos::Impl::cuda_parallel_launch_local_memory<Kokkos::Impl::ParallelFor<K...
gh200,sm90,other,,16,0,0,no,1.0,1.0,1.0,void Kokkos::Impl::cuda_parallel_launch_local_memory<Kokkos::Impl::ParallelFor<K...
gh200,sm90,other,,16,1024,0,no,1.0,1.0,1.0,void Kokkos::Impl::cuda_parallel_launch_local_memory<Kokkos::Impl::ParallelFor<K...
gh200,sm90,other,,16,1024,0,no,1.0,1.0,1.0,void Kokkos::Impl::cuda_parallel_launch_local_memory<Kokkos::Impl::ParallelFor<K...
gh200,sm90,other,,16,1024,0,no,1.0,1.0,1.0,void Kokkos::Impl::cuda_parallel_launch_local_memory<Kokkos::Impl::ParallelFor<K...
gh200,sm90,other,,16,1024,0,no,1.0,1.0,1.0,void Kokkos::Impl::cuda_parallel_launch_local_memory<Kokkos::Impl::ParallelFor<K...
gh200,sm90,other,,16,0,0,no,1.0,1.0,1.0,void Kokkos::Impl::cuda_parallel_launch_local_memory<Kokkos::Impl::ParallelFor<K...
gh200,sm90,other,,16,0,0,no,1.0,1.0,1.0,void Kokkos::Impl::cuda_parallel_launch_local_memory<Kokkos::Impl::ParallelFor<K...
gh200,sm90,other,,16,0,0,no,1.0,1.0,1.0,void Kokkos::Impl::cuda_parallel_launch_local_memory<Kokkos::Impl::ParallelFor<K...
gh200,sm90,other,,16,0,0,no,1.0,1.0,1.0,void Kokkos::Impl::cuda_parallel_launch_local_memory<Kokkos::Impl::ParallelFor<K...
gh200,sm90,other,,16,0,0,no,1.0,1.0,1.0,void Kokkos::Impl::cuda_parallel_launch_local_memory<Kokkos::Impl::ParallelFor<K...
gh200,sm90,other,,16,0,0,no,1.0,1.0,1.0,void Kokkos::Impl::cuda_parallel_launch_local_memory<Kokkos::Impl::ParallelFor<K...
gh200,sm90,other,,16,1024,0,no,1.0,1.0,1.0,void Kokkos::Impl::cuda_parallel_launch_local_memory<Kokkos::Impl::ParallelFor<K...
gh200,sm90,other,,16,1024,0,no,1.0,1.0,1.0,void Kokkos::Impl::cuda_parallel_launch_local_memory<Kokkos::Impl::ParallelFor<K...
gh200,sm90,other,,16,1024,0,no,1.0,1.0,1.0,void Kokkos::Impl::cuda_parallel_launch_local_memory<Kokkos::Impl::ParallelFor<K...
gh200,sm90,other,,16,1024,0,no,1.0,1.0,1.0,void Kokkos::Impl::cuda_parallel_launch_local_memory<Kokkos::Impl::ParallelFor<K...
gh200,sm90,other,,16,0,0,no,1.0,1.0,1.0,void Kokkos::Impl::cuda_parallel_launch_local_memory<Kokkos::Impl::ParallelFor<K...
gh200,sm90,other,,16,0,0,no,1.0,1.0,1.0,void Kokkos::Impl::cuda_parallel_launch_local_memory<Kokkos::Impl::ParallelFor<K...
gh200,sm90,other,,16,0,0,no,1.0,1.0,1.0,void Kokkos::Impl::cuda_parallel_launch_local_memory<Kokkos::Impl::ParallelFor<K...
gh200,sm90,other,,16,0,0,no,1.0,1.0,1.0,void Kokkos::Impl::cuda_parallel_launch_local_memory<Kokkos::Impl::ParallelFor<K...
gh200,sm90,other,,16,0,0,no,1.0,1.0,1.0,void Kokkos::Impl::cuda_parallel_launch_local_memory<Kokkos::Impl::ParallelFor<K...
gh200,sm90,other,,16,0,0,no,1.0,1.0,1.0,void Kokkos::Impl::cuda_parallel_launch_local_memory<Kokkos::Impl::ParallelFor<K...
gh200,sm90,other,,16,0,0,no,1.0,1.0,1.0,void Kokkos::Impl::cuda_parallel_launch_local_memory<Kokkos::Impl::ParallelFor<K...
gh200,sm90,other,,16,0,0,no,1.0,1.0,1.0,void Kokkos::Impl::cuda_parallel_launch_local_memory<Kokkos::Impl::ParallelFor<K...
gh200,sm90,other,,16,0,0,no,1.0,1.0,1.0,void Kokkos::Impl::cuda_parallel_launch_local_memory<Kokkos::Impl::ParallelFor<K...
gh200,sm90,other,,16,0,0,no,1.0,1.0,1.0,void Kokkos::Impl::cuda_parallel_launch_local_memory<Kokkos::Impl::ParallelFor<K...
gh200,sm90,other,,16,0,0,no,1.0,1.0,1.0,void Kokkos::Impl::cuda_parallel_launch_local_memory<Kokkos::Impl::ParallelFor<K...
gh200,sm90,other,,16,0,0,no,1.0,1.0,1.0,void Kokkos::Impl::cuda_parallel_launch_local_memory<Kokkos::Impl::ParallelFor<K...
gh200,sm90,other,,16,0,0,no,1.0,1.0,1.0,void Kokkos::Impl::cuda_parallel_launch_local_memory<Kokkos::Impl::ParallelFor<K...
gh200,sm90,other,,16,0,0,no,1.0,1.0,1.0,void Kokkos::Impl::cuda_parallel_launch_local_memory<Kokkos::Impl::ParallelFor<K...
gh200,sm90,other,,16,0,0,no,1.0,1.0,1.0,void Kokkos::Impl::cuda_parallel_launch_local_memory<Kokkos::Impl::ParallelFor<K...
gh200,sm90,other,,16,0,0,no,1.0,1.0,1.0,void Kokkos::Impl::cuda_parallel_launch_local_memory<Kokkos::Impl::ParallelFor<K...
gh200,sm90,other,,16,0,0,no,1.0,1.0,1.0,void Kokkos::Impl::cuda_parallel_launch_local_memory<Kokkos::Impl::ParallelFor<K...
gh200,sm90,other,,16,0,0,no,1.0,1.0,1.0,void Kokkos::Impl::cuda_parallel_launch_local_memory<Kokkos::Impl::ParallelFor<K...
gh200,sm90,other,,16,1024,0,no,1.0,1.0,1.0,void Kokkos::Impl::cuda_parallel_launch_local_memory<Kokkos::Impl::ParallelFor<K...
gh200,sm90,other,,16,1024,0,no,1.0,1.0,1.0,void Kokkos::Impl::cuda_parallel_launch_local_memory<Kokkos::Impl::ParallelFor<K...
gh200,sm90,other,,16,0,0,no,1.0,1.0,1.0,void Kokkos::Impl::cuda_parallel_launch_local_memory<Kokkos::Impl::ParallelFor<K...
gh200,sm90,other,,16,0,0,no,1.0,1.0,1.0,void Kokkos::Impl::cuda_parallel_launch_local_memory<Kokkos::Impl::ParallelFor<K...
gh200,sm90,other,,16,0,0,no,1.0,1.0,1.0,void Kokkos::Impl::cuda_parallel_launch_local_memory<Kokkos::Impl::ParallelFor<K...
gh200,sm90,other,,16,0,0,no,1.0,1.0,1.0,void Kokkos::Impl::cuda_parallel_launch_local_memory<Kokkos::Impl::ParallelFor<K...
gh200,sm90,other,,16,0,0,no,1.0,1.0,1.0,void Kokkos::Impl::cuda_parallel_launch_local_memory<Kokkos::Impl::ParallelFor<K...
gh200,sm90,other,,16,0,0,no,1.0,1.0,1.0,void Kokkos::Impl::cuda_parallel_launch_local_memory<Kokkos::Impl::ParallelFor<K...
gh200,sm90,other,,16,0,0,no,1.0,1.0,1.0,void Kokkos::Impl::cuda_parallel_launch_local_memory<Kokkos::Impl::ParallelFor<K...
gh200,sm90,other,,16,0,0,no,1.0,1.0,1.0,void Kokkos::Impl::cuda_parallel_launch_local_memory<Kokkos::Impl::ParallelFor<K...
gh200,sm90,other,,16,0,0,no,1.0,1.0,1.0,void Kokkos::Impl::cuda_parallel_launch_local_memory<Kokkos::Impl::ParallelFor<K...
gh200,sm90,other,,16,0,0,no,1.0,1.0,1.0,void Kokkos::Impl::cuda_parallel_launch_local_memory<Kokkos::Impl::ParallelFor<K...
gh200,sm90,other,,16,1024,0,no,1.0,1.0,1.0,void Kokkos::Impl::cuda_parallel_launch_local_memory<Kokkos::Impl::ParallelFor<K...
gh200,sm90,other,,16,1024,0,no,1.0,1.0,1.0,void Kokkos::Impl::cuda_parallel_launch_local_memory<Kokkos::Impl::ParallelFor<K...
gh200,sm90,other,,16,0,0,no,1.0,1.0,1.0,void Kokkos::Impl::cuda_parallel_launch_local_memory<Kokkos::Impl::ParallelFor<K...
gh200,sm90,other,,16,0,0,no,1.0,1.0,1.0,void Kokkos::Impl::cuda_parallel_launch_local_memory<Kokkos::Impl::ParallelFor<K...
gh200,sm90,other,,16,0,0,no,1.0,1.0,1.0,void Kokkos::Impl::cuda_parallel_launch_local_memory<Kokkos::Impl::ParallelFor<K...
gh200,sm90,other,,16,0,0,no,1.0,1.0,1.0,void Kokkos::Impl::cuda_parallel_launch_local_memory<Kokkos::Impl::ParallelFor<K...
gh200,sm90,other,,16,0,0,no,1.0,1.0,1.0,void Kokkos::Impl::cuda_parallel_launch_local_memory<Kokkos::Impl::ParallelFor<K...
gh200,sm90,other,,16,0,0,no,1.0,1.0,1.0,void Kokkos::Impl::cuda_parallel_launch_local_memory<Kokkos::Impl::ParallelFor<K...
gh200,sm90,other,,16,0,0,no,1.0,1.0,1.0,void Kokkos::Impl::cuda_parallel_launch_local_memory<Kokkos::Impl::ParallelFor<K...
gh200,sm90,other,,16,0,0,no,1.0,1.0,1.0,void Kokkos::Impl::cuda_parallel_launch_local_memory<Kokkos::Impl::ParallelFor<K...
gh200,sm90,other,,16,0,0,no,1.0,1.0,1.0,void Kokkos::Impl::cuda_parallel_launch_local_memory<Kokkos::Impl::ParallelFor<K...
gh200,sm90,other,,16,0,0,no,1.0,1.0,1.0,void Kokkos::Impl::cuda_parallel_launch_local_memory<Kokkos::Impl::ParallelFor<K...
gh200,sm90,other,,16,0,0,no,1.0,1.0,1.0,void Kokkos::Impl::cuda_parallel_launch_local_memory<Kokkos::Impl::ParallelFor<K...
gh200,sm90,other,,16,0,0,no,1.0,1.0,1.0,void Kokkos::Impl::cuda_parallel_launch_local_memory<Kokkos::Impl::ParallelFor<K...
gh200,sm90,other,,16,0,0,no,1.0,1.0,1.0,void Kokkos::Impl::cuda_parallel_launch_local_memory<Kokkos::Impl::ParallelFor<K...
gh200,sm90,other,,16,0,0,no,1.0,1.0,1.0,void Kokkos::Impl::cuda_parallel_launch_local_memory<Kokkos::Impl::ParallelFor<K...
gh200,sm90,other,,16,0,0,no,1.0,1.0,1.0,void Kokkos::Impl::cuda_parallel_launch_local_memory<Kokkos::Impl::ParallelFor<K...
gh200,sm90,other,,16,0,0,no,1.0,1.0,1.0,void Kokkos::Impl::cuda_parallel_launch_local_memory<Kokkos::Impl::ParallelFor<K...
gh200,sm90,other,,15,0,0,no,1.0,1.0,1.0,void Kokkos::Impl::cuda_parallel_launch_local_memory<Kokkos::Impl::ParallelFor<K...
gh200,sm90,other,,15,0,0,no,1.0,1.0,1.0,void Kokkos::Impl::cuda_parallel_launch_local_memory<Kokkos::Impl::ParallelFor<K...
gh200,sm90,other,,15,0,0,no,1.0,1.0,1.0,void Kokkos::Impl::cuda_parallel_launch_local_memory<Kokkos::Impl::ParallelFor<K...
gh200,sm90,other,,15,0,0,no,1.0,1.0,1.0,void Kokkos::Impl::cuda_parallel_launch_local_memory<Kokkos::Impl::ParallelFor<K...
gh200,sm90,other,,15,0,0,no,1.0,1.0,1.0,void Kokkos::Impl::cuda_parallel_launch_local_memory<Kokkos::Impl::ParallelFor<K...
gh200,sm90,other,,15,0,0,no,1.0,1.0,1.0,void Kokkos::Impl::cuda_parallel_launch_local_memory<Kokkos::Impl::ParallelFor<K...
gh200,sm90,other,,15,0,0,no,1.0,1.0,1.0,void Kokkos::Impl::cuda_parallel_launch_local_memory<Kokkos::Impl::ParallelFor<K...
gh200,sm90,other,,15,0,0,no,1.0,1.0,1.0,void Kokkos::Impl::cuda_parallel_launch_local_memory<Kokkos::Impl::ParallelFor<K...
gh200,sm90,other,,15,0,0,no,1.0,1.0,1.0,void Kokkos::Impl::cuda_parallel_launch_local_memory<Kokkos::Impl::ParallelFor<K...
gh200,sm90,other,,15,0,0,no,1.0,1.0,1.0,void Kokkos::Impl::cuda_parallel_launch_local_memory<Kokkos::Impl::ParallelFor<K...
gh200,sm90,other,,15,0,0,no,1.0,1.0,1.0,void Kokkos::Impl::cuda_parallel_launch_local_memory<Kokkos::Impl::ParallelFor<K...
gh200,sm90,other,,15,0,0,no,1.0,1.0,1.0,void Kokkos::Impl::cuda_parallel_launch_local_memory<Kokkos::Impl::ParallelFor<K...
gh200,sm90,other,,15,0,0,no,1.0,1.0,1.0,void Kokkos::Impl::cuda_parallel_launch_local_memory<Kokkos::Impl::ParallelFor<K...
gh200,sm90,other,,15,0,0,no,1.0,1.0,1.0,void Kokkos::Impl::cuda_parallel_launch_local_memory<Kokkos::Impl::ParallelFor<K...
gh200,sm90,other,,15,0,0,no,1.0,1.0,1.0,void Kokkos::Impl::cuda_parallel_launch_local_memory<Kokkos::Impl::ParallelFor<K...
gh200,sm90,other,,15,0,0,no,1.0,1.0,1.0,void Kokkos::Impl::cuda_parallel_launch_local_memory<Kokkos::Impl::ParallelFor<K...
gh200,sm90,other,,15,0,0,no,1.0,1.0,1.0,void Kokkos::Impl::cuda_parallel_launch_local_memory<Kokkos::Impl::ParallelFor<K...
gh200,sm90,other,,15,0,0,no,1.0,1.0,1.0,void Kokkos::Impl::cuda_parallel_launch_local_memory<Kokkos::Impl::ParallelFor<K...
gh200,sm90,other,,15,0,0,no,1.0,1.0,1.0,void Kokkos::Impl::cuda_parallel_launch_local_memory<Kokkos::Impl::ParallelFor<K...
gh200,sm90,other,,15,0,0,no,1.0,1.0,1.0,void Kokkos::Impl::cuda_parallel_launch_local_memory<Kokkos::Impl::ParallelFor<K...
gh200,sm90,other,,15,0,0,no,1.0,1.0,1.0,void Kokkos::Impl::cuda_parallel_launch_local_memory<Kokkos::Impl::ParallelFor<K...
gh200,sm90,other,,15,0,0,no,1.0,1.0,1.0,void Kokkos::Impl::cuda_parallel_launch_local_memory<Kokkos::Impl::ParallelFor<K...
gh200,sm90,other,,15,0,0,no,1.0,1.0,1.0,void Kokkos::Impl::cuda_parallel_launch_local_memory<Kokkos::Impl::ParallelFor<K...
gh200,sm90,other,,15,0,0,no,1.0,1.0,1.0,void Kokkos::Impl::cuda_parallel_launch_local_memory<Kokkos::Impl::ParallelFor<K...
gh200,sm90,other,,15,0,0,no,1.0,1.0,1.0,void Kokkos::Impl::cuda_parallel_launch_local_memory<Kokkos::Impl::ParallelFor<K...
gh200,sm90,other,,15,0,0,no,1.0,1.0,1.0,void Kokkos::Impl::cuda_parallel_launch_local_memory<Kokkos::Impl::ParallelFor<K...
gh200,sm90,other,,15,0,0,no,1.0,1.0,1.0,void Kokkos::Impl::cuda_parallel_launch_local_memory<Kokkos::Impl::ParallelFor<K...
gh200,sm90,other,,15,0,0,no,1.0,1.0,1.0,void Kokkos::Impl::cuda_parallel_launch_local_memory<Kokkos::Impl::ParallelFor<K...
gh200,sm90,other,,15,0,0,no,1.0,1.0,1.0,void Kokkos::Impl::cuda_parallel_launch_local_memory<Kokkos::Impl::ParallelFor<K...
gh200,sm90,other,,15,0,0,no,1.0,1.0,1.0,void Kokkos::Impl::cuda_parallel_launch_local_memory<Kokkos::Impl::ParallelFor<K...
gh200,sm90,other,,15,0,0,no,1.0,1.0,1.0,void Kokkos::Impl::cuda_parallel_launch_local_memory<Kokkos::Impl::ParallelFor<K...
gh200,sm90,other,,15,0,0,no,1.0,1.0,1.0,void Kokkos::Impl::cuda_parallel_launch_local_memory<Kokkos::Impl::ParallelFor<K...
gh200,sm90,other,,15,0,0,no,1.0,1.0,1.0,void Kokkos::Impl::cuda_parallel_launch_local_memory<Kokkos::Impl::ParallelFor<K...
gh200,sm90,other,,15,0,0,no,1.0,1.0,1.0,void Kokkos::Impl::cuda_parallel_launch_local_memory<Kokkos::Impl::ParallelFor<K...
gh200,sm90,other,,15,0,0,no,1.0,1.0,1.0,void Kokkos::Impl::cuda_parallel_launch_local_memory<Kokkos::Impl::ParallelFor<K...
gh200,sm90,other,,15,0,0,no,1.0,1.0,1.0,void Kokkos::Impl::cuda_parallel_launch_local_memory<Kokkos::Impl::ParallelFor<K...
gh200,sm90,other,,15,0,0,no,1.0,1.0,1.0,void Kokkos::Impl::cuda_parallel_launch_local_memory<Kokkos::Impl::ParallelFor<K...
gh200,sm90,other,,15,0,0,no,1.0,1.0,1.0,void Kokkos::Impl::cuda_parallel_launch_local_memory<Kokkos::Impl::ParallelFor<K...
gh200,sm90,other,,15,0,0,no,1.0,1.0,1.0,void Kokkos::Impl::cuda_parallel_launch_local_memory<Kokkos::Impl::ParallelFor<K...
gh200,sm90,other,,15,0,0,no,1.0,1.0,1.0,void Kokkos::Impl::cuda_parallel_launch_local_memory<Kokkos::Impl::ParallelFor<K...
gh200,sm90,other,,15,0,0,no,1.0,1.0,1.0,void Kokkos::Impl::cuda_parallel_launch_local_memory<Kokkos::Impl::ParallelFor<K...
gh200,sm90,other,,15,0,0,no,1.0,1.0,1.0,void Kokkos::Impl::cuda_parallel_launch_local_memory<Kokkos::Impl::ParallelFor<K...
gh200,sm90,other,,15,1024,0,no,1.0,1.0,1.0,void Kokkos::Impl::cuda_parallel_launch_local_memory<Kokkos::Impl::ParallelFor<K...
gh200,sm90,other,,15,1024,0,no,1.0,1.0,1.0,void Kokkos::Impl::cuda_parallel_launch_local_memory<Kokkos::Impl::ParallelFor<K...
gh200,sm90,other,,15,1024,0,no,1.0,1.0,1.0,void Kokkos::Impl::cuda_parallel_launch_local_memory<Kokkos::Impl::ParallelFor<K...
gh200,sm90,other,,15,1024,0,no,1.0,1.0,1.0,void Kokkos::Impl::cuda_parallel_launch_local_memory<Kokkos::Impl::ParallelFor<K...
gh200,sm90,other,,15,1024,0,no,1.0,1.0,1.0,void Kokkos::Impl::cuda_parallel_launch_local_memory<Kokkos::Impl::ParallelFor<K...
gh200,sm90,other,,15,1024,0,no,1.0,1.0,1.0,void Kokkos::Impl::cuda_parallel_launch_local_memory<Kokkos::Impl::ParallelFor<K...
gh200,sm90,other,,15,0,0,no,1.0,1.0,1.0,void Kokkos::Impl::cuda_parallel_launch_local_memory<Kokkos::Impl::ParallelFor<K...
gh200,sm90,other,,15,0,0,no,1.0,1.0,1.0,void Kokkos::Impl::cuda_parallel_launch_local_memory<Kokkos::Impl::ParallelFor<K...
gh200,sm90,other,,15,1024,0,no,1.0,1.0,1.0,void Kokkos::Impl::cuda_parallel_launch_local_memory<Kokkos::Impl::ParallelFor<K...
gh200,sm90,other,,15,1024,0,no,1.0,1.0,1.0,void Kokkos::Impl::cuda_parallel_launch_local_memory<Kokkos::Impl::ParallelFor<K...
gh200,sm90,other,,15,1024,0,no,1.0,1.0,1.0,void Kokkos::Impl::cuda_parallel_launch_local_memory<Kokkos::Impl::ParallelFor<K...
gh200,sm90,other,,15,1024,0,no,1.0,1.0,1.0,void Kokkos::Impl::cuda_parallel_launch_local_memory<Kokkos::Impl::ParallelFor<K...
gh200,sm90,other,,15,1024,0,no,1.0,1.0,1.0,void Kokkos::Impl::cuda_parallel_launch_local_memory<Kokkos::Impl::ParallelFor<K...
gh200,sm90,other,,15,1024,0,no,1.0,1.0,1.0,void Kokkos::Impl::cuda_parallel_launch_local_memory<Kokkos::Impl::ParallelFor<K...
gh200,sm90,other,,15,0,0,no,1.0,1.0,1.0,void Kokkos::Impl::cuda_parallel_launch_local_memory<Kokkos::Impl::ParallelFor<K...
gh200,sm90,other,,15,0,0,no,1.0,1.0,1.0,void Kokkos::Impl::cuda_parallel_launch_local_memory<Kokkos::Impl::ParallelFor<K...
gh200,sm90,other,,15,1024,0,no,1.0,1.0,1.0,void Kokkos::Impl::cuda_parallel_launch_local_memory<Kokkos::Impl::ParallelFor<K...
gh200,sm90,other,,15,1024,0,no,1.0,1.0,1.0,void Kokkos::Impl::cuda_parallel_launch_local_memory<Kokkos::Impl::ParallelFor<K...
gh200,sm90,other,,15,1024,0,no,1.0,1.0,1.0,void Kokkos::Impl::cuda_parallel_launch_local_memory<Kokkos::Impl::ParallelFor<K...
gh200,sm90,other,,15,1024,0,no,1.0,1.0,1.0,void Kokkos::Impl::cuda_parallel_launch_local_memory<Kokkos::Impl::ParallelFor<K...
gh200,sm90,other,,15,1024,0,no,1.0,1.0,1.0,void Kokkos::Impl::cuda_parallel_launch_local_memory<Kokkos::Impl::ParallelFor<K...
gh200,sm90,other,,15,1024,0,no,1.0,1.0,1.0,void Kokkos::Impl::cuda_parallel_launch_local_memory<Kokkos::Impl::ParallelFor<K...
gh200,sm90,other,,15,1024,0,no,1.0,1.0,1.0,void Kokkos::Impl::cuda_parallel_launch_local_memory<Kokkos::Impl::ParallelFor<K...
gh200,sm90,other,,15,1024,0,no,1.0,1.0,1.0,void Kokkos::Impl::cuda_parallel_launch_local_memory<Kokkos::Impl::ParallelFor<K...
gh200,sm90,other,,15,1024,0,no,1.0,1.0,1.0,void Kokkos::Impl::cuda_parallel_launch_local_memory<Kokkos::Impl::ParallelFor<K...
gh200,sm90,other,,15,1024,0,no,1.0,1.0,1.0,void Kokkos::Impl::cuda_parallel_launch_local_memory<Kokkos::Impl::ParallelFor<K...
gh200,sm90,other,,15,1024,0,no,1.0,1.0,1.0,void Kokkos::Impl::cuda_parallel_launch_local_memory<Kokkos::Impl::ParallelFor<K...
gh200,sm90,other,,15,1024,0,no,1.0,1.0,1.0,void Kokkos::Impl::cuda_parallel_launch_local_memory<Kokkos::Impl::ParallelFor<K...
gh200,sm90,other,,15,1024,0,no,1.0,1.0,1.0,void Kokkos::Impl::cuda_parallel_launch_local_memory<Kokkos::Impl::ParallelFor<K...
gh200,sm90,other,,15,1024,0,no,1.0,1.0,1.0,void Kokkos::Impl::cuda_parallel_launch_local_memory<Kokkos::Impl::ParallelFor<K...
gh200,sm90,other,,15,1024,0,no,1.0,1.0,1.0,void Kokkos::Impl::cuda_parallel_launch_local_memory<Kokkos::Impl::ParallelFor<K...
gh200,sm90,other,,15,1024,0,no,1.0,1.0,1.0,void Kokkos::Impl::cuda_parallel_launch_local_memory<Kokkos::Impl::ParallelFor<K...
gh200,sm90,other,,15,0,0,no,1.0,1.0,1.0,void Kokkos::Impl::cuda_parallel_launch_local_memory<Kokkos::Impl::ParallelFor<K...
gh200,sm90,other,,15,0,0,no,1.0,1.0,1.0,void Kokkos::Impl::cuda_parallel_launch_local_memory<Kokkos::Impl::ParallelFor<K...
gh200,sm90,other,,15,0,0,no,1.0,1.0,1.0,void Kokkos::Impl::cuda_parallel_launch_local_memory<Kokkos::Impl::ParallelFor<K...
gh200,sm90,other,,15,0,0,no,1.0,1.0,1.0,void Kokkos::Impl::cuda_parallel_launch_local_memory<Kokkos::Impl::ParallelFor<K...
gh200,sm90,other,,15,0,0,no,1.0,1.0,1.0,void Kokkos::Impl::cuda_parallel_launch_local_memory<Kokkos::Impl::ParallelFor<K...
gh200,sm90,other,,15,0,0,no,1.0,1.0,1.0,void Kokkos::Impl::cuda_parallel_launch_local_memory<Kokkos::Impl::ParallelFor<K...
gh200,sm90,other,,15,0,0,no,1.0,1.0,1.0,void Kokkos::Impl::cuda_parallel_launch_local_memory<Kokkos::Impl::ParallelFor<K...
gh200,sm90,other,,15,0,0,no,1.0,1.0,1.0,void Kokkos::Impl::cuda_parallel_launch_local_memory<Kokkos::Impl::ParallelFor<K...
gh200,sm90,other,,15,0,0,no,1.0,1.0,1.0,void Kokkos::Impl::cuda_parallel_launch_local_memory<Kokkos::Impl::ParallelFor<K...
gh200,sm90,other,,15,0,0,no,1.0,1.0,1.0,void Kokkos::Impl::cuda_parallel_launch_local_memory<Kokkos::Impl::ParallelFor<K...
gh200,sm90,other,,15,0,0,no,1.0,1.0,1.0,void Kokkos::Impl::cuda_parallel_launch_local_memory<Kokkos::Impl::ParallelFor<K...
gh200,sm90,other,,15,0,0,no,1.0,1.0,1.0,void Kokkos::Impl::cuda_parallel_launch_local_memory<Kokkos::Impl::ParallelFor<K...
gh200,sm90,other,,15,1024,0,no,1.0,1.0,1.0,void Kokkos::Impl::cuda_parallel_launch_local_memory<Kokkos::Impl::ParallelFor<K...
gh200,sm90,other,,15,1024,0,no,1.0,1.0,1.0,void Kokkos::Impl::cuda_parallel_launch_local_memory<Kokkos::Impl::ParallelFor<K...
gh200,sm90,other,,15,0,0,no,1.0,1.0,1.0,void Kokkos::Impl::cuda_parallel_launch_local_memory<Kokkos::Impl::ParallelFor<K...
gh200,sm90,other,,15,0,0,no,1.0,1.0,1.0,void Kokkos::Impl::cuda_parallel_launch_local_memory<Kokkos::Impl::ParallelFor<K...
gh200,sm90,other,,15,1024,0,no,1.0,1.0,1.0,void Kokkos::Impl::cuda_parallel_launch_local_memory<Kokkos::Impl::ParallelFor<K...
gh200,sm90,other,,15,1024,0,no,1.0,1.0,1.0,void Kokkos::Impl::cuda_parallel_launch_local_memory<Kokkos::Impl::ParallelFor<K...
gh200,sm90,other,,15,0,0,no,1.0,1.0,1.0,void Kokkos::Impl::cuda_parallel_launch_local_memory<Kokkos::Impl::ParallelFor<K...
gh200,sm90,other,,15,0,0,no,1.0,1.0,1.0,void Kokkos::Impl::cuda_parallel_launch_local_memory<Kokkos::Impl::ParallelFor<K...
gh200,sm90,other,,15,1024,0,no,1.0,1.0,1.0,void Kokkos::Impl::cuda_parallel_launch_local_memory<Kokkos::Impl::ParallelFor<K...
gh200,sm90,other,,15,1024,0,no,1.0,1.0,1.0,void Kokkos::Impl::cuda_parallel_launch_local_memory<Kokkos::Impl::ParallelFor<K...
gh200,sm90,other,,15,0,0,no,1.0,1.0,1.0,void Kokkos::Impl::cuda_parallel_launch_local_memory<Kokkos::Impl::ParallelFor<K...
gh200,sm90,other,,15,0,0,no,1.0,1.0,1.0,void Kokkos::Impl::cuda_parallel_launch_local_memory<Kokkos::Impl::ParallelFor<K...
gh200,sm90,other,,15,0,0,no,1.0,1.0,1.0,void Kokkos::Impl::cuda_parallel_launch_local_memory<Kokkos::Impl::ParallelFor<K...
gh200,sm90,other,,15,0,0,no,1.0,1.0,1.0,void Kokkos::Impl::cuda_parallel_launch_local_memory<Kokkos::Impl::ParallelFor<K...
gh200,sm90,other,,15,0,0,no,1.0,1.0,1.0,void Kokkos::Impl::cuda_parallel_launch_local_memory<Kokkos::Impl::ParallelFor<K...
gh200,sm90,other,,15,0,0,no,1.0,1.0,1.0,void Kokkos::Impl::cuda_parallel_launch_local_memory<Kokkos::Impl::ParallelFor<K...
gh200,sm90,other,,15,0,0,no,1.0,1.0,1.0,void Kokkos::Impl::cuda_parallel_launch_local_memory<Kokkos::Impl::ParallelFor<K...
gh200,sm90,other,,15,0,0,no,1.0,1.0,1.0,void Kokkos::Impl::cuda_parallel_launch_local_memory<Kokkos::Impl::ParallelFor<K...
gh200,sm90,other,,15,0,0,no,1.0,1.0,1.0,void Kokkos::Impl::cuda_parallel_launch_local_memory<Kokkos::Impl::ParallelFor<K...
gh200,sm90,other,,15,0,0,no,1.0,1.0,1.0,void Kokkos::Impl::cuda_parallel_launch_local_memory<Kokkos::Impl::ParallelFor<K...
gh200,sm90,other,,15,0,0,no,1.0,1.0,1.0,void Kokkos::Impl::cuda_parallel_launch_local_memory<Kokkos::Impl::ParallelFor<K...
gh200,sm90,other,,15,0,0,no,1.0,1.0,1.0,void Kokkos::Impl::cuda_parallel_launch_local_memory<Kokkos::Impl::ParallelFor<K...
gh200,sm90,other,,15,0,0,no,1.0,1.0,1.0,void Kokkos::Impl::cuda_parallel_launch_local_memory<Kokkos::Impl::ParallelFor<K...
gh200,sm90,other,,15,0,0,no,1.0,1.0,1.0,void Kokkos::Impl::cuda_parallel_launch_local_memory<Kokkos::Impl::ParallelFor<K...
gh200,sm90,other,,15,0,0,no,1.0,1.0,1.0,void Kokkos::Impl::cuda_parallel_launch_local_memory<Kokkos::Impl::ParallelFor<K...
gh200,sm90,other,,15,0,0,no,1.0,1.0,1.0,void Kokkos::Impl::cuda_parallel_launch_local_memory<Kokkos::Impl::ParallelFor<K...
gh200,sm90,other,,15,0,0,no,1.0,1.0,1.0,void Kokkos::Impl::cuda_parallel_launch_local_memory<Kokkos::Impl::ParallelFor<K...
gh200,sm90,other,,15,0,0,no,1.0,1.0,1.0,void Kokkos::Impl::cuda_parallel_launch_local_memory<Kokkos::Impl::ParallelFor<K...
gh200,sm90,other,,15,0,0,no,1.0,1.0,1.0,void Kokkos::Impl::cuda_parallel_launch_local_memory<Kokkos::Impl::ParallelFor<K...
gh200,sm90,other,,15,0,0,no,1.0,1.0,1.0,void Kokkos::Impl::cuda_parallel_launch_local_memory<Kokkos::Impl::ParallelFor<K...
gh200,sm90,other,,15,0,0,no,1.0,1.0,1.0,void Kokkos::Impl::cuda_parallel_launch_local_memory<Kokkos::Impl::ParallelFor<K...
gh200,sm90,other,,15,0,0,no,1.0,1.0,1.0,void Kokkos::Impl::cuda_parallel_launch_local_memory<Kokkos::Impl::ParallelFor<K...
gh200,sm90,other,,15,0,0,no,1.0,1.0,1.0,void Kokkos::Impl::cuda_parallel_launch_local_memory<Kokkos::Impl::ParallelFor<K...
gh200,sm90,other,,15,0,0,no,1.0,1.0,1.0,void Kokkos::Impl::cuda_parallel_launch_local_memory<Kokkos::Impl::ParallelFor<K...
gh200,sm90,other,,15,0,0,no,1.0,1.0,1.0,void Kokkos::Impl::cuda_parallel_launch_local_memory<Kokkos::Impl::ParallelFor<K...
gh200,sm90,other,,15,0,0,no,1.0,1.0,1.0,void Kokkos::Impl::cuda_parallel_launch_local_memory<Kokkos::Impl::ParallelFor<K...
gh200,sm90,other,,15,1024,0,no,1.0,1.0,1.0,void Kokkos::Impl::cuda_parallel_launch_local_memory<Kokkos::Impl::ParallelFor<K...
gh200,sm90,other,,15,1024,0,no,1.0,1.0,1.0,void Kokkos::Impl::cuda_parallel_launch_local_memory<Kokkos::Impl::ParallelFor<K...
gh200,sm90,other,,15,0,0,no,1.0,1.0,1.0,void Kokkos::Impl::cuda_parallel_launch_local_memory<Kokkos::Impl::ParallelFor<K...
gh200,sm90,other,,15,0,0,no,1.0,1.0,1.0,void Kokkos::Impl::cuda_parallel_launch_local_memory<Kokkos::Impl::ParallelFor<K...
gh200,sm90,other,,15,1024,0,no,1.0,1.0,1.0,void Kokkos::Impl::cuda_parallel_launch_local_memory<Kokkos::Impl::ParallelFor<K...
gh200,sm90,other,,15,1024,0,no,1.0,1.0,1.0,void Kokkos::Impl::cuda_parallel_launch_local_memory<Kokkos::Impl::ParallelFor<K...
gh200,sm90,other,,15,0,0,no,1.0,1.0,1.0,void Kokkos::Impl::cuda_parallel_launch_local_memory<Kokkos::Impl::ParallelFor<K...
gh200,sm90,other,,15,0,0,no,1.0,1.0,1.0,void Kokkos::Impl::cuda_parallel_launch_local_memory<Kokkos::Impl::ParallelFor<K...
gh200,sm90,other,,15,1024,0,no,1.0,1.0,1.0,void Kokkos::Impl::cuda_parallel_launch_local_memory<Kokkos::Impl::ParallelFor<K...
gh200,sm90,other,,15,1024,0,no,1.0,1.0,1.0,void Kokkos::Impl::cuda_parallel_launch_local_memory<Kokkos::Impl::ParallelFor<K...
gh200,sm90,other,,15,0,0,no,1.0,1.0,1.0,void Kokkos::Impl::cuda_parallel_launch_local_memory<Kokkos::Impl::ParallelFor<K...
gh200,sm90,other,,15,0,0,no,1.0,1.0,1.0,void Kokkos::Impl::cuda_parallel_launch_local_memory<Kokkos::Impl::ParallelFor<K...
gh200,sm90,other,,15,0,0,no,1.0,1.0,1.0,void Kokkos::Impl::cuda_parallel_launch_local_memory<Kokkos::Impl::ParallelFor<K...
gh200,sm90,other,,15,0,0,no,1.0,1.0,1.0,void Kokkos::Impl::cuda_parallel_launch_local_memory<Kokkos::Impl::ParallelFor<K...
gh200,sm90,other,,15,0,0,no,1.0,1.0,1.0,void Kokkos::Impl::cuda_parallel_launch_local_memory<Kokkos::Impl::ParallelFor<K...
gh200,sm90,other,,15,0,0,no,1.0,1.0,1.0,void Kokkos::Impl::cuda_parallel_launch_local_memory<Kokkos::Impl::ParallelFor<K...
gh200,sm90,other,,15,0,0,no,1.0,1.0,1.0,void Kokkos::Impl::cuda_parallel_launch_local_memory<Kokkos::Impl::ParallelFor<K...
gh200,sm90,other,,15,0,0,no,1.0,1.0,1.0,void Kokkos::Impl::cuda_parallel_launch_local_memory<Kokkos::Impl::ParallelFor<K...
gh200,sm90,other,,15,0,0,no,1.0,1.0,1.0,void Kokkos::Impl::cuda_parallel_launch_local_memory<Kokkos::Impl::ParallelFor<K...
gh200,sm90,other,,15,0,0,no,1.0,1.0,1.0,void Kokkos::Impl::cuda_parallel_launch_local_memory<Kokkos::Impl::ParallelFor<K...
gh200,sm90,other,,15,0,0,no,1.0,1.0,1.0,void Kokkos::Impl::cuda_parallel_launch_local_memory<Kokkos::Impl::ParallelFor<K...
gh200,sm90,other,,15,0,0,no,1.0,1.0,1.0,void Kokkos::Impl::cuda_parallel_launch_local_memory<Kokkos::Impl::ParallelFor<K...
gh200,sm90,other,,15,0,0,no,1.0,1.0,1.0,void Kokkos::Impl::cuda_parallel_launch_local_memory<Kokkos::Impl::ParallelFor<K...
gh200,sm90,other,,15,0,0,no,1.0,1.0,1.0,void Kokkos::Impl::cuda_parallel_launch_local_memory<Kokkos::Impl::ParallelFor<K...
gh200,sm90,other,,15,1024,0,no,1.0,1.0,1.0,void Kokkos::Impl::cuda_parallel_launch_local_memory<Kokkos::Impl::ParallelFor<K...
gh200,sm90,other,,15,1024,0,no,1.0,1.0,1.0,void Kokkos::Impl::cuda_parallel_launch_local_memory<Kokkos::Impl::ParallelFor<K...
gh200,sm90,other,,15,0,0,no,1.0,1.0,1.0,void Kokkos::Impl::cuda_parallel_launch_local_memory<Kokkos::Impl::ParallelFor<K...
gh200,sm90,other,,15,0,0,no,1.0,1.0,1.0,void Kokkos::Impl::cuda_parallel_launch_local_memory<Kokkos::Impl::ParallelFor<K...
gh200,sm90,other,,15,0,0,no,1.0,1.0,1.0,void Kokkos::Impl::cuda_parallel_launch_local_memory<Kokkos::Impl::ParallelFor<K...
gh200,sm90,other,,15,0,0,no,1.0,1.0,1.0,void Kokkos::Impl::cuda_parallel_launch_local_memory<Kokkos::Impl::ParallelFor<K...
gh200,sm90,other,,15,0,0,no,1.0,1.0,1.0,void Kokkos::Impl::cuda_parallel_launch_local_memory<Kokkos::Impl::ParallelFor<K...
gh200,sm90,other,,15,0,0,no,1.0,1.0,1.0,void Kokkos::Impl::cuda_parallel_launch_local_memory<Kokkos::Impl::ParallelFor<K...
gh200,sm90,other,,15,0,0,no,1.0,1.0,1.0,void Kokkos::Impl::cuda_parallel_launch_local_memory<Kokkos::Impl::ParallelFor<K...
gh200,sm90,other,,15,0,0,no,1.0,1.0,1.0,void Kokkos::Impl::cuda_parallel_launch_local_memory<Kokkos::Impl::ParallelFor<K...
gh200,sm90,other,,15,0,0,no,1.0,1.0,1.0,void Kokkos::Impl::cuda_parallel_launch_local_memory<Kokkos::Impl::ParallelFor<K...
gh200,sm90,other,,15,0,0,no,1.0,1.0,1.0,void Kokkos::Impl::cuda_parallel_launch_local_memory<Kokkos::Impl::ParallelFor<K...
gh200,sm90,other,,15,0,0,no,1.0,1.0,1.0,void Kokkos::Impl::cuda_parallel_launch_local_memory<Kokkos::Impl::ParallelFor<K...
gh200,sm90,other,,15,0,0,no,1.0,1.0,1.0,void Kokkos::Impl::cuda_parallel_launch_local_memory<Kokkos::Impl::ParallelFor<K...
gh200,sm90,other,,15,0,0,no,1.0,1.0,1.0,void Kokkos::Impl::cuda_parallel_launch_local_memory<Kokkos::Impl::ParallelFor<K...
gh200,sm90,other,,15,0,0,no,1.0,1.0,1.0,void Kokkos::Impl::cuda_parallel_launch_local_memory<Kokkos::Impl::ParallelFor<K...
gh200,sm90,other,,15,0,0,no,1.0,1.0,1.0,void Kokkos::Impl::cuda_parallel_launch_local_memory<Kokkos::Impl::ParallelFor<K...
gh200,sm90,other,,15,0,0,no,1.0,1.0,1.0,void Kokkos::Impl::cuda_parallel_launch_local_memory<Kokkos::Impl::ParallelFor<K...
gh200,sm90,other,,15,0,0,no,1.0,1.0,1.0,void Kokkos::Impl::cuda_parallel_launch_local_memory<Kokkos::Impl::ParallelFor<K...
gh200,sm90,other,,15,0,0,no,1.0,1.0,1.0,void Kokkos::Impl::cuda_parallel_launch_local_memory<Kokkos::Impl::ParallelFor<K...
gh200,sm90,other,,15,0,0,no,1.0,1.0,1.0,void Kokkos::Impl::cuda_parallel_launch_local_memory<Kokkos::Impl::ParallelFor<K...
gh200,sm90,other,,15,0,0,no,1.0,1.0,1.0,void Kokkos::Impl::cuda_parallel_launch_local_memory<Kokkos::Impl::ParallelFor<K...
gh200,sm90,other,,15,0,0,no,1.0,1.0,1.0,void Kokkos::Impl::cuda_parallel_launch_local_memory<Kokkos::Impl::ParallelFor<K...
gh200,sm90,other,,15,0,0,no,1.0,1.0,1.0,void Kokkos::Impl::cuda_parallel_launch_local_memory<Kokkos::Impl::ParallelFor<K...
gh200,sm90,other,,15,1024,0,no,1.0,1.0,1.0,void Kokkos::Impl::cuda_parallel_launch_local_memory<Kokkos::Impl::ParallelFor<K...
gh200,sm90,other,,15,1024,0,no,1.0,1.0,1.0,void Kokkos::Impl::cuda_parallel_launch_local_memory<Kokkos::Impl::ParallelFor<K...
gh200,sm90,other,,15,0,0,no,1.0,1.0,1.0,void Kokkos::Impl::cuda_parallel_launch_local_memory<Kokkos::Impl::ParallelFor<K...
gh200,sm90,other,,15,0,0,no,1.0,1.0,1.0,void Kokkos::Impl::cuda_parallel_launch_local_memory<Kokkos::Impl::ParallelFor<K...
gh200,sm90,other,,15,1024,0,no,1.0,1.0,1.0,void Kokkos::Impl::cuda_parallel_launch_local_memory<Kokkos::Impl::ParallelFor<K...
gh200,sm90,other,,15,1024,0,no,1.0,1.0,1.0,void Kokkos::Impl::cuda_parallel_launch_local_memory<Kokkos::Impl::ParallelFor<K...
gh200,sm90,other,,15,0,0,no,1.0,1.0,1.0,void Kokkos::Impl::cuda_parallel_launch_local_memory<Kokkos::Impl::ParallelFor<K...
gh200,sm90,other,,15,0,0,no,1.0,1.0,1.0,void Kokkos::Impl::cuda_parallel_launch_local_memory<Kokkos::Impl::ParallelFor<K...
gh200,sm90,other,,15,0,0,no,1.0,1.0,1.0,void Kokkos::Impl::cuda_parallel_launch_local_memory<Kokkos::Impl::ParallelFor<K...
gh200,sm90,other,,15,0,0,no,1.0,1.0,1.0,void Kokkos::Impl::cuda_parallel_launch_local_memory<Kokkos::Impl::ParallelFor<K...
gh200,sm90,other,,15,0,0,no,1.0,1.0,1.0,void Kokkos::Impl::cuda_parallel_launch_local_memory<Kokkos::Impl::ParallelFor<K...
gh200,sm90,other,,15,0,0,no,1.0,1.0,1.0,void Kokkos::Impl::cuda_parallel_launch_local_memory<Kokkos::Impl::ParallelFor<K...
gh200,sm90,other,,15,0,0,no,1.0,1.0,1.0,void Kokkos::Impl::cuda_parallel_launch_local_memory<Kokkos::Impl::ParallelFor<K...
gh200,sm90,other,,15,0,0,no,1.0,1.0,1.0,void Kokkos::Impl::cuda_parallel_launch_local_memory<Kokkos::Impl::ParallelFor<K...
gh200,sm90,other,,15,0,0,no,1.0,1.0,1.0,void Kokkos::Impl::cuda_parallel_launch_local_memory<Kokkos::Impl::ParallelFor<K...
gh200,sm90,other,,15,0,0,no,1.0,1.0,1.0,void Kokkos::Impl::cuda_parallel_launch_local_memory<Kokkos::Impl::ParallelFor<K...
gh200,sm90,other,,15,0,0,no,1.0,1.0,1.0,void Kokkos::Impl::cuda_parallel_launch_local_memory<Kokkos::Impl::ParallelFor<K...
gh200,sm90,other,,15,0,0,no,1.0,1.0,1.0,void Kokkos::Impl::cuda_parallel_launch_local_memory<Kokkos::Impl::ParallelFor<K...
gh200,sm90,other,,15,0,0,no,1.0,1.0,1.0,void Kokkos::Impl::cuda_parallel_launch_local_memory<Kokkos::Impl::ParallelFor<K...
gh200,sm90,other,,15,0,0,no,1.0,1.0,1.0,void Kokkos::Impl::cuda_parallel_launch_local_memory<Kokkos::Impl::ParallelFor<K...
gh200,sm90,other,,15,1024,0,no,1.0,1.0,1.0,void Kokkos::Impl::cuda_parallel_launch_local_memory<Kokkos::Impl::ParallelFor<K...
gh200,sm90,other,,15,1024,0,no,1.0,1.0,1.0,void Kokkos::Impl::cuda_parallel_launch_local_memory<Kokkos::Impl::ParallelFor<K...
gh200,sm90,other,,15,0,0,no,1.0,1.0,1.0,void Kokkos::Impl::cuda_parallel_launch_local_memory<Kokkos::Impl::ParallelFor<K...
gh200,sm90,other,,15,0,0,no,1.0,1.0,1.0,void Kokkos::Impl::cuda_parallel_launch_local_memory<Kokkos::Impl::ParallelFor<K...
gh200,sm90,other,,15,1024,0,no,1.0,1.0,1.0,void Kokkos::Impl::cuda_parallel_launch_local_memory<Kokkos::Impl::ParallelFor<K...
gh200,sm90,other,,15,1024,0,no,1.0,1.0,1.0,void Kokkos::Impl::cuda_parallel_launch_local_memory<Kokkos::Impl::ParallelFor<K...
gh200,sm90,other,,15,0,0,no,1.0,1.0,1.0,void Kokkos::Impl::cuda_parallel_launch_local_memory<Kokkos::Impl::ParallelFor<K...
gh200,sm90,other,,15,0,0,no,1.0,1.0,1.0,void Kokkos::Impl::cuda_parallel_launch_local_memory<Kokkos::Impl::ParallelFor<K...
gh200,sm90,other,,15,0,0,no,1.0,1.0,1.0,void Kokkos::Impl::cuda_parallel_launch_local_memory<Kokkos::Impl::ParallelFor<K...
gh200,sm90,other,,15,0,0,no,1.0,1.0,1.0,void Kokkos::Impl::cuda_parallel_launch_local_memory<Kokkos::Impl::ParallelFor<K...
gh200,sm90,other,,15,0,0,no,1.0,1.0,1.0,void Kokkos::Impl::cuda_parallel_launch_local_memory<Kokkos::Impl::ParallelFor<K...
gh200,sm90,other,,15,0,0,no,1.0,1.0,1.0,void Kokkos::Impl::cuda_parallel_launch_local_memory<Kokkos::Impl::ParallelFor<K...
gh200,sm90,other,,15,0,0,no,1.0,1.0,1.0,void Kokkos::Impl::cuda_parallel_launch_local_memory<Kokkos::Impl::ParallelFor<K...
gh200,sm90,other,,15,0,0,no,1.0,1.0,1.0,void Kokkos::Impl::cuda_parallel_launch_local_memory<Kokkos::Impl::ParallelFor<K...
gh200,sm90,other,,15,0,0,no,1.0,1.0,1.0,void Kokkos::Impl::cuda_parallel_launch_local_memory<Kokkos::Impl::ParallelFor<K...
gh200,sm90,other,,15,0,0,no,1.0,1.0,1.0,void Kokkos::Impl::cuda_parallel_launch_local_memory<Kokkos::Impl::ParallelFor<K...
gh200,sm90,other,,15,0,0,no,1.0,1.0,1.0,void Kokkos::Impl::cuda_parallel_launch_local_memory<Kokkos::Impl::ParallelFor<K...
gh200,sm90,other,,15,0,0,no,1.0,1.0,1.0,void Kokkos::Impl::cuda_parallel_launch_local_memory<Kokkos::Impl::ParallelFor<K...
gh200,sm90,other,,15,0,0,no,1.0,1.0,1.0,void Kokkos::Impl::cuda_parallel_launch_local_memory<Kokkos::Impl::ParallelFor<K...
gh200,sm90,other,,15,0,0,no,1.0,1.0,1.0,void Kokkos::Impl::cuda_parallel_launch_local_memory<Kokkos::Impl::ParallelFor<K...
gh200,sm90,other,,15,1024,0,no,1.0,1.0,1.0,void Kokkos::Impl::cuda_parallel_launch_local_memory<Kokkos::Impl::ParallelFor<K...
gh200,sm90,other,,15,1024,0,no,1.0,1.0,1.0,void Kokkos::Impl::cuda_parallel_launch_local_memory<Kokkos::Impl::ParallelFor<K...
gh200,sm90,other,,15,1024,0,no,1.0,1.0,1.0,void Kokkos::Impl::cuda_parallel_launch_local_memory<Kokkos::Impl::ParallelFor<K...
gh200,sm90,other,,15,1024,0,no,1.0,1.0,1.0,void Kokkos::Impl::cuda_parallel_launch_local_memory<Kokkos::Impl::ParallelFor<K...
gh200,sm90,other,,15,0,0,no,1.0,1.0,1.0,void Kokkos::Impl::cuda_parallel_launch_local_memory<Kokkos::Impl::ParallelFor<K...
gh200,sm90,other,,15,0,0,no,1.0,1.0,1.0,void Kokkos::Impl::cuda_parallel_launch_local_memory<Kokkos::Impl::ParallelFor<K...
gh200,sm90,other,,15,0,0,no,1.0,1.0,1.0,void Kokkos::Impl::cuda_parallel_launch_local_memory<Kokkos::Impl::ParallelFor<K...
gh200,sm90,other,,15,0,0,no,1.0,1.0,1.0,void Kokkos::Impl::cuda_parallel_launch_local_memory<Kokkos::Impl::ParallelFor<K...
gh200,sm90,other,,15,0,0,no,1.0,1.0,1.0,void Kokkos::Impl::cuda_parallel_launch_local_memory<Kokkos::Impl::ParallelFor<K...
gh200,sm90,other,,15,0,0,no,1.0,1.0,1.0,void Kokkos::Impl::cuda_parallel_launch_local_memory<Kokkos::Impl::ParallelFor<K...
gh200,sm90,other,,15,0,0,no,1.0,1.0,1.0,void Kokkos::Impl::cuda_parallel_launch_local_memory<Kokkos::Impl::ParallelFor<K...
gh200,sm90,other,,15,0,0,no,1.0,1.0,1.0,void Kokkos::Impl::cuda_parallel_launch_local_memory<Kokkos::Impl::ParallelFor<K...
gh200,sm90,other,,15,0,0,no,1.0,1.0,1.0,void Kokkos::Impl::cuda_parallel_launch_local_memory<Kokkos::Impl::ParallelFor<K...
gh200,sm90,other,,15,0,0,no,1.0,1.0,1.0,void Kokkos::Impl::cuda_parallel_launch_local_memory<Kokkos::Impl::ParallelFor<K...
gh200,sm90,other,,15,0,0,no,1.0,1.0,1.0,void Kokkos::Impl::cuda_parallel_launch_local_memory<Kokkos::Impl::ParallelFor<K...
gh200,sm90,other,,15,0,0,no,1.0,1.0,1.0,void Kokkos::Impl::cuda_parallel_launch_local_memory<Kokkos::Impl::ParallelFor<K...
gh200,sm90,other,,15,0,0,no,1.0,1.0,1.0,void Kokkos::Impl::cuda_parallel_launch_local_memory<Kokkos::Impl::ParallelFor<K...
gh200,sm90,other,,15,0,0,no,1.0,1.0,1.0,void Kokkos::Impl::cuda_parallel_launch_local_memory<Kokkos::Impl::ParallelFor<K...
gh200,sm90,other,,15,0,0,no,1.0,1.0,1.0,void Kokkos::Impl::cuda_parallel_launch_local_memory<Kokkos::Impl::ParallelFor<K...
gh200,sm90,other,,15,0,0,no,1.0,1.0,1.0,void Kokkos::Impl::cuda_parallel_launch_local_memory<Kokkos::Impl::ParallelFor<K...
gh200,sm90,other,,15,1024,0,no,1.0,1.0,1.0,void Kokkos::Impl::cuda_parallel_launch_local_memory<Kokkos::Impl::ParallelFor<K...
gh200,sm90,other,,15,1024,0,no,1.0,1.0,1.0,void Kokkos::Impl::cuda_parallel_launch_local_memory<Kokkos::Impl::ParallelFor<K...
gh200,sm90,other,,15,0,0,no,1.0,1.0,1.0,void Kokkos::Impl::cuda_parallel_launch_local_memory<Kokkos::Impl::ParallelFor<K...
gh200,sm90,other,,15,0,0,no,1.0,1.0,1.0,void Kokkos::Impl::cuda_parallel_launch_local_memory<Kokkos::Impl::ParallelFor<K...
gh200,sm90,other,,15,0,0,no,1.0,1.0,1.0,void Kokkos::Impl::cuda_parallel_launch_local_memory<Kokkos::Impl::ParallelFor<K...
gh200,sm90,other,,15,0,0,no,1.0,1.0,1.0,void Kokkos::Impl::cuda_parallel_launch_local_memory<Kokkos::Impl::ParallelFor<K...
gh200,sm90,other,,15,0,0,no,1.0,1.0,1.0,void Kokkos::Impl::cuda_parallel_launch_local_memory<Kokkos::Impl::ParallelFor<K...
gh200,sm90,other,,15,0,0,no,1.0,1.0,1.0,void Kokkos::Impl::cuda_parallel_launch_local_memory<Kokkos::Impl::ParallelFor<K...
gh200,sm90,other,,15,0,0,no,1.0,1.0,1.0,void Kokkos::Impl::cuda_parallel_launch_local_memory<Kokkos::Impl::ParallelFor<K...
gh200,sm90,other,,15,0,0,no,1.0,1.0,1.0,void Kokkos::Impl::cuda_parallel_launch_local_memory<Kokkos::Impl::ParallelFor<K...
gh200,sm90,other,,15,0,0,no,1.0,1.0,1.0,void Kokkos::Impl::cuda_parallel_launch_local_memory<Kokkos::Impl::ParallelFor<K...
gh200,sm90,other,,15,0,0,no,1.0,1.0,1.0,void Kokkos::Impl::cuda_parallel_launch_local_memory<Kokkos::Impl::ParallelFor<K...
gh200,sm90,other,,15,1024,0,no,1.0,1.0,1.0,void Kokkos::Impl::cuda_parallel_launch_local_memory<Kokkos::Impl::ParallelFor<K...
gh200,sm90,other,,15,1024,0,no,1.0,1.0,1.0,void Kokkos::Impl::cuda_parallel_launch_local_memory<Kokkos::Impl::ParallelFor<K...
gh200,sm90,other,,15,1024,0,no,1.0,1.0,1.0,void Kokkos::Impl::cuda_parallel_launch_local_memory<Kokkos::Impl::ParallelFor<K...
gh200,sm90,other,,15,1024,0,no,1.0,1.0,1.0,void Kokkos::Impl::cuda_parallel_launch_local_memory<Kokkos::Impl::ParallelFor<K...
gh200,sm90,other,,15,0,0,no,1.0,1.0,1.0,void Kokkos::Impl::cuda_parallel_launch_local_memory<Kokkos::Impl::ParallelFor<K...
gh200,sm90,other,,15,0,0,no,1.0,1.0,1.0,void Kokkos::Impl::cuda_parallel_launch_local_memory<Kokkos::Impl::ParallelFor<K...
gh200,sm90,other,,15,0,0,no,1.0,1.0,1.0,void Kokkos::Impl::cuda_parallel_launch_local_memory<Kokkos::Impl::ParallelFor<K...
gh200,sm90,other,,15,0,0,no,1.0,1.0,1.0,void Kokkos::Impl::cuda_parallel_launch_local_memory<Kokkos::Impl::ParallelFor<K...
gh200,sm90,other,,15,1024,0,no,1.0,1.0,1.0,void Kokkos::Impl::cuda_parallel_launch_local_memory<Kokkos::Impl::ParallelFor<K...
gh200,sm90,other,,15,1024,0,no,1.0,1.0,1.0,void Kokkos::Impl::cuda_parallel_launch_local_memory<Kokkos::Impl::ParallelFor<K...
gh200,sm90,other,,15,0,0,no,1.0,1.0,1.0,void Kokkos::Impl::cuda_parallel_launch_local_memory<Kokkos::Impl::ParallelFor<K...
gh200,sm90,other,,15,0,0,no,1.0,1.0,1.0,void Kokkos::Impl::cuda_parallel_launch_local_memory<Kokkos::Impl::ParallelFor<K...
gh200,sm90,other,,15,1024,0,no,1.0,1.0,1.0,void Kokkos::Impl::cuda_parallel_launch_local_memory<Kokkos::Impl::ParallelFor<K...
gh200,sm90,other,,15,1024,0,no,1.0,1.0,1.0,void Kokkos::Impl::cuda_parallel_launch_local_memory<Kokkos::Impl::ParallelFor<K...
gh200,sm90,other,,15,1024,0,no,1.0,1.0,1.0,void Kokkos::Impl::cuda_parallel_launch_local_memory<Kokkos::Impl::ParallelFor<K...
gh200,sm90,other,,15,1024,0,no,1.0,1.0,1.0,void Kokkos::Impl::cuda_parallel_launch_local_memory<Kokkos::Impl::ParallelFor<K...
gh200,sm90,other,,15,0,0,no,1.0,1.0,1.0,void Kokkos::Impl::cuda_parallel_launch_local_memory<Kokkos::Impl::ParallelFor<K...
gh200,sm90,other,,15,0,0,no,1.0,1.0,1.0,void Kokkos::Impl::cuda_parallel_launch_local_memory<Kokkos::Impl::ParallelFor<K...
gh200,sm90,other,,15,0,0,no,1.0,1.0,1.0,void Kokkos::Impl::cuda_parallel_launch_local_memory<Kokkos::Impl::ParallelFor<K...
gh200,sm90,other,,15,0,0,no,1.0,1.0,1.0,void Kokkos::Impl::cuda_parallel_launch_local_memory<Kokkos::Impl::ParallelFor<K...
gh200,sm90,other,,15,1024,0,no,1.0,1.0,1.0,void Kokkos::Impl::cuda_parallel_launch_local_memory<Kokkos::Impl::ParallelFor<K...
gh200,sm90,other,,15,1024,0,no,1.0,1.0,1.0,void Kokkos::Impl::cuda_parallel_launch_local_memory<Kokkos::Impl::ParallelFor<K...
gh200,sm90,other,,15,1024,0,no,1.0,1.0,1.0,void Kokkos::Impl::cuda_parallel_launch_local_memory<Kokkos::Impl::ParallelFor<K...
gh200,sm90,other,,15,1024,0,no,1.0,1.0,1.0,void Kokkos::Impl::cuda_parallel_launch_local_memory<Kokkos::Impl::ParallelFor<K...
gh200,sm90,other,,15,0,0,no,1.0,1.0,1.0,void Kokkos::Impl::cuda_parallel_launch_local_memory<Kokkos::Impl::ParallelFor<K...
gh200,sm90,other,,15,0,0,no,1.0,1.0,1.0,void Kokkos::Impl::cuda_parallel_launch_local_memory<Kokkos::Impl::ParallelFor<K...
gh200,sm90,other,,15,0,0,no,1.0,1.0,1.0,void Kokkos::Impl::cuda_parallel_launch_local_memory<Kokkos::Impl::ParallelFor<K...
gh200,sm90,other,,15,0,0,no,1.0,1.0,1.0,void Kokkos::Impl::cuda_parallel_launch_local_memory<Kokkos::Impl::ParallelFor<K...
gh200,sm90,other,,15,0,0,no,1.0,1.0,1.0,void Kokkos::Impl::cuda_parallel_launch_local_memory<Kokkos::Impl::ParallelFor<K...
gh200,sm90,other,,15,0,0,no,1.0,1.0,1.0,void Kokkos::Impl::cuda_parallel_launch_local_memory<Kokkos::Impl::ParallelFor<K...
gh200,sm90,other,,15,1024,0,no,1.0,1.0,1.0,void Kokkos::Impl::cuda_parallel_launch_local_memory<Kokkos::Impl::ParallelFor<K...
gh200,sm90,other,,15,1024,0,no,1.0,1.0,1.0,void Kokkos::Impl::cuda_parallel_launch_local_memory<Kokkos::Impl::ParallelFor<K...
gh200,sm90,other,,15,1024,0,no,1.0,1.0,1.0,void Kokkos::Impl::cuda_parallel_launch_local_memory<Kokkos::Impl::ParallelFor<K...
gh200,sm90,other,,15,1024,0,no,1.0,1.0,1.0,void Kokkos::Impl::cuda_parallel_launch_local_memory<Kokkos::Impl::ParallelFor<K...
gh200,sm90,other,,15,0,0,no,1.0,1.0,1.0,void Kokkos::Impl::cuda_parallel_launch_local_memory<Kokkos::Impl::ParallelFor<K...
gh200,sm90,other,,15,0,0,no,1.0,1.0,1.0,void Kokkos::Impl::cuda_parallel_launch_local_memory<Kokkos::Impl::ParallelFor<K...
gh200,sm90,other,,15,0,0,no,1.0,1.0,1.0,void Kokkos::Impl::cuda_parallel_launch_local_memory<Kokkos::Impl::ParallelFor<K...
gh200,sm90,other,,15,0,0,no,1.0,1.0,1.0,void Kokkos::Impl::cuda_parallel_launch_local_memory<Kokkos::Impl::ParallelFor<K...
gh200,sm90,other,,15,0,0,no,1.0,1.0,1.0,void Kokkos::Impl::cuda_parallel_launch_local_memory<Kokkos::Impl::ParallelFor<K...
gh200,sm90,other,,15,0,0,no,1.0,1.0,1.0,void Kokkos::Impl::cuda_parallel_launch_local_memory<Kokkos::Impl::ParallelFor<K...
gh200,sm90,other,,15,0,0,no,1.0,1.0,1.0,void Kokkos::Impl::cuda_parallel_launch_local_memory<Kokkos::Impl::ParallelFor<K...
gh200,sm90,other,,15,0,0,no,1.0,1.0,1.0,void Kokkos::Impl::cuda_parallel_launch_local_memory<Kokkos::Impl::ParallelFor<K...
gh200,sm90,other,,15,0,0,no,1.0,1.0,1.0,void Kokkos::Impl::cuda_parallel_launch_local_memory<Kokkos::Impl::ParallelFor<K...
gh200,sm90,other,,15,0,0,no,1.0,1.0,1.0,void Kokkos::Impl::cuda_parallel_launch_local_memory<Kokkos::Impl::ParallelFor<K...
gh200,sm90,other,,15,0,0,no,1.0,1.0,1.0,void Kokkos::Impl::cuda_parallel_launch_local_memory<Kokkos::Impl::ParallelFor<K...
gh200,sm90,other,,15,0,0,no,1.0,1.0,1.0,void Kokkos::Impl::cuda_parallel_launch_local_memory<Kokkos::Impl::ParallelFor<K...
gh200,sm90,other,,15,1024,0,no,1.0,1.0,1.0,void Kokkos::Impl::cuda_parallel_launch_local_memory<Kokkos::Impl::ParallelFor<K...
gh200,sm90,other,,15,1024,0,no,1.0,1.0,1.0,void Kokkos::Impl::cuda_parallel_launch_local_memory<Kokkos::Impl::ParallelFor<K...
gh200,sm90,other,,15,0,0,no,1.0,1.0,1.0,void Kokkos::Impl::cuda_parallel_launch_local_memory<Kokkos::Impl::ParallelFor<K...
gh200,sm90,other,,15,0,0,no,1.0,1.0,1.0,void Kokkos::Impl::cuda_parallel_launch_local_memory<Kokkos::Impl::ParallelFor<K...
gh200,sm90,other,,15,0,0,no,1.0,1.0,1.0,void Kokkos::Impl::cuda_parallel_launch_local_memory<Kokkos::Impl::ParallelFor<K...
gh200,sm90,other,,15,0,0,no,1.0,1.0,1.0,void Kokkos::Impl::cuda_parallel_launch_local_memory<Kokkos::Impl::ParallelFor<K...
gh200,sm90,other,,15,0,0,no,1.0,1.0,1.0,void Kokkos::Impl::cuda_parallel_launch_local_memory<Kokkos::Impl::ParallelFor<K...
gh200,sm90,other,,15,0,0,no,1.0,1.0,1.0,void Kokkos::Impl::cuda_parallel_launch_local_memory<Kokkos::Impl::ParallelFor<K...
gh200,sm90,other,,15,0,0,no,1.0,1.0,1.0,void Kokkos::Impl::cuda_parallel_launch_local_memory<Kokkos::Impl::ParallelFor<K...
gh200,sm90,other,,15,0,0,no,1.0,1.0,1.0,void Kokkos::Impl::cuda_parallel_launch_local_memory<Kokkos::Impl::ParallelFor<K...
gh200,sm90,other,,15,0,0,no,1.0,1.0,1.0,void Kokkos::Impl::cuda_parallel_launch_local_memory<Kokkos::Impl::ParallelFor<K...
gh200,sm90,other,,15,0,0,no,1.0,1.0,1.0,void Kokkos::Impl::cuda_parallel_launch_local_memory<Kokkos::Impl::ParallelFor<K...
gh200,sm90,other,,15,1024,0,no,1.0,1.0,1.0,void Kokkos::Impl::cuda_parallel_launch_local_memory<Kokkos::Impl::ParallelFor<K...
gh200,sm90,other,,15,1024,0,no,1.0,1.0,1.0,void Kokkos::Impl::cuda_parallel_launch_local_memory<Kokkos::Impl::ParallelFor<K...
gh200,sm90,other,,15,0,0,no,1.0,1.0,1.0,void Kokkos::Impl::cuda_parallel_launch_local_memory<Kokkos::Impl::ParallelFor<K...
gh200,sm90,other,,15,0,0,no,1.0,1.0,1.0,void Kokkos::Impl::cuda_parallel_launch_local_memory<Kokkos::Impl::ParallelFor<K...
gh200,sm90,other,,15,0,0,no,1.0,1.0,1.0,void Kokkos::Impl::cuda_parallel_launch_local_memory<Kokkos::Impl::ParallelFor<K...
gh200,sm90,other,,15,0,0,no,1.0,1.0,1.0,void Kokkos::Impl::cuda_parallel_launch_local_memory<Kokkos::Impl::ParallelFor<K...
gh200,sm90,other,,15,0,0,no,1.0,1.0,1.0,void Kokkos::Impl::cuda_parallel_launch_local_memory<Kokkos::Impl::ParallelFor<K...
gh200,sm90,other,,15,0,0,no,1.0,1.0,1.0,void Kokkos::Impl::cuda_parallel_launch_local_memory<Kokkos::Impl::ParallelFor<K...
gh200,sm90,other,,15,0,0,no,1.0,1.0,1.0,void Kokkos::Impl::cuda_parallel_launch_local_memory<Kokkos::Impl::ParallelFor<K...
gh200,sm90,other,,15,0,0,no,1.0,1.0,1.0,void Kokkos::Impl::cuda_parallel_launch_local_memory<Kokkos::Impl::ParallelFor<K...
gh200,sm90,other,,15,0,0,no,1.0,1.0,1.0,void Kokkos::Impl::cuda_parallel_launch_local_memory<Kokkos::Impl::ParallelFor<K...
gh200,sm90,other,,15,0,0,no,1.0,1.0,1.0,void Kokkos::Impl::cuda_parallel_launch_local_memory<Kokkos::Impl::ParallelFor<K...
gh200,sm90,other,,15,0,0,no,1.0,1.0,1.0,void Kokkos::Impl::cuda_parallel_launch_local_memory<Kokkos::Impl::ParallelFor<K...
gh200,sm90,other,,15,0,0,no,1.0,1.0,1.0,void Kokkos::Impl::cuda_parallel_launch_local_memory<Kokkos::Impl::ParallelFor<K...
gh200,sm90,other,,15,0,0,no,1.0,1.0,1.0,void Kokkos::Impl::cuda_parallel_launch_local_memory<Kokkos::Impl::ParallelFor<K...
gh200,sm90,other,,15,0,0,no,1.0,1.0,1.0,void Kokkos::Impl::cuda_parallel_launch_local_memory<Kokkos::Impl::ParallelFor<K...
gh200,sm90,other,,15,0,0,no,1.0,1.0,1.0,void Kokkos::Impl::cuda_parallel_launch_local_memory<Kokkos::Impl::ParallelFor<K...
gh200,sm90,other,,15,0,0,no,1.0,1.0,1.0,void Kokkos::Impl::cuda_parallel_launch_local_memory<Kokkos::Impl::ParallelFor<K...
gh200,sm90,other,,14,0,0,no,1.0,1.0,1.0,void Kokkos::Impl::cuda_parallel_launch_local_memory<Kokkos::Impl::ParallelFor<p...
gh200,sm90,other,,14,0,0,no,1.0,1.0,1.0,void Kokkos::Impl::cuda_parallel_launch_local_memory<Kokkos::Impl::ParallelFor<K...
gh200,sm90,other,,14,0,0,no,1.0,1.0,1.0,void Kokkos::Impl::cuda_parallel_launch_local_memory<Kokkos::Impl::ParallelFor<K...
gh200,sm90,other,,14,0,0,no,1.0,1.0,1.0,void Kokkos::Impl::cuda_parallel_launch_local_memory<Kokkos::Impl::ParallelFor<K...
gh200,sm90,other,,14,0,0,no,1.0,1.0,1.0,void Kokkos::Impl::cuda_parallel_launch_local_memory<Kokkos::Impl::ParallelFor<K...
gh200,sm90,other,,14,0,0,no,1.0,1.0,1.0,void Kokkos::Impl::cuda_parallel_launch_local_memory<Kokkos::Impl::ParallelFor<K...
gh200,sm90,other,,14,0,0,no,1.0,1.0,1.0,void Kokkos::Impl::cuda_parallel_launch_local_memory<Kokkos::Impl::ParallelFor<K...
gh200,sm90,other,,14,0,0,no,1.0,1.0,1.0,void Kokkos::Impl::cuda_parallel_launch_local_memory<Kokkos::Impl::ParallelFor<K...
gh200,sm90,other,,14,0,0,no,1.0,1.0,1.0,void Kokkos::Impl::cuda_parallel_launch_local_memory<Kokkos::Impl::ParallelFor<K...
gh200,sm90,other,,14,0,0,no,1.0,1.0,1.0,void Kokkos::Impl::cuda_parallel_launch_local_memory<Kokkos::Impl::ParallelFor<K...
gh200,sm90,other,,14,0,0,no,1.0,1.0,1.0,void Kokkos::Impl::cuda_parallel_launch_local_memory<Kokkos::Impl::ParallelFor<K...
gh200,sm90,other,,14,0,0,no,1.0,1.0,1.0,void Kokkos::Impl::cuda_parallel_launch_local_memory<Kokkos::Impl::ParallelFor<K...
gh200,sm90,other,,14,0,0,no,1.0,1.0,1.0,void Kokkos::Impl::cuda_parallel_launch_local_memory<Kokkos::Impl::ParallelFor<K...
gh200,sm90,other,,13,0,0,no,1.0,1.0,1.0,void Kokkos::Impl::cuda_parallel_launch_local_memory<Kokkos::Impl::ParallelFor<K...
gh200,sm90,other,,13,0,0,no,1.0,1.0,1.0,void Kokkos::Impl::cuda_parallel_launch_local_memory<Kokkos::Impl::ParallelFor<K...
gh200,sm90,other,,12,0,0,no,1.0,1.0,1.0,void Kokkos::Impl::cuda_parallel_launch_local_memory<Kokkos::Impl::ParallelFor<K...
gh200,sm90,other,,12,0,0,no,1.0,1.0,1.0,void Kokkos::Impl::cuda_parallel_launch_local_memory<Kokkos::Impl::ParallelFor<K...
gh200,sm90,other,,12,0,0,no,1.0,1.0,1.0,void Kokkos::Impl::cuda_parallel_launch_local_memory<Kokkos::Impl::ParallelFor<K...
gh200,sm90,other,,12,0,0,no,1.0,1.0,1.0,void Kokkos::Impl::cuda_parallel_launch_local_memory<Kokkos::Impl::ParallelFor<K...
gh200,sm90,other,,12,0,0,no,1.0,1.0,1.0,void Kokkos::Impl::cuda_parallel_launch_local_memory<Kokkos::Impl::ParallelFor<K...
gh200,sm90,other,,12,0,0,no,1.0,1.0,1.0,void Kokkos::Impl::cuda_parallel_launch_local_memory<Kokkos::Impl::ParallelFor<K...
gh200,sm90,other,,12,0,0,no,1.0,1.0,1.0,void Kokkos::Impl::cuda_parallel_launch_local_memory<Kokkos::Impl::ParallelFor<K...
gh200,sm90,other,,12,0,0,no,1.0,1.0,1.0,void Kokkos::Impl::cuda_parallel_launch_local_memory<Kokkos::Impl::ParallelFor<K...
gh200,sm90,other,,12,0,0,no,1.0,1.0,1.0,void Kokkos::Impl::cuda_parallel_launch_local_memory<Kokkos::Impl::ParallelFor<K...
gh200,sm90,other,,12,0,0,no,1.0,1.0,1.0,void Kokkos::Impl::cuda_parallel_launch_local_memory<Kokkos::Impl::ParallelFor<K...
gh200,sm90,other,,12,0,0,no,1.0,1.0,1.0,void Kokkos::Impl::cuda_parallel_launch_local_memory<Kokkos::Impl::ParallelFor<K...
gh200,sm90,other,,12,0,0,no,1.0,1.0,1.0,void Kokkos::Impl::cuda_parallel_launch_local_memory<Kokkos::Impl::ParallelFor<K...
gh200,sm90,other,,12,0,0,no,1.0,1.0,1.0,void Kokkos::Impl::cuda_parallel_launch_local_memory<Kokkos::Impl::ParallelFor<K...
gh200,sm90,other,,12,0,0,no,1.0,1.0,1.0,void Kokkos::Impl::cuda_parallel_launch_local_memory<Kokkos::Impl::ParallelFor<K...
gh200,sm90,other,,12,0,0,no,1.0,1.0,1.0,void Kokkos::Impl::cuda_parallel_launch_local_memory<Kokkos::Impl::ParallelFor<K...
gh200,sm90,other,,12,0,0,no,1.0,1.0,1.0,void Kokkos::Impl::cuda_parallel_launch_local_memory<Kokkos::Impl::ParallelFor<K...
gh200,sm90,other,,12,0,0,no,1.0,1.0,1.0,void Kokkos::Impl::cuda_parallel_launch_local_memory<Kokkos::Impl::ParallelFor<K...
gh200,sm90,other,,12,0,0,no,1.0,1.0,1.0,void Kokkos::Impl::cuda_parallel_launch_local_memory<Kokkos::Impl::ParallelFor<K...
gh200,sm90,other,,12,0,0,no,1.0,1.0,1.0,void Kokkos::Impl::cuda_parallel_launch_local_memory<Kokkos::Impl::ParallelFor<K...
gh200,sm90,other,,12,0,0,no,1.0,1.0,1.0,void Kokkos::Impl::cuda_parallel_launch_local_memory<Kokkos::Impl::ParallelFor<K...
gh200,sm90,other,,12,0,0,no,1.0,1.0,1.0,void Kokkos::Impl::cuda_parallel_launch_local_memory<Kokkos::Impl::ParallelFor<K...
gh200,sm90,other,,12,0,0,no,1.0,1.0,1.0,void Kokkos::Impl::cuda_parallel_launch_local_memory<Kokkos::Impl::ParallelFor<K...
gh200,sm90,other,,12,0,0,no,1.0,1.0,1.0,void Kokkos::Impl::cuda_parallel_launch_local_memory<Kokkos::Impl::ParallelFor<K...
gh200,sm90,other,,12,0,0,no,1.0,1.0,1.0,void Kokkos::Impl::cuda_parallel_launch_local_memory<Kokkos::Impl::ParallelFor<p...
gh200,sm90,other,,12,0,0,no,1.0,1.0,1.0,void Kokkos::Impl::cuda_parallel_launch_local_memory<Kokkos::Impl::ParallelFor<K...
gh200,sm90,other,,12,0,0,no,1.0,1.0,1.0,void Kokkos::Impl::cuda_parallel_launch_local_memory<Kokkos::Impl::ParallelFor<K...
gh200,sm90,other,,12,0,0,no,1.0,1.0,1.0,void Kokkos::Impl::cuda_parallel_launch_local_memory<Kokkos::Impl::ParallelFor<K...
gh200,sm90,other,,12,0,0,no,1.0,1.0,1.0,void Kokkos::Impl::cuda_parallel_launch_local_memory<Kokkos::Impl::ParallelFor<K...
gh200,sm90,other,,12,1024,0,no,1.0,1.0,1.0,void Kokkos::Impl::cuda_parallel_launch_local_memory<Kokkos::Impl::ParallelFor<K...
gh200,sm90,other,,12,1024,0,no,1.0,1.0,1.0,void Kokkos::Impl::cuda_parallel_launch_local_memory<Kokkos::Impl::ParallelFor<K...
gh200,sm90,other,,12,0,0,no,1.0,1.0,1.0,void Kokkos::Impl::cuda_parallel_launch_local_memory<Kokkos::Impl::ParallelFor<K...
gh200,sm90,other,,12,0,0,no,1.0,1.0,1.0,void Kokkos::Impl::cuda_parallel_launch_local_memory<Kokkos::Impl::ParallelFor<K...
gh200,sm90,other,,12,0,0,no,1.0,1.0,1.0,void Kokkos::Impl::cuda_parallel_launch_local_memory<Kokkos::Impl::ParallelFor<K...
gh200,sm90,other,,12,0,0,no,1.0,1.0,1.0,void Kokkos::Impl::cuda_parallel_launch_local_memory<Kokkos::Impl::ParallelFor<K...
gh200,sm90,other,,12,1024,0,no,1.0,1.0,1.0,void Kokkos::Impl::cuda_parallel_launch_local_memory<Kokkos::Impl::ParallelFor<K...
gh200,sm90,other,,12,1024,0,no,1.0,1.0,1.0,void Kokkos::Impl::cuda_parallel_launch_local_memory<Kokkos::Impl::ParallelFor<K...
gh200,sm90,other,,12,0,0,no,1.0,1.0,1.0,void Kokkos::Impl::cuda_parallel_launch_local_memory<Kokkos::Impl::ParallelFor<K...
gh200,sm90,other,,12,0,0,no,1.0,1.0,1.0,void Kokkos::Impl::cuda_parallel_launch_local_memory<Kokkos::Impl::ParallelFor<K...
gh200,sm90,other,,12,1024,0,no,1.0,1.0,1.0,void Kokkos::Impl::cuda_parallel_launch_local_memory<Kokkos::Impl::ParallelFor<K...
gh200,sm90,other,,12,1024,0,no,1.0,1.0,1.0,void Kokkos::Impl::cuda_parallel_launch_local_memory<Kokkos::Impl::ParallelFor<K...
gh200,sm90,other,,12,1024,0,no,1.0,1.0,1.0,void Kokkos::Impl::cuda_parallel_launch_local_memory<Kokkos::Impl::ParallelFor<K...
gh200,sm90,other,,12,1024,0,no,1.0,1.0,1.0,void Kokkos::Impl::cuda_parallel_launch_local_memory<Kokkos::Impl::ParallelFor<K...
gh200,sm90,other,,12,0,0,no,1.0,1.0,1.0,void Kokkos::Impl::cuda_parallel_launch_local_memory<Kokkos::Impl::ParallelFor<K...
gh200,sm90,other,,12,0,0,no,1.0,1.0,1.0,void Kokkos::Impl::cuda_parallel_launch_local_memory<Kokkos::Impl::ParallelFor<K...
gh200,sm90,other,,11,0,0,no,1.0,1.0,1.0,void Kokkos::Impl::cuda_parallel_launch_local_memory<Kokkos::Impl::ParallelFor<K...
gh200,sm90,other,,11,0,0,no,1.0,1.0,1.0,void Kokkos::Impl::cuda_parallel_launch_local_memory<Kokkos::Impl::ParallelFor<K...
gh200,sm90,other,,10,0,0,no,1.0,1.0,1.0,void Kokkos::Impl::cuda_parallel_launch_local_memory<Kokkos::Impl::ParallelFor<K...
gh200,sm90,other,,10,0,0,no,1.0,1.0,1.0,void Kokkos::Impl::cuda_parallel_launch_local_memory<Kokkos::Impl::ParallelFor<K...
gh200,sm90,other,,10,0,0,no,1.0,1.0,1.0,void Kokkos::Impl::cuda_parallel_launch_local_memory<Kokkos::Impl::ParallelFor<K...
gh200,sm90,other,,10,0,0,no,1.0,1.0,1.0,void Kokkos::Impl::cuda_parallel_launch_local_memory<Kokkos::Impl::ParallelFor<K...
gh200,sm90,other,,10,0,0,no,1.0,1.0,1.0,void Kokkos::Impl::cuda_parallel_launch_local_memory<Kokkos::Impl::ParallelFor<K...
gh200,sm90,other,,10,0,0,no,1.0,1.0,1.0,void Kokkos::Impl::cuda_parallel_launch_local_memory<Kokkos::Impl::ParallelFor<K...
gh200,sm90,other,,10,0,0,no,1.0,1.0,1.0,void Kokkos::Impl::cuda_parallel_launch_local_memory<Kokkos::Impl::ParallelFor<K...
gh200,sm90,other,,10,0,0,no,1.0,1.0,1.0,void Kokkos::Impl::cuda_parallel_launch_local_memory<Kokkos::Impl::ParallelFor<K...
gh200,sm90,other,,10,0,0,no,1.0,1.0,1.0,void Kokkos::Impl::cuda_parallel_launch_local_memory<Kokkos::Impl::ParallelFor<K...
gh200,sm90,other,,10,0,0,no,1.0,1.0,1.0,void Kokkos::Impl::cuda_parallel_launch_local_memory<Kokkos::Impl::ParallelFor<K...
gh200,sm90,other,,10,0,0,no,1.0,1.0,1.0,void Kokkos::Impl::cuda_parallel_launch_local_memory<Kokkos::Impl::ParallelFor<K...
gh200,sm90,other,,10,0,0,no,1.0,1.0,1.0,void Kokkos::Impl::cuda_parallel_launch_local_memory<Kokkos::Impl::ParallelFor<K...
gh200,sm90,other,,10,0,0,no,1.0,1.0,1.0,void Kokkos::Impl::cuda_parallel_launch_local_memory<Kokkos::Impl::ParallelFor<K...
gh200,sm90,other,,10,0,0,no,1.0,1.0,1.0,void Kokkos::Impl::cuda_parallel_launch_local_memory<Kokkos::Impl::ParallelFor<K...
gh200,sm90,other,,10,0,0,no,1.0,1.0,1.0,void Kokkos::Impl::cuda_parallel_launch_local_memory<Kokkos::Impl::ParallelFor<K...
gh200,sm90,other,,10,0,0,no,1.0,1.0,1.0,void Kokkos::Impl::cuda_parallel_launch_local_memory<Kokkos::Impl::ParallelFor<K...
gh200,sm90,other,,10,0,0,no,1.0,1.0,1.0,void Kokkos::Impl::cuda_parallel_launch_local_memory<Kokkos::Impl::ParallelFor<K...
gh200,sm90,other,,10,0,0,no,1.0,1.0,1.0,void Kokkos::Impl::cuda_parallel_launch_local_memory<Kokkos::Impl::ParallelFor<K...
gh200,sm90,other,,10,0,0,no,1.0,1.0,1.0,void Kokkos::Impl::cuda_parallel_launch_local_memory<Kokkos::Impl::ParallelFor<K...
gh200,sm90,other,,10,0,0,no,1.0,1.0,1.0,void Kokkos::Impl::cuda_parallel_launch_local_memory<Kokkos::Impl::ParallelFor<K...
gh200,sm90,other,,10,0,0,no,1.0,1.0,1.0,void Kokkos::Impl::cuda_parallel_launch_local_memory<Kokkos::Impl::ParallelFor<K...
gh200,sm90,other,,10,0,0,no,1.0,1.0,1.0,void Kokkos::Impl::cuda_parallel_launch_local_memory<Kokkos::Impl::ParallelFor<K...
gh200,sm90,other,,10,0,0,no,1.0,1.0,1.0,void Kokkos::Impl::cuda_parallel_launch_local_memory<Kokkos::Impl::ParallelFor<K...
gh200,sm90,other,,10,0,0,no,1.0,1.0,1.0,void Kokkos::Impl::cuda_parallel_launch_local_memory<Kokkos::Impl::ParallelFor<K...
gh200,sm90,other,,10,0,0,no,1.0,1.0,1.0,void Kokkos::Impl::cuda_parallel_launch_local_memory<Kokkos::Impl::ParallelFor<K...
gh200,sm90,other,,10,0,0,no,1.0,1.0,1.0,void Kokkos::Impl::cuda_parallel_launch_local_memory<Kokkos::Impl::ParallelFor<K...
gh200,sm90,other,,10,0,0,no,1.0,1.0,1.0,void Kokkos::Impl::cuda_parallel_launch_local_memory<Kokkos::Impl::ParallelFor<K...
gh200,sm90,other,,10,0,0,no,1.0,1.0,1.0,void Kokkos::Impl::cuda_parallel_launch_local_memory<Kokkos::Impl::ParallelFor<K...
gh200,sm90,other,,10,0,0,no,1.0,1.0,1.0,void Kokkos::Impl::cuda_parallel_launch_local_memory<Kokkos::Impl::ParallelFor<K...
gh200,sm90,other,,10,0,0,no,1.0,1.0,1.0,void Kokkos::Impl::cuda_parallel_launch_local_memory<Kokkos::Impl::ParallelFor<K...
gh200,sm90,other,,10,0,0,no,1.0,1.0,1.0,void Kokkos::Impl::cuda_parallel_launch_local_memory<Kokkos::Impl::ParallelFor<K...
gh200,sm90,other,,10,0,0,no,1.0,1.0,1.0,void Kokkos::Impl::cuda_parallel_launch_local_memory<Kokkos::Impl::ParallelFor<K...
gh200,sm90,other,,10,0,0,no,1.0,1.0,1.0,void Kokkos::Impl::cuda_parallel_launch_local_memory<Kokkos::Impl::ParallelFor<K...
gh200,sm90,other,,10,0,0,no,1.0,1.0,1.0,void Kokkos::Impl::cuda_parallel_launch_local_memory<Kokkos::Impl::ParallelFor<K...
gh200,sm90,other,,10,0,0,no,1.0,1.0,1.0,void Kokkos::Impl::cuda_parallel_launch_local_memory<Kokkos::Impl::ParallelFor<K...
gh200,sm90,other,,10,0,0,no,1.0,1.0,1.0,void Kokkos::Impl::cuda_parallel_launch_local_memory<Kokkos::Impl::ParallelFor<K...
gh200,sm90,other,,10,0,0,no,1.0,1.0,1.0,void Kokkos::Impl::cuda_parallel_launch_local_memory<Kokkos::Impl::ParallelFor<K...
gh200,sm90,other,,10,0,0,no,1.0,1.0,1.0,void Kokkos::Impl::cuda_parallel_launch_local_memory<Kokkos::Impl::ParallelFor<K...
gh200,sm90,other,,10,0,0,no,1.0,1.0,1.0,void Kokkos::Impl::cuda_parallel_launch_local_memory<Kokkos::Impl::ParallelFor<K...
gh200,sm90,other,,10,0,0,no,1.0,1.0,1.0,void Kokkos::Impl::cuda_parallel_launch_local_memory<Kokkos::Impl::ParallelFor<K...
gh200,sm90,other,,10,0,0,no,1.0,1.0,1.0,void Kokkos::Impl::cuda_parallel_launch_local_memory<Kokkos::Impl::ParallelFor<K...
gh200,sm90,other,,10,0,0,no,1.0,1.0,1.0,void Kokkos::Impl::cuda_parallel_launch_local_memory<Kokkos::Impl::ParallelFor<K...
gh200,sm90,other,,10,0,0,no,1.0,1.0,1.0,void Kokkos::Impl::cuda_parallel_launch_local_memory<Kokkos::Impl::ParallelFor<K...
gh200,sm90,other,,10,0,0,no,1.0,1.0,1.0,void Kokkos::Impl::cuda_parallel_launch_local_memory<Kokkos::Impl::ParallelFor<K...
gh200,sm90,other,,10,0,0,no,1.0,1.0,1.0,void Kokkos::Impl::cuda_parallel_launch_local_memory<Kokkos::Impl::ParallelFor<K...
gh200,sm90,other,,10,0,0,no,1.0,1.0,1.0,void Kokkos::Impl::cuda_parallel_launch_local_memory<Kokkos::Impl::ParallelFor<K...
gh200,sm90,other,,10,0,0,no,1.0,1.0,1.0,void Kokkos::Impl::cuda_parallel_launch_local_memory<Kokkos::Impl::ParallelFor<K...
gh200,sm90,other,,10,0,0,no,1.0,1.0,1.0,void Kokkos::Impl::cuda_parallel_launch_local_memory<Kokkos::Impl::ParallelFor<K...
gh200,sm90,other,,10,0,0,no,1.0,1.0,1.0,void Kokkos::Impl::cuda_parallel_launch_local_memory<Kokkos::Impl::ParallelFor<K...
gh200,sm90,other,,10,0,0,no,1.0,1.0,1.0,void Kokkos::Impl::cuda_parallel_launch_local_memory<Kokkos::Impl::ParallelFor<K...
gh200,sm90,other,,10,0,0,no,1.0,1.0,1.0,void Kokkos::Impl::cuda_parallel_launch_local_memory<Kokkos::Impl::ParallelFor<K...
gh200,sm90,other,,10,0,0,no,1.0,1.0,1.0,void Kokkos::Impl::cuda_parallel_launch_local_memory<Kokkos::Impl::ParallelFor<K...
gh200,sm90,other,,10,1024,0,no,1.0,1.0,1.0,void Kokkos::Impl::cuda_parallel_launch_local_memory<Kokkos::Impl::ParallelFor<K...
gh200,sm90,other,,10,1024,0,no,1.0,1.0,1.0,void Kokkos::Impl::cuda_parallel_launch_local_memory<Kokkos::Impl::ParallelFor<K...
gh200,sm90,other,,10,1024,0,no,1.0,1.0,1.0,void Kokkos::Impl::cuda_parallel_launch_local_memory<Kokkos::Impl::ParallelFor<K...
gh200,sm90,other,,10,1024,0,no,1.0,1.0,1.0,void Kokkos::Impl::cuda_parallel_launch_local_memory<Kokkos::Impl::ParallelFor<K...
gh200,sm90,other,,10,1024,0,no,1.0,1.0,1.0,void Kokkos::Impl::cuda_parallel_launch_local_memory<Kokkos::Impl::ParallelFor<K...
gh200,sm90,other,,10,1024,0,no,1.0,1.0,1.0,void Kokkos::Impl::cuda_parallel_launch_local_memory<Kokkos::Impl::ParallelFor<K...
gh200,sm90,other,,10,0,0,no,1.0,1.0,1.0,void Kokkos::Impl::cuda_parallel_launch_local_memory<Kokkos::Impl::ParallelFor<K...
gh200,sm90,other,,10,0,0,no,1.0,1.0,1.0,void Kokkos::Impl::cuda_parallel_launch_local_memory<Kokkos::Impl::ParallelFor<K...
gh200,sm90,other,,10,1024,0,no,1.0,1.0,1.0,void Kokkos::Impl::cuda_parallel_launch_local_memory<Kokkos::Impl::ParallelFor<K...
gh200,sm90,other,,10,1024,0,no,1.0,1.0,1.0,void Kokkos::Impl::cuda_parallel_launch_local_memory<Kokkos::Impl::ParallelFor<K...
gh200,sm90,other,,10,1024,0,no,1.0,1.0,1.0,void Kokkos::Impl::cuda_parallel_launch_local_memory<Kokkos::Impl::ParallelFor<K...
gh200,sm90,other,,10,1024,0,no,1.0,1.0,1.0,void Kokkos::Impl::cuda_parallel_launch_local_memory<Kokkos::Impl::ParallelFor<K...
gh200,sm90,other,,10,1024,0,no,1.0,1.0,1.0,void Kokkos::Impl::cuda_parallel_launch_local_memory<Kokkos::Impl::ParallelFor<K...
gh200,sm90,other,,10,1024,0,no,1.0,1.0,1.0,void Kokkos::Impl::cuda_parallel_launch_local_memory<Kokkos::Impl::ParallelFor<K...
gh200,sm90,other,,10,0,0,no,1.0,1.0,1.0,void Kokkos::Impl::cuda_parallel_launch_local_memory<Kokkos::Impl::ParallelFor<K...
gh200,sm90,other,,10,0,0,no,1.0,1.0,1.0,void Kokkos::Impl::cuda_parallel_launch_local_memory<Kokkos::Impl::ParallelFor<K...
gh200,sm90,other,,10,1024,0,no,1.0,1.0,1.0,void Kokkos::Impl::cuda_parallel_launch_local_memory<Kokkos::Impl::ParallelFor<K...
gh200,sm90,other,,10,1024,0,no,1.0,1.0,1.0,void Kokkos::Impl::cuda_parallel_launch_local_memory<Kokkos::Impl::ParallelFor<K...
gh200,sm90,other,,10,1024,0,no,1.0,1.0,1.0,void Kokkos::Impl::cuda_parallel_launch_local_memory<Kokkos::Impl::ParallelFor<K...
gh200,sm90,other,,10,1024,0,no,1.0,1.0,1.0,void Kokkos::Impl::cuda_parallel_launch_local_memory<Kokkos::Impl::ParallelFor<K...
gh200,sm90,other,,10,1024,0,no,1.0,1.0,1.0,void Kokkos::Impl::cuda_parallel_launch_local_memory<Kokkos::Impl::ParallelFor<K...
gh200,sm90,other,,10,1024,0,no,1.0,1.0,1.0,void Kokkos::Impl::cuda_parallel_launch_local_memory<Kokkos::Impl::ParallelFor<K...
gh200,sm90,other,,10,1024,0,no,1.0,1.0,1.0,void Kokkos::Impl::cuda_parallel_launch_local_memory<Kokkos::Impl::ParallelFor<K...
gh200,sm90,other,,10,1024,0,no,1.0,1.0,1.0,void Kokkos::Impl::cuda_parallel_launch_local_memory<Kokkos::Impl::ParallelFor<K...
gh200,sm90,other,,10,1024,0,no,1.0,1.0,1.0,void Kokkos::Impl::cuda_parallel_launch_local_memory<Kokkos::Impl::ParallelFor<K...
gh200,sm90,other,,10,1024,0,no,1.0,1.0,1.0,void Kokkos::Impl::cuda_parallel_launch_local_memory<Kokkos::Impl::ParallelFor<K...
gh200,sm90,other,,10,1024,0,no,1.0,1.0,1.0,void Kokkos::Impl::cuda_parallel_launch_local_memory<Kokkos::Impl::ParallelFor<K...
gh200,sm90,other,,10,1024,0,no,1.0,1.0,1.0,void Kokkos::Impl::cuda_parallel_launch_local_memory<Kokkos::Impl::ParallelFor<K...
gh200,sm90,other,,10,1024,0,no,1.0,1.0,1.0,void Kokkos::Impl::cuda_parallel_launch_local_memory<Kokkos::Impl::ParallelFor<K...
gh200,sm90,other,,10,1024,0,no,1.0,1.0,1.0,void Kokkos::Impl::cuda_parallel_launch_local_memory<Kokkos::Impl::ParallelFor<K...
gh200,sm90,other,,10,1024,0,no,1.0,1.0,1.0,void Kokkos::Impl::cuda_parallel_launch_local_memory<Kokkos::Impl::ParallelFor<K...
gh200,sm90,other,,10,1024,0,no,1.0,1.0,1.0,void Kokkos::Impl::cuda_parallel_launch_local_memory<Kokkos::Impl::ParallelFor<K...
gh200,sm90,other,,10,0,0,no,1.0,1.0,1.0,void Kokkos::Impl::cuda_parallel_launch_local_memory<Kokkos::Impl::ParallelFor<K...
gh200,sm90,other,,10,0,0,no,1.0,1.0,1.0,void Kokkos::Impl::cuda_parallel_launch_local_memory<Kokkos::Impl::ParallelFor<K...
gh200,sm90,other,,10,0,0,no,1.0,1.0,1.0,void Kokkos::Impl::cuda_parallel_launch_local_memory<Kokkos::Impl::ParallelFor<K...
gh200,sm90,other,,10,0,0,no,1.0,1.0,1.0,void Kokkos::Impl::cuda_parallel_launch_local_memory<Kokkos::Impl::ParallelFor<K...
gh200,sm90,other,,10,0,0,no,1.0,1.0,1.0,void Kokkos::Impl::cuda_parallel_launch_local_memory<Kokkos::Impl::ParallelFor<K...
gh200,sm90,other,,10,0,0,no,1.0,1.0,1.0,void Kokkos::Impl::cuda_parallel_launch_local_memory<Kokkos::Impl::ParallelFor<K...
gh200,sm90,other,,10,0,0,no,1.0,1.0,1.0,void Kokkos::Impl::cuda_parallel_launch_local_memory<Kokkos::Impl::ParallelFor<K...
gh200,sm90,other,,10,0,0,no,1.0,1.0,1.0,void Kokkos::Impl::cuda_parallel_launch_local_memory<Kokkos::Impl::ParallelFor<K...
gh200,sm90,other,,10,0,0,no,1.0,1.0,1.0,void Kokkos::Impl::cuda_parallel_launch_local_memory<Kokkos::Impl::ParallelFor<K...
gh200,sm90,other,,10,0,0,no,1.0,1.0,1.0,void Kokkos::Impl::cuda_parallel_launch_local_memory<Kokkos::Impl::ParallelFor<K...
gh200,sm90,other,,10,0,0,no,1.0,1.0,1.0,void Kokkos::Impl::cuda_parallel_launch_local_memory<Kokkos::Impl::ParallelFor<K...
gh200,sm90,other,,10,0,0,no,1.0,1.0,1.0,void Kokkos::Impl::cuda_parallel_launch_local_memory<Kokkos::Impl::ParallelFor<K...
gh200,sm90,other,,10,0,0,no,1.0,1.0,1.0,void Kokkos::Impl::cuda_parallel_launch_local_memory<Kokkos::Impl::ParallelFor<K...
gh200,sm90,other,,10,0,0,no,1.0,1.0,1.0,void Kokkos::Impl::cuda_parallel_launch_local_memory<Kokkos::Impl::ParallelFor<K...
gh200,sm90,other,,10,0,0,no,1.0,1.0,1.0,void Kokkos::Impl::cuda_parallel_launch_local_memory<Kokkos::Impl::ParallelFor<K...
gh200,sm90,other,,10,0,0,no,1.0,1.0,1.0,void Kokkos::Impl::cuda_parallel_launch_local_memory<Kokkos::Impl::ParallelFor<K...
gh200,sm90,other,,10,0,0,no,1.0,1.0,1.0,void Kokkos::Impl::cuda_parallel_launch_local_memory<Kokkos::Impl::ParallelFor<K...
gh200,sm90,other,,10,0,0,no,1.0,1.0,1.0,void Kokkos::Impl::cuda_parallel_launch_local_memory<Kokkos::Impl::ParallelFor<K...
gh200,sm90,other,,10,0,0,no,1.0,1.0,1.0,void Kokkos::Impl::cuda_parallel_launch_local_memory<Kokkos::Impl::ParallelFor<K...
gh200,sm90,other,,10,0,0,no,1.0,1.0,1.0,void Kokkos::Impl::cuda_parallel_launch_local_memory<Kokkos::Impl::ParallelFor<K...
gh200,sm90,other,,10,0,0,no,1.0,1.0,1.0,void Kokkos::Impl::cuda_parallel_launch_local_memory<Kokkos::Impl::ParallelFor<K...
gh200,sm90,other,,10,0,0,no,1.0,1.0,1.0,void Kokkos::Impl::cuda_parallel_launch_local_memory<Kokkos::Impl::ParallelFor<K...
gh200,sm90,other,,10,0,0,no,1.0,1.0,1.0,void Kokkos::Impl::cuda_parallel_launch_local_memory<Kokkos::Impl::ParallelFor<K...
gh200,sm90,other,,10,0,0,no,1.0,1.0,1.0,void Kokkos::Impl::cuda_parallel_launch_local_memory<Kokkos::Impl::ParallelFor<K...
gh200,sm90,other,,10,0,0,no,1.0,1.0,1.0,void Kokkos::Impl::cuda_parallel_launch_local_memory<Kokkos::Impl::ParallelFor<K...
gh200,sm90,other,,10,0,0,no,1.0,1.0,1.0,void Kokkos::Impl::cuda_parallel_launch_local_memory<Kokkos::Impl::ParallelFor<K...
gh200,sm90,other,,10,0,0,no,1.0,1.0,1.0,void Kokkos::Impl::cuda_parallel_launch_local_memory<Kokkos::Impl::ParallelFor<K...
gh200,sm90,other,,10,0,0,no,1.0,1.0,1.0,void Kokkos::Impl::cuda_parallel_launch_local_memory<Kokkos::Impl::ParallelFor<K...
gh200,sm90,other,,10,0,0,no,1.0,1.0,1.0,void Kokkos::Impl::cuda_parallel_launch_local_memory<Kokkos::Impl::ParallelFor<K...
gh200,sm90,other,,10,0,0,no,1.0,1.0,1.0,void Kokkos::Impl::cuda_parallel_launch_local_memory<Kokkos::Impl::ParallelFor<K...
gh200,sm90,other,,10,0,0,no,1.0,1.0,1.0,void Kokkos::Impl::cuda_parallel_launch_local_memory<Kokkos::Impl::ParallelFor<K...
gh200,sm90,other,,10,0,0,no,1.0,1.0,1.0,void Kokkos::Impl::cuda_parallel_launch_local_memory<Kokkos::Impl::ParallelFor<K...
gh200,sm90,other,,10,0,0,no,1.0,1.0,1.0,void Kokkos::Impl::cuda_parallel_launch_local_memory<Kokkos::Impl::ParallelFor<K...
gh200,sm90,other,,10,0,0,no,1.0,1.0,1.0,void Kokkos::Impl::cuda_parallel_launch_local_memory<Kokkos::Impl::ParallelFor<K...
gh200,sm90,other,,10,0,0,no,1.0,1.0,1.0,void Kokkos::Impl::cuda_parallel_launch_local_memory<Kokkos::Impl::ParallelFor<K...
gh200,sm90,other,,10,0,0,no,1.0,1.0,1.0,void Kokkos::Impl::cuda_parallel_launch_local_memory<Kokkos::Impl::ParallelFor<K...
gh200,sm90,other,,10,0,0,no,1.0,1.0,1.0,void Kokkos::Impl::cuda_parallel_launch_local_memory<Kokkos::Impl::ParallelFor<K...
gh200,sm90,other,,10,0,0,no,1.0,1.0,1.0,void Kokkos::Impl::cuda_parallel_launch_local_memory<Kokkos::Impl::ParallelFor<K...
gh200,sm90,other,,10,0,0,no,1.0,1.0,1.0,void Kokkos::Impl::cuda_parallel_launch_local_memory<Kokkos::Impl::ParallelFor<K...
gh200,sm90,other,,10,0,0,no,1.0,1.0,1.0,void Kokkos::Impl::cuda_parallel_launch_local_memory<Kokkos::Impl::ParallelFor<K...
gh200,sm90,other,,10,0,0,no,1.0,1.0,1.0,void Kokkos::Impl::cuda_parallel_launch_local_memory<Kokkos::Impl::ParallelFor<K...
gh200,sm90,other,,10,0,0,no,1.0,1.0,1.0,void Kokkos::Impl::cuda_parallel_launch_local_memory<Kokkos::Impl::ParallelFor<K...
gh200,sm90,other,,10,0,0,no,1.0,1.0,1.0,void Kokkos::Impl::cuda_parallel_launch_local_memory<Kokkos::Impl::ParallelFor<K...
gh200,sm90,other,,10,0,0,no,1.0,1.0,1.0,void Kokkos::Impl::cuda_parallel_launch_local_memory<Kokkos::Impl::ParallelFor<K...
gh200,sm90,other,,10,0,0,no,1.0,1.0,1.0,void Kokkos::Impl::cuda_parallel_launch_local_memory<Kokkos::Impl::ParallelFor<K...
gh200,sm90,other,,10,0,0,no,1.0,1.0,1.0,void Kokkos::Impl::cuda_parallel_launch_local_memory<Kokkos::Impl::ParallelFor<K...
gh200,sm90,other,,10,1024,0,no,1.0,1.0,1.0,void Kokkos::Impl::cuda_parallel_launch_local_memory<Kokkos::Impl::ParallelFor<K...
gh200,sm90,other,,10,1024,0,no,1.0,1.0,1.0,void Kokkos::Impl::cuda_parallel_launch_local_memory<Kokkos::Impl::ParallelFor<K...
gh200,sm90,other,,10,0,0,no,1.0,1.0,1.0,void Kokkos::Impl::cuda_parallel_launch_local_memory<Kokkos::Impl::ParallelFor<K...
gh200,sm90,other,,10,0,0,no,1.0,1.0,1.0,void Kokkos::Impl::cuda_parallel_launch_local_memory<Kokkos::Impl::ParallelFor<K...
gh200,sm90,other,,10,1024,0,no,1.0,1.0,1.0,void Kokkos::Impl::cuda_parallel_launch_local_memory<Kokkos::Impl::ParallelFor<K...
gh200,sm90,other,,10,1024,0,no,1.0,1.0,1.0,void Kokkos::Impl::cuda_parallel_launch_local_memory<Kokkos::Impl::ParallelFor<K...
gh200,sm90,other,,10,0,0,no,1.0,1.0,1.0,void Kokkos::Impl::cuda_parallel_launch_local_memory<Kokkos::Impl::ParallelFor<K...
gh200,sm90,other,,10,0,0,no,1.0,1.0,1.0,void Kokkos::Impl::cuda_parallel_launch_local_memory<Kokkos::Impl::ParallelFor<K...
gh200,sm90,other,,10,1024,0,no,1.0,1.0,1.0,void Kokkos::Impl::cuda_parallel_launch_local_memory<Kokkos::Impl::ParallelFor<K...
gh200,sm90,other,,10,1024,0,no,1.0,1.0,1.0,void Kokkos::Impl::cuda_parallel_launch_local_memory<Kokkos::Impl::ParallelFor<K...
gh200,sm90,other,,10,0,0,no,1.0,1.0,1.0,void Kokkos::Impl::cuda_parallel_launch_local_memory<Kokkos::Impl::ParallelFor<K...
gh200,sm90,other,,10,0,0,no,1.0,1.0,1.0,void Kokkos::Impl::cuda_parallel_launch_local_memory<Kokkos::Impl::ParallelFor<K...
gh200,sm90,other,,10,0,0,no,1.0,1.0,1.0,void Kokkos::Impl::cuda_parallel_launch_local_memory<Kokkos::Impl::ParallelFor<K...
gh200,sm90,other,,10,0,0,no,1.0,1.0,1.0,void Kokkos::Impl::cuda_parallel_launch_local_memory<Kokkos::Impl::ParallelFor<K...
gh200,sm90,other,,10,0,0,no,1.0,1.0,1.0,void Kokkos::Impl::cuda_parallel_launch_local_memory<Kokkos::Impl::ParallelFor<K...
gh200,sm90,other,,10,0,0,no,1.0,1.0,1.0,void Kokkos::Impl::cuda_parallel_launch_local_memory<Kokkos::Impl::ParallelFor<K...
gh200,sm90,other,,10,0,0,no,1.0,1.0,1.0,void Kokkos::Impl::cuda_parallel_launch_local_memory<Kokkos::Impl::ParallelFor<K...
gh200,sm90,other,,10,0,0,no,1.0,1.0,1.0,void Kokkos::Impl::cuda_parallel_launch_local_memory<Kokkos::Impl::ParallelFor<K...
gh200,sm90,other,,10,0,0,no,1.0,1.0,1.0,void Kokkos::Impl::cuda_parallel_launch_local_memory<Kokkos::Impl::ParallelFor<K...
gh200,sm90,other,,10,0,0,no,1.0,1.0,1.0,void Kokkos::Impl::cuda_parallel_launch_local_memory<Kokkos::Impl::ParallelFor<K...
gh200,sm90,other,,10,0,0,no,1.0,1.0,1.0,void Kokkos::Impl::cuda_parallel_launch_local_memory<Kokkos::Impl::ParallelFor<K...
gh200,sm90,other,,10,0,0,no,1.0,1.0,1.0,void Kokkos::Impl::cuda_parallel_launch_local_memory<Kokkos::Impl::ParallelFor<K...
gh200,sm90,other,,10,0,0,no,1.0,1.0,1.0,void Kokkos::Impl::cuda_parallel_launch_local_memory<Kokkos::Impl::ParallelFor<K...
gh200,sm90,other,,10,0,0,no,1.0,1.0,1.0,void Kokkos::Impl::cuda_parallel_launch_local_memory<Kokkos::Impl::ParallelFor<K...
gh200,sm90,other,,10,0,0,no,1.0,1.0,1.0,void Kokkos::Impl::cuda_parallel_launch_local_memory<Kokkos::Impl::ParallelFor<K...
gh200,sm90,other,,10,0,0,no,1.0,1.0,1.0,void Kokkos::Impl::cuda_parallel_launch_local_memory<Kokkos::Impl::ParallelFor<K...
gh200,sm90,other,,10,0,0,no,1.0,1.0,1.0,void Kokkos::Impl::cuda_parallel_launch_local_memory<Kokkos::Impl::ParallelFor<K...
gh200,sm90,other,,10,0,0,no,1.0,1.0,1.0,void Kokkos::Impl::cuda_parallel_launch_local_memory<Kokkos::Impl::ParallelFor<K...
gh200,sm90,other,,10,0,0,no,1.0,1.0,1.0,void Kokkos::Impl::cuda_parallel_launch_local_memory<Kokkos::Impl::ParallelFor<K...
gh200,sm90,other,,10,0,0,no,1.0,1.0,1.0,void Kokkos::Impl::cuda_parallel_launch_local_memory<Kokkos::Impl::ParallelFor<K...
gh200,sm90,other,,10,0,0,no,1.0,1.0,1.0,void Kokkos::Impl::cuda_parallel_launch_local_memory<Kokkos::Impl::ParallelFor<K...
gh200,sm90,other,,10,0,0,no,1.0,1.0,1.0,void Kokkos::Impl::cuda_parallel_launch_local_memory<Kokkos::Impl::ParallelFor<K...
gh200,sm90,other,,10,0,0,no,1.0,1.0,1.0,void Kokkos::Impl::cuda_parallel_launch_local_memory<Kokkos::Impl::ParallelFor<K...
gh200,sm90,other,,10,0,0,no,1.0,1.0,1.0,void Kokkos::Impl::cuda_parallel_launch_local_memory<Kokkos::Impl::ParallelFor<K...
gh200,sm90,other,,10,0,0,no,1.0,1.0,1.0,void Kokkos::Impl::cuda_parallel_launch_local_memory<Kokkos::Impl::ParallelFor<K...
gh200,sm90,other,,10,0,0,no,1.0,1.0,1.0,void Kokkos::Impl::cuda_parallel_launch_local_memory<Kokkos::Impl::ParallelFor<K...
gh200,sm90,other,,10,0,0,no,1.0,1.0,1.0,void Kokkos::Impl::cuda_parallel_launch_local_memory<Kokkos::Impl::ParallelFor<K...
gh200,sm90,other,,10,0,0,no,1.0,1.0,1.0,void Kokkos::Impl::cuda_parallel_launch_local_memory<Kokkos::Impl::ParallelFor<K...
gh200,sm90,other,,10,0,0,no,1.0,1.0,1.0,void Kokkos::Impl::cuda_parallel_launch_local_memory<Kokkos::Impl::ParallelFor<K...
gh200,sm90,other,,10,0,0,no,1.0,1.0,1.0,void Kokkos::Impl::cuda_parallel_launch_local_memory<Kokkos::Impl::ParallelFor<K...
gh200,sm90,other,,10,0,0,no,1.0,1.0,1.0,void Kokkos::Impl::cuda_parallel_launch_local_memory<Kokkos::Impl::ParallelFor<K...
gh200,sm90,other,,10,0,0,no,1.0,1.0,1.0,void Kokkos::Impl::cuda_parallel_launch_local_memory<Kokkos::Impl::ParallelFor<K...
gh200,sm90,other,,10,0,0,no,1.0,1.0,1.0,void Kokkos::Impl::cuda_parallel_launch_local_memory<Kokkos::Impl::ParallelFor<K...
gh200,sm90,other,,10,0,0,no,1.0,1.0,1.0,void Kokkos::Impl::cuda_parallel_launch_local_memory<Kokkos::Impl::ParallelFor<K...
gh200,sm90,other,,10,0,0,no,1.0,1.0,1.0,void Kokkos::Impl::cuda_parallel_launch_local_memory<Kokkos::Impl::ParallelFor<K...
gh200,sm90,other,,10,0,0,no,1.0,1.0,1.0,void Kokkos::Impl::cuda_parallel_launch_local_memory<Kokkos::Impl::ParallelFor<K...
gh200,sm90,other,,10,0,0,no,1.0,1.0,1.0,void Kokkos::Impl::cuda_parallel_launch_local_memory<Kokkos::Impl::ParallelFor<K...
gh200,sm90,other,,10,0,0,no,1.0,1.0,1.0,void Kokkos::Impl::cuda_parallel_launch_local_memory<Kokkos::Impl::ParallelFor<K...
gh200,sm90,other,,10,0,0,no,1.0,1.0,1.0,void Kokkos::Impl::cuda_parallel_launch_local_memory<Kokkos::Impl::ParallelFor<K...
gh200,sm90,other,,10,0,0,no,1.0,1.0,1.0,void Kokkos::Impl::cuda_parallel_launch_local_memory<Kokkos::Impl::ParallelFor<K...
gh200,sm90,other,,10,0,0,no,1.0,1.0,1.0,void Kokkos::Impl::cuda_parallel_launch_local_memory<Kokkos::Impl::ParallelFor<K...
gh200,sm90,other,,10,0,0,no,1.0,1.0,1.0,void Kokkos::Impl::cuda_parallel_launch_local_memory<Kokkos::Impl::ParallelFor<K...
gh200,sm90,other,,10,0,0,no,1.0,1.0,1.0,void Kokkos::Impl::cuda_parallel_launch_local_memory<Kokkos::Impl::ParallelFor<K...
gh200,sm90,other,,10,0,0,no,1.0,1.0,1.0,void Kokkos::Impl::cuda_parallel_launch_local_memory<Kokkos::Impl::ParallelFor<K...
gh200,sm90,other,,10,1024,0,no,1.0,1.0,1.0,void Kokkos::Impl::cuda_parallel_launch_local_memory<Kokkos::Impl::ParallelFor<K...
gh200,sm90,other,,10,1024,0,no,1.0,1.0,1.0,void Kokkos::Impl::cuda_parallel_launch_local_memory<Kokkos::Impl::ParallelFor<K...
gh200,sm90,other,,10,0,0,no,1.0,1.0,1.0,void Kokkos::Impl::cuda_parallel_launch_local_memory<Kokkos::Impl::ParallelFor<K...
gh200,sm90,other,,10,0,0,no,1.0,1.0,1.0,void Kokkos::Impl::cuda_parallel_launch_local_memory<Kokkos::Impl::ParallelFor<K...
gh200,sm90,other,,10,1024,0,no,1.0,1.0,1.0,void Kokkos::Impl::cuda_parallel_launch_local_memory<Kokkos::Impl::ParallelFor<K...
gh200,sm90,other,,10,1024,0,no,1.0,1.0,1.0,void Kokkos::Impl::cuda_parallel_launch_local_memory<Kokkos::Impl::ParallelFor<K...
gh200,sm90,other,,10,0,0,no,1.0,1.0,1.0,void Kokkos::Impl::cuda_parallel_launch_local_memory<Kokkos::Impl::ParallelFor<K...
gh200,sm90,other,,10,0,0,no,1.0,1.0,1.0,void Kokkos::Impl::cuda_parallel_launch_local_memory<Kokkos::Impl::ParallelFor<K...
gh200,sm90,other,,10,1024,0,no,1.0,1.0,1.0,void Kokkos::Impl::cuda_parallel_launch_local_memory<Kokkos::Impl::ParallelFor<K...
gh200,sm90,other,,10,1024,0,no,1.0,1.0,1.0,void Kokkos::Impl::cuda_parallel_launch_local_memory<Kokkos::Impl::ParallelFor<K...
gh200,sm90,other,,10,0,0,no,1.0,1.0,1.0,void Kokkos::Impl::cuda_parallel_launch_local_memory<Kokkos::Impl::ParallelFor<K...
gh200,sm90,other,,10,0,0,no,1.0,1.0,1.0,void Kokkos::Impl::cuda_parallel_launch_local_memory<Kokkos::Impl::ParallelFor<K...
gh200,sm90,other,,10,0,0,no,1.0,1.0,1.0,void Kokkos::Impl::cuda_parallel_launch_local_memory<Kokkos::Impl::ParallelFor<K...
gh200,sm90,other,,10,0,0,no,1.0,1.0,1.0,void Kokkos::Impl::cuda_parallel_launch_local_memory<Kokkos::Impl::ParallelFor<K...
gh200,sm90,other,,10,0,0,no,1.0,1.0,1.0,void Kokkos::Impl::cuda_parallel_launch_local_memory<Kokkos::Impl::ParallelFor<K...
gh200,sm90,other,,10,0,0,no,1.0,1.0,1.0,void Kokkos::Impl::cuda_parallel_launch_local_memory<Kokkos::Impl::ParallelFor<K...
gh200,sm90,other,,10,0,0,no,1.0,1.0,1.0,void Kokkos::Impl::cuda_parallel_launch_local_memory<Kokkos::Impl::ParallelFor<K...
gh200,sm90,other,,10,0,0,no,1.0,1.0,1.0,void Kokkos::Impl::cuda_parallel_launch_local_memory<Kokkos::Impl::ParallelFor<K...
gh200,sm90,other,,10,0,0,no,1.0,1.0,1.0,void Kokkos::Impl::cuda_parallel_launch_local_memory<Kokkos::Impl::ParallelFor<K...
gh200,sm90,other,,10,0,0,no,1.0,1.0,1.0,void Kokkos::Impl::cuda_parallel_launch_local_memory<Kokkos::Impl::ParallelFor<K...
gh200,sm90,other,,10,0,0,no,1.0,1.0,1.0,void Kokkos::Impl::cuda_parallel_launch_local_memory<Kokkos::Impl::ParallelFor<K...
gh200,sm90,other,,10,0,0,no,1.0,1.0,1.0,void Kokkos::Impl::cuda_parallel_launch_local_memory<Kokkos::Impl::ParallelFor<K...
gh200,sm90,other,,10,0,0,no,1.0,1.0,1.0,void Kokkos::Impl::cuda_parallel_launch_local_memory<Kokkos::Impl::ParallelFor<K...
gh200,sm90,other,,10,0,0,no,1.0,1.0,1.0,void Kokkos::Impl::cuda_parallel_launch_local_memory<Kokkos::Impl::ParallelFor<K...
gh200,sm90,other,,10,1024,0,no,1.0,1.0,1.0,void Kokkos::Impl::cuda_parallel_launch_local_memory<Kokkos::Impl::ParallelFor<K...
gh200,sm90,other,,10,1024,0,no,1.0,1.0,1.0,void Kokkos::Impl::cuda_parallel_launch_local_memory<Kokkos::Impl::ParallelFor<K...
gh200,sm90,other,,10,0,0,no,1.0,1.0,1.0,void Kokkos::Impl::cuda_parallel_launch_local_memory<Kokkos::Impl::ParallelFor<K...
gh200,sm90,other,,10,0,0,no,1.0,1.0,1.0,void Kokkos::Impl::cuda_parallel_launch_local_memory<Kokkos::Impl::ParallelFor<K...
gh200,sm90,other,,10,0,0,no,1.0,1.0,1.0,void Kokkos::Impl::cuda_parallel_launch_local_memory<Kokkos::Impl::ParallelFor<K...
gh200,sm90,other,,10,0,0,no,1.0,1.0,1.0,void Kokkos::Impl::cuda_parallel_launch_local_memory<Kokkos::Impl::ParallelFor<K...
gh200,sm90,other,,10,0,0,no,1.0,1.0,1.0,void Kokkos::Impl::cuda_parallel_launch_local_memory<Kokkos::Impl::ParallelFor<K...
gh200,sm90,other,,10,0,0,no,1.0,1.0,1.0,void Kokkos::Impl::cuda_parallel_launch_local_memory<Kokkos::Impl::ParallelFor<K...
gh200,sm90,other,,10,0,0,no,1.0,1.0,1.0,void Kokkos::Impl::cuda_parallel_launch_local_memory<Kokkos::Impl::ParallelFor<K...
gh200,sm90,other,,10,0,0,no,1.0,1.0,1.0,void Kokkos::Impl::cuda_parallel_launch_local_memory<Kokkos::Impl::ParallelFor<K...
gh200,sm90,other,,10,0,0,no,1.0,1.0,1.0,void Kokkos::Impl::cuda_parallel_launch_local_memory<Kokkos::Impl::ParallelFor<K...
gh200,sm90,other,,10,0,0,no,1.0,1.0,1.0,void Kokkos::Impl::cuda_parallel_launch_local_memory<Kokkos::Impl::ParallelFor<K...
gh200,sm90,other,,10,0,0,no,1.0,1.0,1.0,void Kokkos::Impl::cuda_parallel_launch_local_memory<Kokkos::Impl::ParallelFor<K...
gh200,sm90,other,,10,0,0,no,1.0,1.0,1.0,void Kokkos::Impl::cuda_parallel_launch_local_memory<Kokkos::Impl::ParallelFor<K...
gh200,sm90,other,,10,0,0,no,1.0,1.0,1.0,void Kokkos::Impl::cuda_parallel_launch_local_memory<Kokkos::Impl::ParallelFor<K...
gh200,sm90,other,,10,0,0,no,1.0,1.0,1.0,void Kokkos::Impl::cuda_parallel_launch_local_memory<Kokkos::Impl::ParallelFor<K...
gh200,sm90,other,,10,0,0,no,1.0,1.0,1.0,void Kokkos::Impl::cuda_parallel_launch_local_memory<Kokkos::Impl::ParallelFor<K...
gh200,sm90,other,,10,0,0,no,1.0,1.0,1.0,void Kokkos::Impl::cuda_parallel_launch_local_memory<Kokkos::Impl::ParallelFor<K...
gh200,sm90,other,,10,0,0,no,1.0,1.0,1.0,void Kokkos::Impl::cuda_parallel_launch_local_memory<Kokkos::Impl::ParallelFor<K...
gh200,sm90,other,,10,0,0,no,1.0,1.0,1.0,void Kokkos::Impl::cuda_parallel_launch_local_memory<Kokkos::Impl::ParallelFor<K...
gh200,sm90,other,,10,0,0,no,1.0,1.0,1.0,void Kokkos::Impl::cuda_parallel_launch_local_memory<Kokkos::Impl::ParallelFor<K...
gh200,sm90,other,,10,0,0,no,1.0,1.0,1.0,void Kokkos::Impl::cuda_parallel_launch_local_memory<Kokkos::Impl::ParallelFor<K...
gh200,sm90,other,,10,0,0,no,1.0,1.0,1.0,void Kokkos::Impl::cuda_parallel_launch_local_memory<Kokkos::Impl::ParallelFor<K...
gh200,sm90,other,,10,0,0,no,1.0,1.0,1.0,void Kokkos::Impl::cuda_parallel_launch_local_memory<Kokkos::Impl::ParallelFor<K...
gh200,sm90,other,,10,0,0,no,1.0,1.0,1.0,void Kokkos::Impl::cuda_parallel_launch_local_memory<Kokkos::Impl::ParallelFor<K...
gh200,sm90,other,,10,0,0,no,1.0,1.0,1.0,void Kokkos::Impl::cuda_parallel_launch_local_memory<Kokkos::Impl::ParallelFor<K...
gh200,sm90,other,,10,0,0,no,1.0,1.0,1.0,void Kokkos::Impl::cuda_parallel_launch_local_memory<Kokkos::Impl::ParallelFor<K...
gh200,sm90,other,,10,0,0,no,1.0,1.0,1.0,void Kokkos::Impl::cuda_parallel_launch_local_memory<Kokkos::Impl::ParallelFor<K...
gh200,sm90,other,,10,1024,0,no,1.0,1.0,1.0,void Kokkos::Impl::cuda_parallel_launch_local_memory<Kokkos::Impl::ParallelFor<K...
gh200,sm90,other,,10,1024,0,no,1.0,1.0,1.0,void Kokkos::Impl::cuda_parallel_launch_local_memory<Kokkos::Impl::ParallelFor<K...
gh200,sm90,other,,10,0,0,no,1.0,1.0,1.0,void Kokkos::Impl::cuda_parallel_launch_local_memory<Kokkos::Impl::ParallelFor<K...
gh200,sm90,other,,10,0,0,no,1.0,1.0,1.0,void Kokkos::Impl::cuda_parallel_launch_local_memory<Kokkos::Impl::ParallelFor<K...
gh200,sm90,other,,10,1024,0,no,1.0,1.0,1.0,void Kokkos::Impl::cuda_parallel_launch_local_memory<Kokkos::Impl::ParallelFor<K...
gh200,sm90,other,,10,1024,0,no,1.0,1.0,1.0,void Kokkos::Impl::cuda_parallel_launch_local_memory<Kokkos::Impl::ParallelFor<K...
gh200,sm90,other,,10,0,0,no,1.0,1.0,1.0,void Kokkos::Impl::cuda_parallel_launch_local_memory<Kokkos::Impl::ParallelFor<K...
gh200,sm90,other,,10,0,0,no,1.0,1.0,1.0,void Kokkos::Impl::cuda_parallel_launch_local_memory<Kokkos::Impl::ParallelFor<K...
gh200,sm90,other,,10,0,0,no,1.0,1.0,1.0,void Kokkos::Impl::cuda_parallel_launch_local_memory<Kokkos::Impl::ParallelFor<K...
gh200,sm90,other,,10,0,0,no,1.0,1.0,1.0,void Kokkos::Impl::cuda_parallel_launch_local_memory<Kokkos::Impl::ParallelFor<K...
gh200,sm90,other,,10,0,0,no,1.0,1.0,1.0,void Kokkos::Impl::cuda_parallel_launch_local_memory<Kokkos::Impl::ParallelFor<K...
gh200,sm90,other,,10,0,0,no,1.0,1.0,1.0,void Kokkos::Impl::cuda_parallel_launch_local_memory<Kokkos::Impl::ParallelFor<K...
gh200,sm90,other,,10,0,0,no,1.0,1.0,1.0,void Kokkos::Impl::cuda_parallel_launch_local_memory<Kokkos::Impl::ParallelFor<K...
gh200,sm90,other,,10,0,0,no,1.0,1.0,1.0,void Kokkos::Impl::cuda_parallel_launch_local_memory<Kokkos::Impl::ParallelFor<K...
gh200,sm90,other,,10,0,0,no,1.0,1.0,1.0,void Kokkos::Impl::cuda_parallel_launch_local_memory<Kokkos::Impl::ParallelFor<K...
gh200,sm90,other,,10,0,0,no,1.0,1.0,1.0,void Kokkos::Impl::cuda_parallel_launch_local_memory<Kokkos::Impl::ParallelFor<K...
gh200,sm90,other,,10,0,0,no,1.0,1.0,1.0,void Kokkos::Impl::cuda_parallel_launch_local_memory<Kokkos::Impl::ParallelFor<K...
gh200,sm90,other,,10,0,0,no,1.0,1.0,1.0,void Kokkos::Impl::cuda_parallel_launch_local_memory<Kokkos::Impl::ParallelFor<K...
gh200,sm90,other,,10,0,0,no,1.0,1.0,1.0,void Kokkos::Impl::cuda_parallel_launch_local_memory<Kokkos::Impl::ParallelFor<K...
gh200,sm90,other,,10,0,0,no,1.0,1.0,1.0,void Kokkos::Impl::cuda_parallel_launch_local_memory<Kokkos::Impl::ParallelFor<K...
gh200,sm90,other,,10,0,0,no,1.0,1.0,1.0,void Kokkos::Impl::cuda_parallel_launch_local_memory<Kokkos::Impl::ParallelFor<K...
gh200,sm90,other,,10,0,0,no,1.0,1.0,1.0,void Kokkos::Impl::cuda_parallel_launch_local_memory<Kokkos::Impl::ParallelFor<K...
gh200,sm90,other,,10,1024,0,no,1.0,1.0,1.0,void Kokkos::Impl::cuda_parallel_launch_local_memory<Kokkos::Impl::ParallelFor<K...
gh200,sm90,other,,10,1024,0,no,1.0,1.0,1.0,void Kokkos::Impl::cuda_parallel_launch_local_memory<Kokkos::Impl::ParallelFor<K...
gh200,sm90,other,,10,0,0,no,1.0,1.0,1.0,void Kokkos::Impl::cuda_parallel_launch_local_memory<Kokkos::Impl::ParallelFor<K...
gh200,sm90,other,,10,0,0,no,1.0,1.0,1.0,void Kokkos::Impl::cuda_parallel_launch_local_memory<Kokkos::Impl::ParallelFor<K...
gh200,sm90,other,,10,1024,0,no,1.0,1.0,1.0,void Kokkos::Impl::cuda_parallel_launch_local_memory<Kokkos::Impl::ParallelFor<K...
gh200,sm90,other,,10,1024,0,no,1.0,1.0,1.0,void Kokkos::Impl::cuda_parallel_launch_local_memory<Kokkos::Impl::ParallelFor<K...
gh200,sm90,other,,10,0,0,no,1.0,1.0,1.0,void Kokkos::Impl::cuda_parallel_launch_local_memory<Kokkos::Impl::ParallelFor<K...
gh200,sm90,other,,10,0,0,no,1.0,1.0,1.0,void Kokkos::Impl::cuda_parallel_launch_local_memory<Kokkos::Impl::ParallelFor<K...
gh200,sm90,other,,10,0,0,no,1.0,1.0,1.0,void Kokkos::Impl::cuda_parallel_launch_local_memory<Kokkos::Impl::ParallelFor<K...
gh200,sm90,other,,10,0,0,no,1.0,1.0,1.0,void Kokkos::Impl::cuda_parallel_launch_local_memory<Kokkos::Impl::ParallelFor<K...
gh200,sm90,other,,10,0,0,no,1.0,1.0,1.0,void Kokkos::Impl::cuda_parallel_launch_local_memory<Kokkos::Impl::ParallelFor<K...
gh200,sm90,other,,10,0,0,no,1.0,1.0,1.0,void Kokkos::Impl::cuda_parallel_launch_local_memory<Kokkos::Impl::ParallelFor<K...
gh200,sm90,other,,10,0,0,no,1.0,1.0,1.0,void Kokkos::Impl::cuda_parallel_launch_local_memory<Kokkos::Impl::ParallelFor<K...
gh200,sm90,other,,10,0,0,no,1.0,1.0,1.0,void Kokkos::Impl::cuda_parallel_launch_local_memory<Kokkos::Impl::ParallelFor<K...
gh200,sm90,other,,10,0,0,no,1.0,1.0,1.0,void Kokkos::Impl::cuda_parallel_launch_local_memory<Kokkos::Impl::ParallelFor<K...
gh200,sm90,other,,10,0,0,no,1.0,1.0,1.0,void Kokkos::Impl::cuda_parallel_launch_local_memory<Kokkos::Impl::ParallelFor<K...
gh200,sm90,other,,10,0,0,no,1.0,1.0,1.0,void Kokkos::Impl::cuda_parallel_launch_local_memory<Kokkos::Impl::ParallelFor<K...
gh200,sm90,other,,10,0,0,no,1.0,1.0,1.0,void Kokkos::Impl::cuda_parallel_launch_local_memory<Kokkos::Impl::ParallelFor<K...
gh200,sm90,other,,10,0,0,no,1.0,1.0,1.0,void Kokkos::Impl::cuda_parallel_launch_local_memory<Kokkos::Impl::ParallelFor<K...
gh200,sm90,other,,10,0,0,no,1.0,1.0,1.0,void Kokkos::Impl::cuda_parallel_launch_local_memory<Kokkos::Impl::ParallelFor<K...
gh200,sm90,other,,10,1024,0,no,1.0,1.0,1.0,void Kokkos::Impl::cuda_parallel_launch_local_memory<Kokkos::Impl::ParallelFor<K...
gh200,sm90,other,,10,1024,0,no,1.0,1.0,1.0,void Kokkos::Impl::cuda_parallel_launch_local_memory<Kokkos::Impl::ParallelFor<K...
gh200,sm90,other,,10,1024,0,no,1.0,1.0,1.0,void Kokkos::Impl::cuda_parallel_launch_local_memory<Kokkos::Impl::ParallelFor<K...
gh200,sm90,other,,10,1024,0,no,1.0,1.0,1.0,void Kokkos::Impl::cuda_parallel_launch_local_memory<Kokkos::Impl::ParallelFor<K...
gh200,sm90,other,,10,1024,0,no,1.0,1.0,1.0,void Kokkos::Impl::cuda_parallel_launch_local_memory<Kokkos::Impl::ParallelFor<K...
gh200,sm90,other,,10,1024,0,no,1.0,1.0,1.0,void Kokkos::Impl::cuda_parallel_launch_local_memory<Kokkos::Impl::ParallelFor<K...
gh200,sm90,other,,10,0,0,no,1.0,1.0,1.0,void Kokkos::Impl::cuda_parallel_launch_local_memory<Kokkos::Impl::ParallelFor<K...
gh200,sm90,other,,10,0,0,no,1.0,1.0,1.0,void Kokkos::Impl::cuda_parallel_launch_local_memory<Kokkos::Impl::ParallelFor<K...
gh200,sm90,other,,10,0,0,no,1.0,1.0,1.0,void Kokkos::Impl::cuda_parallel_launch_local_memory<Kokkos::Impl::ParallelFor<K...
gh200,sm90,other,,10,0,0,no,1.0,1.0,1.0,void Kokkos::Impl::cuda_parallel_launch_local_memory<Kokkos::Impl::ParallelFor<K...
gh200,sm90,other,,10,0,0,no,1.0,1.0,1.0,void Kokkos::Impl::cuda_parallel_launch_local_memory<Kokkos::Impl::ParallelFor<K...
gh200,sm90,other,,10,0,0,no,1.0,1.0,1.0,void Kokkos::Impl::cuda_parallel_launch_local_memory<Kokkos::Impl::ParallelFor<K...
gh200,sm90,other,,10,0,0,no,1.0,1.0,1.0,void Kokkos::Impl::cuda_parallel_launch_local_memory<Kokkos::Impl::ParallelFor<K...
gh200,sm90,other,,10,0,0,no,1.0,1.0,1.0,void Kokkos::Impl::cuda_parallel_launch_local_memory<Kokkos::Impl::ParallelFor<K...
gh200,sm90,other,,10,0,0,no,1.0,1.0,1.0,void Kokkos::Impl::cuda_parallel_launch_local_memory<Kokkos::Impl::ParallelFor<K...
gh200,sm90,other,,10,0,0,no,1.0,1.0,1.0,void Kokkos::Impl::cuda_parallel_launch_local_memory<Kokkos::Impl::ParallelFor<K...
gh200,sm90,other,,10,0,0,no,1.0,1.0,1.0,void Kokkos::Impl::cuda_parallel_launch_local_memory<Kokkos::Impl::ParallelFor<K...
gh200,sm90,other,,10,0,0,no,1.0,1.0,1.0,void Kokkos::Impl::cuda_parallel_launch_local_memory<Kokkos::Impl::ParallelFor<K...
gh200,sm90,other,,10,0,0,no,1.0,1.0,1.0,void Kokkos::Impl::cuda_parallel_launch_local_memory<Kokkos::Impl::ParallelFor<K...
gh200,sm90,other,,10,0,0,no,1.0,1.0,1.0,void Kokkos::Impl::cuda_parallel_launch_local_memory<Kokkos::Impl::ParallelFor<K...
gh200,sm90,other,,10,0,0,no,1.0,1.0,1.0,void Kokkos::Impl::cuda_parallel_launch_local_memory<Kokkos::Impl::ParallelFor<K...
gh200,sm90,other,,10,0,0,no,1.0,1.0,1.0,void Kokkos::Impl::cuda_parallel_launch_local_memory<Kokkos::Impl::ParallelFor<K...
gh200,sm90,other,,10,1024,0,no,1.0,1.0,1.0,void Kokkos::Impl::cuda_parallel_launch_local_memory<Kokkos::Impl::ParallelFor<K...
gh200,sm90,other,,10,1024,0,no,1.0,1.0,1.0,void Kokkos::Impl::cuda_parallel_launch_local_memory<Kokkos::Impl::ParallelFor<K...
gh200,sm90,other,,10,0,0,no,1.0,1.0,1.0,void Kokkos::Impl::cuda_parallel_launch_local_memory<Kokkos::Impl::ParallelFor<K...
gh200,sm90,other,,10,0,0,no,1.0,1.0,1.0,void Kokkos::Impl::cuda_parallel_launch_local_memory<Kokkos::Impl::ParallelFor<K...
gh200,sm90,other,,10,0,0,no,1.0,1.0,1.0,void Kokkos::Impl::cuda_parallel_launch_local_memory<Kokkos::Impl::ParallelFor<K...
gh200,sm90,other,,10,0,0,no,1.0,1.0,1.0,void Kokkos::Impl::cuda_parallel_launch_local_memory<Kokkos::Impl::ParallelFor<K...
gh200,sm90,other,,10,0,0,no,1.0,1.0,1.0,void Kokkos::Impl::cuda_parallel_launch_local_memory<Kokkos::Impl::ParallelFor<K...
gh200,sm90,other,,10,0,0,no,1.0,1.0,1.0,void Kokkos::Impl::cuda_parallel_launch_local_memory<Kokkos::Impl::ParallelFor<K...
gh200,sm90,other,,10,0,0,no,1.0,1.0,1.0,void Kokkos::Impl::cuda_parallel_launch_local_memory<Kokkos::Impl::ParallelFor<K...
gh200,sm90,other,,10,0,0,no,1.0,1.0,1.0,void Kokkos::Impl::cuda_parallel_launch_local_memory<Kokkos::Impl::ParallelFor<K...
gh200,sm90,other,,10,0,0,no,1.0,1.0,1.0,void Kokkos::Impl::cuda_parallel_launch_local_memory<Kokkos::Impl::ParallelFor<K...
gh200,sm90,other,,10,0,0,no,1.0,1.0,1.0,void Kokkos::Impl::cuda_parallel_launch_local_memory<Kokkos::Impl::ParallelFor<K...
gh200,sm90,other,,10,0,0,no,1.0,1.0,1.0,void Kokkos::Impl::cuda_parallel_launch_local_memory<Kokkos::Impl::ParallelFor<K...
gh200,sm90,other,,10,0,0,no,1.0,1.0,1.0,void Kokkos::Impl::cuda_parallel_launch_local_memory<Kokkos::Impl::ParallelFor<K...
gh200,sm90,other,,10,0,0,no,1.0,1.0,1.0,void Kokkos::Impl::cuda_parallel_launch_local_memory<Kokkos::Impl::ParallelFor<K...
gh200,sm90,other,,10,0,0,no,1.0,1.0,1.0,void Kokkos::Impl::cuda_parallel_launch_local_memory<Kokkos::Impl::ParallelFor<K...
gh200,sm90,other,,10,0,0,no,1.0,1.0,1.0,void Kokkos::Impl::cuda_parallel_launch_local_memory<Kokkos::Impl::ParallelFor<K...
gh200,sm90,other,,10,0,0,no,1.0,1.0,1.0,void Kokkos::Impl::cuda_parallel_launch_local_memory<Kokkos::Impl::ParallelFor<K...
gh200,sm90,other,,10,0,0,no,1.0,1.0,1.0,void Kokkos::Impl::cuda_parallel_launch_local_memory<Kokkos::Impl::ParallelFor<K...
gh200,sm90,other,,10,0,0,no,1.0,1.0,1.0,void Kokkos::Impl::cuda_parallel_launch_local_memory<Kokkos::Impl::ParallelFor<K...
gh200,sm90,other,,10,0,0,no,1.0,1.0,1.0,void Kokkos::Impl::cuda_parallel_launch_local_memory<Kokkos::Impl::ParallelFor<K...
gh200,sm90,other,,10,0,0,no,1.0,1.0,1.0,void Kokkos::Impl::cuda_parallel_launch_local_memory<Kokkos::Impl::ParallelFor<K...
gh200,sm90,other,,10,0,0,no,1.0,1.0,1.0,void Kokkos::Impl::cuda_parallel_launch_local_memory<Kokkos::Impl::ParallelFor<K...
gh200,sm90,other,,10,0,0,no,1.0,1.0,1.0,void Kokkos::Impl::cuda_parallel_launch_local_memory<Kokkos::Impl::ParallelFor<K...
gh200,sm90,other,,10,0,0,no,1.0,1.0,1.0,void Kokkos::Impl::cuda_parallel_launch_local_memory<Kokkos::Impl::ParallelFor<K...
gh200,sm90,other,,10,0,0,no,1.0,1.0,1.0,void Kokkos::Impl::cuda_parallel_launch_local_memory<Kokkos::Impl::ParallelFor<K...
gh200,sm90,other,,10,1024,0,no,1.0,1.0,1.0,void Kokkos::Impl::cuda_parallel_launch_local_memory<Kokkos::Impl::ParallelFor<K...
gh200,sm90,other,,10,1024,0,no,1.0,1.0,1.0,void Kokkos::Impl::cuda_parallel_launch_local_memory<Kokkos::Impl::ParallelFor<K...
gh200,sm90,other,,10,1024,0,no,1.0,1.0,1.0,void Kokkos::Impl::cuda_parallel_launch_local_memory<Kokkos::Impl::ParallelFor<K...
gh200,sm90,other,,10,1024,0,no,1.0,1.0,1.0,void Kokkos::Impl::cuda_parallel_launch_local_memory<Kokkos::Impl::ParallelFor<K...
gh200,sm90,other,,10,1024,0,no,1.0,1.0,1.0,void Kokkos::Impl::cuda_parallel_launch_local_memory<Kokkos::Impl::ParallelFor<K...
gh200,sm90,other,,10,1024,0,no,1.0,1.0,1.0,void Kokkos::Impl::cuda_parallel_launch_local_memory<Kokkos::Impl::ParallelFor<K...
gh200,sm90,other,,10,1024,0,no,1.0,1.0,1.0,void Kokkos::Impl::cuda_parallel_launch_local_memory<Kokkos::Impl::ParallelFor<K...
gh200,sm90,other,,10,1024,0,no,1.0,1.0,1.0,void Kokkos::Impl::cuda_parallel_launch_local_memory<Kokkos::Impl::ParallelFor<K...
gh200,sm90,other,,10,1024,0,no,1.0,1.0,1.0,void Kokkos::Impl::cuda_parallel_launch_local_memory<Kokkos::Impl::ParallelFor<K...
gh200,sm90,other,,10,1024,0,no,1.0,1.0,1.0,void Kokkos::Impl::cuda_parallel_launch_local_memory<Kokkos::Impl::ParallelFor<K...
gh200,sm90,other,,10,0,0,no,1.0,1.0,1.0,void Kokkos::Impl::cuda_parallel_launch_local_memory<Kokkos::Impl::ParallelFor<K...
gh200,sm90,other,,10,0,0,no,1.0,1.0,1.0,void Kokkos::Impl::cuda_parallel_launch_local_memory<Kokkos::Impl::ParallelFor<K...
gh200,sm90,other,,10,0,0,no,1.0,1.0,1.0,void Kokkos::Impl::cuda_parallel_launch_local_memory<Kokkos::Impl::ParallelFor<K...
gh200,sm90,other,,10,0,0,no,1.0,1.0,1.0,void Kokkos::Impl::cuda_parallel_launch_local_memory<Kokkos::Impl::ParallelFor<K...
gh200,sm90,other,,10,1024,0,no,1.0,1.0,1.0,void Kokkos::Impl::cuda_parallel_launch_local_memory<Kokkos::Impl::ParallelFor<K...
gh200,sm90,other,,10,1024,0,no,1.0,1.0,1.0,void Kokkos::Impl::cuda_parallel_launch_local_memory<Kokkos::Impl::ParallelFor<K...
gh200,sm90,other,,10,0,0,no,1.0,1.0,1.0,void Kokkos::Impl::cuda_parallel_launch_local_memory<Kokkos::Impl::ParallelFor<K...
gh200,sm90,other,,10,0,0,no,1.0,1.0,1.0,void Kokkos::Impl::cuda_parallel_launch_local_memory<Kokkos::Impl::ParallelFor<K...
gh200,sm90,other,,10,1024,0,no,1.0,1.0,1.0,void Kokkos::Impl::cuda_parallel_launch_local_memory<Kokkos::Impl::ParallelFor<K...
gh200,sm90,other,,10,1024,0,no,1.0,1.0,1.0,void Kokkos::Impl::cuda_parallel_launch_local_memory<Kokkos::Impl::ParallelFor<K...
gh200,sm90,other,,10,1024,0,no,1.0,1.0,1.0,void Kokkos::Impl::cuda_parallel_launch_local_memory<Kokkos::Impl::ParallelFor<K...
gh200,sm90,other,,10,1024,0,no,1.0,1.0,1.0,void Kokkos::Impl::cuda_parallel_launch_local_memory<Kokkos::Impl::ParallelFor<K...
gh200,sm90,other,,10,0,0,no,1.0,1.0,1.0,void Kokkos::Impl::cuda_parallel_launch_local_memory<Kokkos::Impl::ParallelFor<K...
gh200,sm90,other,,10,0,0,no,1.0,1.0,1.0,void Kokkos::Impl::cuda_parallel_launch_local_memory<Kokkos::Impl::ParallelFor<K...
gh200,sm90,other,,10,0,0,no,1.0,1.0,1.0,void Kokkos::Impl::cuda_parallel_launch_local_memory<Kokkos::Impl::ParallelFor<K...
gh200,sm90,other,,10,0,0,no,1.0,1.0,1.0,void Kokkos::Impl::cuda_parallel_launch_local_memory<Kokkos::Impl::ParallelFor<K...
gh200,sm90,other,,10,0,0,no,1.0,1.0,1.0,void Kokkos::Impl::cuda_parallel_launch_local_memory<Kokkos::Impl::ParallelFor<K...
gh200,sm90,other,,10,0,0,no,1.0,1.0,1.0,void Kokkos::Impl::cuda_parallel_launch_local_memory<Kokkos::Impl::ParallelFor<K...
gh200,sm90,other,,10,1024,0,no,1.0,1.0,1.0,void Kokkos::Impl::cuda_parallel_launch_local_memory<Kokkos::Impl::ParallelFor<K...
gh200,sm90,other,,10,1024,0,no,1.0,1.0,1.0,void Kokkos::Impl::cuda_parallel_launch_local_memory<Kokkos::Impl::ParallelFor<K...
gh200,sm90,other,,10,1024,0,no,1.0,1.0,1.0,void Kokkos::Impl::cuda_parallel_launch_local_memory<Kokkos::Impl::ParallelFor<K...
gh200,sm90,other,,10,1024,0,no,1.0,1.0,1.0,void Kokkos::Impl::cuda_parallel_launch_local_memory<Kokkos::Impl::ParallelFor<K...
gh200,sm90,other,,10,0,0,no,1.0,1.0,1.0,void Kokkos::Impl::cuda_parallel_launch_local_memory<Kokkos::Impl::ParallelFor<K...
gh200,sm90,other,,10,0,0,no,1.0,1.0,1.0,void Kokkos::Impl::cuda_parallel_launch_local_memory<Kokkos::Impl::ParallelFor<K...
gh200,sm90,other,,10,0,0,no,1.0,1.0,1.0,void Kokkos::Impl::cuda_parallel_launch_local_memory<Kokkos::Impl::ParallelFor<K...
gh200,sm90,other,,10,0,0,no,1.0,1.0,1.0,void Kokkos::Impl::cuda_parallel_launch_local_memory<Kokkos::Impl::ParallelFor<K...
gh200,sm90,other,,10,0,0,no,1.0,1.0,1.0,void Kokkos::Impl::cuda_parallel_launch_local_memory<Kokkos::Impl::ParallelFor<K...
gh200,sm90,other,,10,0,0,no,1.0,1.0,1.0,void Kokkos::Impl::cuda_parallel_launch_local_memory<Kokkos::Impl::ParallelFor<K...
gh200,sm90,other,,10,1024,0,no,1.0,1.0,1.0,void Kokkos::Impl::cuda_parallel_launch_local_memory<Kokkos::Impl::ParallelFor<K...
gh200,sm90,other,,10,1024,0,no,1.0,1.0,1.0,void Kokkos::Impl::cuda_parallel_launch_local_memory<Kokkos::Impl::ParallelFor<K...
gh200,sm90,other,,10,1024,0,no,1.0,1.0,1.0,void Kokkos::Impl::cuda_parallel_launch_local_memory<Kokkos::Impl::ParallelFor<K...
gh200,sm90,other,,10,1024,0,no,1.0,1.0,1.0,void Kokkos::Impl::cuda_parallel_launch_local_memory<Kokkos::Impl::ParallelFor<K...
gh200,sm90,other,,10,1024,0,no,1.0,1.0,1.0,void Kokkos::Impl::cuda_parallel_launch_local_memory<Kokkos::Impl::ParallelFor<K...
gh200,sm90,other,,10,1024,0,no,1.0,1.0,1.0,void Kokkos::Impl::cuda_parallel_launch_local_memory<Kokkos::Impl::ParallelFor<K...
gh200,sm90,other,,10,1024,0,no,1.0,1.0,1.0,void Kokkos::Impl::cuda_parallel_launch_local_memory<Kokkos::Impl::ParallelFor<K...
gh200,sm90,other,,10,1024,0,no,1.0,1.0,1.0,void Kokkos::Impl::cuda_parallel_launch_local_memory<Kokkos::Impl::ParallelFor<K...
gh200,sm90,other,,10,1024,0,no,1.0,1.0,1.0,void Kokkos::Impl::cuda_parallel_launch_local_memory<Kokkos::Impl::ParallelFor<K...
gh200,sm90,other,,10,1024,0,no,1.0,1.0,1.0,void Kokkos::Impl::cuda_parallel_launch_local_memory<Kokkos::Impl::ParallelFor<K...
gh200,sm90,other,,10,0,0,no,1.0,1.0,1.0,void Kokkos::Impl::cuda_parallel_launch_local_memory<Kokkos::Impl::ParallelFor<K...
gh200,sm90,other,,10,0,0,no,1.0,1.0,1.0,void Kokkos::Impl::cuda_parallel_launch_local_memory<Kokkos::Impl::ParallelFor<K...
gh200,sm90,other,,10,0,0,no,1.0,1.0,1.0,void Kokkos::Impl::cuda_parallel_launch_local_memory<Kokkos::Impl::ParallelFor<K...
gh200,sm90,other,,10,0,0,no,1.0,1.0,1.0,void Kokkos::Impl::cuda_parallel_launch_local_memory<Kokkos::Impl::ParallelFor<K...
gh200,sm90,other,,10,0,0,no,1.0,1.0,1.0,void Kokkos::Impl::cuda_parallel_launch_local_memory<Kokkos::Impl::ParallelFor<K...
gh200,sm90,other,,10,0,0,no,1.0,1.0,1.0,void Kokkos::Impl::cuda_parallel_launch_local_memory<Kokkos::Impl::ParallelFor<K...
gh200,sm90,other,,10,0,0,no,1.0,1.0,1.0,void Kokkos::Impl::cuda_parallel_launch_local_memory<Kokkos::Impl::ParallelFor<K...
gh200,sm90,other,,10,0,0,no,1.0,1.0,1.0,void Kokkos::Impl::cuda_parallel_launch_local_memory<Kokkos::Impl::ParallelFor<K...
gh200,sm90,other,,10,0,0,no,1.0,1.0,1.0,void Kokkos::Impl::cuda_parallel_launch_local_memory<Kokkos::Impl::ParallelFor<K...
gh200,sm90,other,,10,0,0,no,1.0,1.0,1.0,void Kokkos::Impl::cuda_parallel_launch_local_memory<Kokkos::Impl::ParallelFor<K...
gh200,sm90,other,,10,0,0,no,1.0,1.0,1.0,void Kokkos::Impl::cuda_parallel_launch_local_memory<Kokkos::Impl::ParallelFor<K...
gh200,sm90,other,,10,0,0,no,1.0,1.0,1.0,void Kokkos::Impl::cuda_parallel_launch_local_memory<Kokkos::Impl::ParallelFor<K...
gh200,sm90,other,,10,0,0,no,1.0,1.0,1.0,void Kokkos::Impl::cuda_parallel_launch_local_memory<Kokkos::Impl::ParallelFor<K...
gh200,sm90,other,,10,0,0,no,1.0,1.0,1.0,void Kokkos::Impl::cuda_parallel_launch_local_memory<Kokkos::Impl::ParallelFor<K...
gh200,sm90,other,,10,0,0,no,1.0,1.0,1.0,void Kokkos::Impl::cuda_parallel_launch_local_memory<Kokkos::Impl::ParallelFor<K...
gh200,sm90,other,,10,0,0,no,1.0,1.0,1.0,void Kokkos::Impl::cuda_parallel_launch_local_memory<Kokkos::Impl::ParallelFor<K...
gh200,sm90,other,,10,0,0,no,1.0,1.0,1.0,void Kokkos::Impl::cuda_parallel_launch_local_memory<Kokkos::Impl::ParallelFor<K...
gh200,sm90,other,,10,0,0,no,1.0,1.0,1.0,void Kokkos::Impl::cuda_parallel_launch_local_memory<Kokkos::Impl::ParallelFor<K...
gh200,sm90,other,,10,0,0,no,1.0,1.0,1.0,void Kokkos::Impl::cuda_parallel_launch_local_memory<Kokkos::Impl::ParallelFor<K...
gh200,sm90,other,,10,0,0,no,1.0,1.0,1.0,void Kokkos::Impl::cuda_parallel_launch_local_memory<Kokkos::Impl::ParallelFor<K...
gh200,sm90,other,,10,0,0,no,1.0,1.0,1.0,void Kokkos::Impl::cuda_parallel_launch_local_memory<Kokkos::Impl::ParallelFor<K...
gh200,sm90,other,,10,0,0,no,1.0,1.0,1.0,void Kokkos::Impl::cuda_parallel_launch_local_memory<Kokkos::Impl::ParallelFor<K...
gh200,sm90,other,,10,1024,0,no,1.0,1.0,1.0,void Kokkos::Impl::cuda_parallel_launch_local_memory<Kokkos::Impl::ParallelFor<K...
gh200,sm90,other,,10,1024,0,no,1.0,1.0,1.0,void Kokkos::Impl::cuda_parallel_launch_local_memory<Kokkos::Impl::ParallelFor<K...
gh200,sm90,other,,10,1024,0,no,1.0,1.0,1.0,void Kokkos::Impl::cuda_parallel_launch_local_memory<Kokkos::Impl::ParallelFor<K...
gh200,sm90,other,,10,1024,0,no,1.0,1.0,1.0,void Kokkos::Impl::cuda_parallel_launch_local_memory<Kokkos::Impl::ParallelFor<K...
gh200,sm90,other,,10,1024,0,no,1.0,1.0,1.0,void Kokkos::Impl::cuda_parallel_launch_local_memory<Kokkos::Impl::ParallelFor<K...
gh200,sm90,other,,10,1024,0,no,1.0,1.0,1.0,void Kokkos::Impl::cuda_parallel_launch_local_memory<Kokkos::Impl::ParallelFor<K...
gh200,sm90,other,,10,1024,0,no,1.0,1.0,1.0,void Kokkos::Impl::cuda_parallel_launch_local_memory<Kokkos::Impl::ParallelFor<K...
gh200,sm90,other,,10,1024,0,no,1.0,1.0,1.0,void Kokkos::Impl::cuda_parallel_launch_local_memory<Kokkos::Impl::ParallelFor<K...
gh200,sm90,other,,10,1024,0,no,1.0,1.0,1.0,void Kokkos::Impl::cuda_parallel_launch_local_memory<Kokkos::Impl::ParallelFor<K...
gh200,sm90,other,,10,1024,0,no,1.0,1.0,1.0,void Kokkos::Impl::cuda_parallel_launch_local_memory<Kokkos::Impl::ParallelFor<K...
gh200,sm90,other,,10,1024,0,no,1.0,1.0,1.0,void Kokkos::Impl::cuda_parallel_launch_local_memory<Kokkos::Impl::ParallelFor<K...
gh200,sm90,other,,10,1024,0,no,1.0,1.0,1.0,void Kokkos::Impl::cuda_parallel_launch_local_memory<Kokkos::Impl::ParallelFor<K...
gh200,sm90,other,,10,1024,0,no,1.0,1.0,1.0,void Kokkos::Impl::cuda_parallel_launch_local_memory<Kokkos::Impl::ParallelFor<K...
gh200,sm90,other,,10,1024,0,no,1.0,1.0,1.0,void Kokkos::Impl::cuda_parallel_launch_local_memory<Kokkos::Impl::ParallelFor<K...
gh200,sm90,other,,10,1024,0,no,1.0,1.0,1.0,void Kokkos::Impl::cuda_parallel_launch_local_memory<Kokkos::Impl::ParallelFor<K...
gh200,sm90,other,,10,1024,0,no,1.0,1.0,1.0,void Kokkos::Impl::cuda_parallel_launch_local_memory<Kokkos::Impl::ParallelFor<K...
gh200,sm90,other,,10,0,0,no,1.0,1.0,1.0,void Kokkos::Impl::cuda_parallel_launch_local_memory<Kokkos::Impl::ParallelFor<K...
gh200,sm90,other,,10,0,0,no,1.0,1.0,1.0,void Kokkos::Impl::cuda_parallel_launch_local_memory<Kokkos::Impl::ParallelFor<K...
gh200,sm90,other,,10,0,0,no,1.0,1.0,1.0,void Kokkos::Impl::cuda_parallel_launch_local_memory<Kokkos::Impl::ParallelFor<K...
gh200,sm90,other,,10,0,0,no,1.0,1.0,1.0,void Kokkos::Impl::cuda_parallel_launch_local_memory<Kokkos::Impl::ParallelFor<K...
gh200,sm90,other,,10,0,0,no,1.0,1.0,1.0,void Kokkos::Impl::cuda_parallel_launch_local_memory<Kokkos::Impl::ParallelFor<K...
gh200,sm90,other,,10,0,0,no,1.0,1.0,1.0,void Kokkos::Impl::cuda_parallel_launch_local_memory<Kokkos::Impl::ParallelFor<K...
gh200,sm90,other,,10,0,0,no,1.0,1.0,1.0,void Kokkos::Impl::cuda_parallel_launch_local_memory<Kokkos::Impl::ParallelFor<K...
gh200,sm90,other,,10,0,0,no,1.0,1.0,1.0,void Kokkos::Impl::cuda_parallel_launch_local_memory<Kokkos::Impl::ParallelFor<K...
gh200,sm90,other,,10,0,0,no,1.0,1.0,1.0,void Kokkos::Impl::cuda_parallel_launch_local_memory<Kokkos::Impl::ParallelFor<K...
gh200,sm90,other,,10,0,0,no,1.0,1.0,1.0,void Kokkos::Impl::cuda_parallel_launch_local_memory<Kokkos::Impl::ParallelFor<K...
gh200,sm90,other,,10,1024,0,no,1.0,1.0,1.0,void Kokkos::Impl::cuda_parallel_launch_local_memory<Kokkos::Impl::ParallelFor<K...
gh200,sm90,other,,10,1024,0,no,1.0,1.0,1.0,void Kokkos::Impl::cuda_parallel_launch_local_memory<Kokkos::Impl::ParallelFor<K...
gh200,sm90,other,,10,0,0,no,1.0,1.0,1.0,void Kokkos::Impl::cuda_parallel_launch_local_memory<Kokkos::Impl::ParallelFor<K...
gh200,sm90,other,,10,0,0,no,1.0,1.0,1.0,void Kokkos::Impl::cuda_parallel_launch_local_memory<Kokkos::Impl::ParallelFor<K...
gh200,sm90,other,,10,0,0,no,1.0,1.0,1.0,void Kokkos::Impl::cuda_parallel_launch_local_memory<Kokkos::Impl::ParallelFor<K...
gh200,sm90,other,,10,0,0,no,1.0,1.0,1.0,void Kokkos::Impl::cuda_parallel_launch_local_memory<Kokkos::Impl::ParallelFor<K...
gh200,sm90,other,,10,0,0,no,1.0,1.0,1.0,void Kokkos::Impl::cuda_parallel_launch_local_memory<Kokkos::Impl::ParallelFor<K...
gh200,sm90,other,,10,0,0,no,1.0,1.0,1.0,void Kokkos::Impl::cuda_parallel_launch_local_memory<Kokkos::Impl::ParallelFor<K...
gh200,sm90,other,,10,0,0,no,1.0,1.0,1.0,void Kokkos::Impl::cuda_parallel_launch_local_memory<Kokkos::Impl::ParallelFor<K...
gh200,sm90,other,,10,0,0,no,1.0,1.0,1.0,void Kokkos::Impl::cuda_parallel_launch_local_memory<Kokkos::Impl::ParallelFor<K...
gh200,sm90,other,,10,0,0,no,1.0,1.0,1.0,void Kokkos::Impl::cuda_parallel_launch_local_memory<Kokkos::Impl::ParallelFor<K...
gh200,sm90,other,,10,0,0,no,1.0,1.0,1.0,void Kokkos::Impl::cuda_parallel_launch_local_memory<Kokkos::Impl::ParallelFor<K...
gh200,sm90,other,,10,0,0,no,1.0,1.0,1.0,void Kokkos::Impl::cuda_parallel_launch_local_memory<Kokkos::Impl::ParallelFor<K...
gh200,sm90,other,,10,0,0,no,1.0,1.0,1.0,void Kokkos::Impl::cuda_parallel_launch_local_memory<Kokkos::Impl::ParallelFor<K...
gh200,sm90,other,,10,0,0,no,1.0,1.0,1.0,void Kokkos::Impl::cuda_parallel_launch_local_memory<Kokkos::Impl::ParallelFor<K...
gh200,sm90,other,,10,0,0,no,1.0,1.0,1.0,void Kokkos::Impl::cuda_parallel_launch_local_memory<Kokkos::Impl::ParallelFor<K...
gh200,sm90,other,,10,0,0,no,1.0,1.0,1.0,void Kokkos::Impl::cuda_parallel_launch_local_memory<Kokkos::Impl::ParallelFor<K...
gh200,sm90,other,,10,0,0,no,1.0,1.0,1.0,void Kokkos::Impl::cuda_parallel_launch_local_memory<Kokkos::Impl::ParallelFor<K...
gh200,sm90,other,,10,0,0,no,1.0,1.0,1.0,void Kokkos::Impl::cuda_parallel_launch_local_memory<Kokkos::Impl::ParallelFor<K...
gh200,sm90,other,,10,0,0,no,1.0,1.0,1.0,void Kokkos::Impl::cuda_parallel_launch_local_memory<Kokkos::Impl::ParallelFor<K...
gh200,sm90,other,,10,0,0,no,1.0,1.0,1.0,desul::(anonymous namespace)::init_lock_arrays_cuda_kernel()
gh200,sm90,other,,9,0,0,no,1.0,1.0,1.0,void Kokkos::Impl::cuda_parallel_launch_local_memory<Kokkos::Impl::ParallelFor<p...
gh200,sm90,other,,8,0,0,no,1.0,1.0,1.0,void Kokkos::Impl::cuda_parallel_launch_local_memory<Kokkos::Impl::ParallelFor<K...
gh200,sm90,other,,8,0,0,no,1.0,1.0,1.0,void Kokkos::Impl::cuda_parallel_launch_local_memory<Kokkos::Impl::ParallelFor<K...
gh200,sm90,other,,8,1024,0,no,1.0,1.0,1.0,void Kokkos::Impl::cuda_parallel_launch_local_memory<Kokkos::Impl::ParallelFor<K...
gh200,sm90,other,,8,1024,0,no,1.0,1.0,1.0,void Kokkos::Impl::cuda_parallel_launch_local_memory<Kokkos::Impl::ParallelFor<K...
gh200,sm90,other,,8,0,0,no,1.0,1.0,1.0,void Kokkos::Impl::cuda_parallel_launch_local_memory<Kokkos::Impl::ParallelFor<K...
gh200,sm90,other,,8,0,0,no,1.0,1.0,1.0,void Kokkos::Impl::cuda_parallel_launch_local_memory<Kokkos::Impl::ParallelFor<K...
gh200,sm90,other,,8,0,0,no,1.0,1.0,1.0,void Kokkos::Impl::cuda_parallel_launch_local_memory<Kokkos::Impl::ParallelFor<K...
gh200,sm90,other,,8,0,0,no,1.0,1.0,1.0,void Kokkos::Impl::cuda_parallel_launch_local_memory<Kokkos::Impl::ParallelFor<K...
gh200,sm90,other,,8,0,0,no,1.0,1.0,1.0,void Kokkos::Impl::cuda_parallel_launch_local_memory<Kokkos::Impl::ParallelFor<K...
gh200,sm90,other,,8,0,0,no,1.0,1.0,1.0,void Kokkos::Impl::cuda_parallel_launch_local_memory<Kokkos::Impl::ParallelFor<K...
gh200,sm90,other,,8,0,0,no,1.0,1.0,1.0,void Kokkos::Impl::cuda_parallel_launch_local_memory<Kokkos::Impl::ParallelFor<K...
gh200,sm90,other,,8,0,0,no,1.0,1.0,1.0,Kokkos::Impl::(anonymous namespace)::query_cuda_kernel_arch(int*)
gh200,sm90,other,,4,0,0,no,1.0,1.0,1.0,void Kokkos::Impl::cuda_parallel_launch_local_memory<Kokkos::Impl::ParallelFor<K...
gh200,sm90,other,,4,0,0,no,1.0,1.0,1.0,void Kokkos::Impl::cuda_parallel_launch_local_memory<Kokkos::Impl::ParallelFor<K...
gh200,sm90,other,,4,0,0,no,1.0,1.0,1.0,void Kokkos::Impl::cuda_parallel_launch_local_memory<Kokkos::Impl::ParallelFor<K...
gh200,sm90,other,,4,0,0,no,1.0,1.0,1.0,void Kokkos::Impl::cuda_parallel_launch_local_memory<Kokkos::Impl::ParallelFor<K...
gh200,sm90,other,,4,0,0,no,1.0,1.0,1.0,void Kokkos::Impl::cuda_parallel_launch_local_memory<Kokkos::Impl::ParallelFor<K...
gh200,sm90,other,,4,0,0,no,1.0,1.0,1.0,void Kokkos::Impl::cuda_parallel_launch_local_memory<Kokkos::Impl::ParallelFor<K...
gh200,sm90,other,,4,0,0,no,1.0,1.0,1.0,void Kokkos::Impl::cuda_parallel_launch_local_memory<Kokkos::Impl::ParallelFor<K...
gh200,sm90,other,,4,0,0,no,1.0,1.0,1.0,void Kokkos::Impl::cuda_parallel_launch_local_memory<Kokkos::Impl::ParallelFor<K...
gh200,sm90,other,,4,0,0,no,1.0,1.0,1.0,void Kokkos::Impl::cuda_parallel_launch_local_memory<Kokkos::Impl::ParallelFor<K...
gh200,sm90,other,,4,0,0,no,1.0,1.0,1.0,void Kokkos::Impl::cuda_parallel_launch_local_memory<Kokkos::Impl::ParallelFor<K...
gh200,sm90,other,,4,0,0,no,1.0,1.0,1.0,void Kokkos::Impl::cuda_parallel_launch_local_memory<Kokkos::Impl::ParallelFor<K...
gh200,sm90,other,,4,0,0,no,1.0,1.0,1.0,void Kokkos::Impl::cuda_parallel_launch_local_memory<Kokkos::Impl::ParallelFor<K...
gh200,sm90,other,,4,0,0,no,1.0,1.0,1.0,void Kokkos::Impl::cuda_parallel_launch_local_memory<Kokkos::Impl::ParallelFor<K...
gh200,sm90,other,,4,0,0,no,1.0,1.0,1.0,void Kokkos::Impl::cuda_parallel_launch_local_memory<Kokkos::Impl::ParallelFor<K...
gh200,sm90,other,,4,0,0,no,1.0,1.0,1.0,void Kokkos::Impl::cuda_parallel_launch_local_memory<Kokkos::Impl::ParallelFor<K...
gh200,sm90,other,,4,0,0,no,1.0,1.0,1.0,void Kokkos::Impl::cuda_parallel_launch_local_memory<Kokkos::Impl::ParallelFor<K...
gh200,sm90,other,,4,0,0,no,1.0,1.0,1.0,void cub::CUB_300102_SM_900::detail::EmptyKernel<void>()
gh200,sm90,other,,4,0,0,no,1.0,1.0,1.0,void Kokkos::Impl::cuda_parallel_launch_local_memory<Kokkos::Impl::ParallelFor<K...
gh200,sm90,other,,4,0,0,no,1.0,1.0,1.0,void Kokkos::Impl::cuda_parallel_launch_local_memory<Kokkos::Impl::ParallelFor<K...
gh200,sm90,other,,4,0,0,no,1.0,1.0,1.0,void Kokkos::Impl::cuda_parallel_launch_local_memory<Kokkos::Impl::ParallelFor<K...
gh200,sm90,other,,4,0,0,no,1.0,1.0,1.0,void Kokkos::Impl::cuda_parallel_launch_local_memory<Kokkos::Impl::ParallelFor<K...
gh200,sm90,other,,4,0,0,no,1.0,1.0,1.0,void Kokkos::Impl::cuda_parallel_launch_local_memory<Kokkos::Impl::ParallelFor<K...
gh200,sm90,other,,4,0,0,no,1.0,1.0,1.0,void Kokkos::Impl::cuda_parallel_launch_local_memory<Kokkos::Impl::ParallelFor<K...
gh200,sm90,other,,4,0,0,no,1.0,1.0,1.0,void Kokkos::Impl::cuda_parallel_launch_local_memory<Kokkos::Impl::ParallelFor<K...
gh200,sm90,other,,4,0,0,no,1.0,1.0,1.0,void Kokkos::Impl::cuda_parallel_launch_local_memory<Kokkos::Impl::ParallelFor<K...
gh200,sm90,other,,4,0,0,no,1.0,1.0,1.0,void Kokkos::Impl::cuda_parallel_launch_local_memory<Kokkos::Impl::ParallelFor<K...
gh200,sm90,other,,4,0,0,no,1.0,1.0,1.0,void Kokkos::Impl::cuda_parallel_launch_local_memory<Kokkos::Impl::ParallelFor<K...
gh200,sm90,other,,4,0,0,no,1.0,1.0,1.0,void Kokkos::Impl::cuda_parallel_launch_local_memory<Kokkos::Impl::ParallelFor<K...
gh200,sm90,other,,4,0,0,no,1.0,1.0,1.0,void Kokkos::Impl::cuda_parallel_launch_local_memory<Kokkos::Impl::ParallelFor<K...
gh200,sm90,other,,4,0,0,no,1.0,1.0,1.0,void Kokkos::Impl::cuda_parallel_launch_local_memory<Kokkos::Impl::ParallelFor<K...
gh200,sm90,other,,4,0,0,no,1.0,1.0,1.0,void Kokkos::Impl::cuda_parallel_launch_local_memory<Kokkos::Impl::ParallelFor<K...
gh200,sm90,other,,4,0,0,no,1.0,1.0,1.0,void Kokkos::Impl::cuda_parallel_launch_local_memory<Kokkos::Impl::ParallelFor<K...
gh200,sm90,other,,4,0,0,no,1.0,1.0,1.0,void Kokkos::Impl::cuda_parallel_launch_local_memory<Kokkos::Impl::ParallelFor<K...
gh200,sm90,other,,4,0,0,no,1.0,1.0,1.0,void Kokkos::Impl::cuda_parallel_launch_local_memory<Kokkos::Impl::ParallelFor<K...
gh200,sm90,other,,4,0,0,no,1.0,1.0,1.0,void Kokkos::Impl::cuda_parallel_launch_local_memory<Kokkos::Impl::ParallelFor<K...
gh200,sm90,other,,4,0,0,no,1.0,1.0,1.0,void Kokkos::Impl::cuda_parallel_launch_local_memory<Kokkos::Impl::ParallelFor<K...
gh200,sm90,other,,4,0,0,no,1.0,1.0,1.0,void Kokkos::Impl::cuda_parallel_launch_local_memory<Kokkos::Impl::ParallelFor<K...
gh200,sm90,other,,4,0,0,no,1.0,1.0,1.0,void Kokkos::Impl::cuda_parallel_launch_local_memory<Kokkos::Impl::ParallelFor<K...
gh200,sm90,other,,4,0,0,no,1.0,1.0,1.0,void Kokkos::Impl::cuda_parallel_launch_local_memory<Kokkos::Impl::ParallelFor<K...
gh200,sm90,other,,4,0,0,no,1.0,1.0,1.0,void Kokkos::Impl::cuda_parallel_launch_local_memory<Kokkos::Impl::ParallelFor<K...
gh200,sm90,other,,4,0,0,no,1.0,1.0,1.0,void Kokkos::Impl::cuda_parallel_launch_local_memory<Kokkos::Impl::ParallelFor<K...
gh200,sm90,other,,4,0,0,no,1.0,1.0,1.0,void Kokkos::Impl::cuda_parallel_launch_local_memory<Kokkos::Impl::ParallelFor<K...
gh200,sm90,other,,4,0,0,no,1.0,1.0,1.0,void Kokkos::Impl::cuda_parallel_launch_local_memory<Kokkos::Impl::ParallelFor<K...
gh200,sm90,other,,4,0,0,no,1.0,1.0,1.0,void Kokkos::Impl::cuda_parallel_launch_local_memory<Kokkos::Impl::ParallelFor<K...
gh200,sm90,other,,4,0,0,no,1.0,1.0,1.0,void Kokkos::Impl::cuda_parallel_launch_local_memory<Kokkos::Impl::ParallelFor<K...
gh200,sm90,other,,4,0,0,no,1.0,1.0,1.0,void Kokkos::Impl::cuda_parallel_launch_local_memory<Kokkos::Impl::ParallelFor<K...
gh200,sm90,other,,4,0,0,no,1.0,1.0,1.0,void Kokkos::Impl::cuda_parallel_launch_local_memory<Kokkos::Impl::ParallelFor<K...
gh200,sm90,other,,4,0,0,no,1.0,1.0,1.0,void Kokkos::Impl::cuda_parallel_launch_local_memory<Kokkos::Impl::ParallelFor<K...
gh200,sm90,other,,4,0,0,no,1.0,1.0,1.0,void Kokkos::Impl::cuda_parallel_launch_local_memory<Kokkos::Impl::ParallelFor<K...
gh200,sm90,other,,4,0,0,no,1.0,1.0,1.0,void Kokkos::Impl::cuda_parallel_launch_local_memory<Kokkos::Impl::ParallelFor<K...
gh200,sm90,other,,4,1024,0,no,1.0,1.0,1.0,void Kokkos::Impl::cuda_parallel_launch_local_memory<Kokkos::Impl::ParallelFor<K...
gh200,sm90,other,,4,1024,0,no,1.0,1.0,1.0,void Kokkos::Impl::cuda_parallel_launch_local_memory<Kokkos::Impl::ParallelFor<K...
gh200,sm90,other,,4,1024,0,no,1.0,1.0,1.0,void Kokkos::Impl::cuda_parallel_launch_local_memory<Kokkos::Impl::ParallelFor<K...
gh200,sm90,other,,4,1024,0,no,1.0,1.0,1.0,void Kokkos::Impl::cuda_parallel_launch_local_memory<Kokkos::Impl::ParallelFor<K...
gh200,sm90,other,,4,1024,0,no,1.0,1.0,1.0,void Kokkos::Impl::cuda_parallel_launch_local_memory<Kokkos::Impl::ParallelFor<K...
gh200,sm90,other,,4,1024,0,no,1.0,1.0,1.0,void Kokkos::Impl::cuda_parallel_launch_local_memory<Kokkos::Impl::ParallelFor<K...
gh200,sm90,other,,4,0,0,no,1.0,1.0,1.0,void Kokkos::Impl::cuda_parallel_launch_local_memory<Kokkos::Impl::ParallelFor<K...
gh200,sm90,other,,4,0,0,no,1.0,1.0,1.0,void Kokkos::Impl::cuda_parallel_launch_local_memory<Kokkos::Impl::ParallelFor<K...
gh200,sm90,other,,4,1024,0,no,1.0,1.0,1.0,void Kokkos::Impl::cuda_parallel_launch_local_memory<Kokkos::Impl::ParallelFor<K...
gh200,sm90,other,,4,1024,0,no,1.0,1.0,1.0,void Kokkos::Impl::cuda_parallel_launch_local_memory<Kokkos::Impl::ParallelFor<K...
gh200,sm90,other,,4,1024,0,no,1.0,1.0,1.0,void Kokkos::Impl::cuda_parallel_launch_local_memory<Kokkos::Impl::ParallelFor<K...
gh200,sm90,other,,4,1024,0,no,1.0,1.0,1.0,void Kokkos::Impl::cuda_parallel_launch_local_memory<Kokkos::Impl::ParallelFor<K...
gh200,sm90,other,,4,1024,0,no,1.0,1.0,1.0,void Kokkos::Impl::cuda_parallel_launch_local_memory<Kokkos::Impl::ParallelFor<K...
gh200,sm90,other,,4,1024,0,no,1.0,1.0,1.0,void Kokkos::Impl::cuda_parallel_launch_local_memory<Kokkos::Impl::ParallelFor<K...
gh200,sm90,other,,4,0,0,no,1.0,1.0,1.0,void Kokkos::Impl::cuda_parallel_launch_local_memory<Kokkos::Impl::ParallelFor<K...
gh200,sm90,other,,4,0,0,no,1.0,1.0,1.0,void Kokkos::Impl::cuda_parallel_launch_local_memory<Kokkos::Impl::ParallelFor<K...
gh200,sm90,other,,4,1024,0,no,1.0,1.0,1.0,void Kokkos::Impl::cuda_parallel_launch_local_memory<Kokkos::Impl::ParallelFor<K...
gh200,sm90,other,,4,1024,0,no,1.0,1.0,1.0,void Kokkos::Impl::cuda_parallel_launch_local_memory<Kokkos::Impl::ParallelFor<K...
gh200,sm90,other,,4,1024,0,no,1.0,1.0,1.0,void Kokkos::Impl::cuda_parallel_launch_local_memory<Kokkos::Impl::ParallelFor<K...
gh200,sm90,other,,4,1024,0,no,1.0,1.0,1.0,void Kokkos::Impl::cuda_parallel_launch_local_memory<Kokkos::Impl::ParallelFor<K...
gh200,sm90,other,,4,1024,0,no,1.0,1.0,1.0,void Kokkos::Impl::cuda_parallel_launch_local_memory<Kokkos::Impl::ParallelFor<K...
gh200,sm90,other,,4,1024,0,no,1.0,1.0,1.0,void Kokkos::Impl::cuda_parallel_launch_local_memory<Kokkos::Impl::ParallelFor<K...
gh200,sm90,other,,4,1024,0,no,1.0,1.0,1.0,void Kokkos::Impl::cuda_parallel_launch_local_memory<Kokkos::Impl::ParallelFor<K...
gh200,sm90,other,,4,1024,0,no,1.0,1.0,1.0,void Kokkos::Impl::cuda_parallel_launch_local_memory<Kokkos::Impl::ParallelFor<K...
gh200,sm90,other,,4,1024,0,no,1.0,1.0,1.0,void Kokkos::Impl::cuda_parallel_launch_local_memory<Kokkos::Impl::ParallelFor<K...
gh200,sm90,other,,4,1024,0,no,1.0,1.0,1.0,void Kokkos::Impl::cuda_parallel_launch_local_memory<Kokkos::Impl::ParallelFor<K...
gh200,sm90,other,,4,1024,0,no,1.0,1.0,1.0,void Kokkos::Impl::cuda_parallel_launch_local_memory<Kokkos::Impl::ParallelFor<K...
gh200,sm90,other,,4,1024,0,no,1.0,1.0,1.0,void Kokkos::Impl::cuda_parallel_launch_local_memory<Kokkos::Impl::ParallelFor<K...
gh200,sm90,other,,4,1024,0,no,1.0,1.0,1.0,void Kokkos::Impl::cuda_parallel_launch_local_memory<Kokkos::Impl::ParallelFor<K...
gh200,sm90,other,,4,1024,0,no,1.0,1.0,1.0,void Kokkos::Impl::cuda_parallel_launch_local_memory<Kokkos::Impl::ParallelFor<K...
gh200,sm90,other,,4,1024,0,no,1.0,1.0,1.0,void Kokkos::Impl::cuda_parallel_launch_local_memory<Kokkos::Impl::ParallelFor<K...
gh200,sm90,other,,4,1024,0,no,1.0,1.0,1.0,void Kokkos::Impl::cuda_parallel_launch_local_memory<Kokkos::Impl::ParallelFor<K...
gh200,sm90,other,,4,0,0,no,1.0,1.0,1.0,void Kokkos::Impl::cuda_parallel_launch_local_memory<Kokkos::Impl::ParallelFor<K...
gh200,sm90,other,,4,0,0,no,1.0,1.0,1.0,void Kokkos::Impl::cuda_parallel_launch_local_memory<Kokkos::Impl::ParallelFor<K...
gh200,sm90,other,,4,0,0,no,1.0,1.0,1.0,void Kokkos::Impl::cuda_parallel_launch_local_memory<Kokkos::Impl::ParallelFor<K...
gh200,sm90,other,,4,0,0,no,1.0,1.0,1.0,void Kokkos::Impl::cuda_parallel_launch_local_memory<Kokkos::Impl::ParallelFor<K...
gh200,sm90,other,,4,0,0,no,1.0,1.0,1.0,void Kokkos::Impl::cuda_parallel_launch_local_memory<Kokkos::Impl::ParallelFor<K...
gh200,sm90,other,,4,0,0,no,1.0,1.0,1.0,void Kokkos::Impl::cuda_parallel_launch_local_memory<Kokkos::Impl::ParallelFor<K...
gh200,sm90,other,,4,0,0,no,1.0,1.0,1.0,void Kokkos::Impl::cuda_parallel_launch_local_memory<Kokkos::Impl::ParallelFor<K...
gh200,sm90,other,,4,0,0,no,1.0,1.0,1.0,void Kokkos::Impl::cuda_parallel_launch_local_memory<Kokkos::Impl::ParallelFor<K...
gh200,sm90,other,,4,0,0,no,1.0,1.0,1.0,void Kokkos::Impl::cuda_parallel_launch_local_memory<Kokkos::Impl::ParallelFor<K...
gh200,sm90,other,,4,0,0,no,1.0,1.0,1.0,void Kokkos::Impl::cuda_parallel_launch_local_memory<Kokkos::Impl::ParallelFor<K...
gh200,sm90,other,,4,0,0,no,1.0,1.0,1.0,void Kokkos::Impl::cuda_parallel_launch_local_memory<Kokkos::Impl::ParallelFor<K...
gh200,sm90,other,,4,0,0,no,1.0,1.0,1.0,void Kokkos::Impl::cuda_parallel_launch_local_memory<Kokkos::Impl::ParallelFor<K...
gh200,sm90,other,,4,0,0,no,1.0,1.0,1.0,void Kokkos::Impl::cuda_parallel_launch_local_memory<Kokkos::Impl::ParallelFor<K...
gh200,sm90,other,,4,0,0,no,1.0,1.0,1.0,void Kokkos::Impl::cuda_parallel_launch_local_memory<Kokkos::Impl::ParallelFor<K...
gh200,sm90,other,,4,0,0,no,1.0,1.0,1.0,void Kokkos::Impl::cuda_parallel_launch_local_memory<Kokkos::Impl::ParallelFor<K...
gh200,sm90,other,,4,0,0,no,1.0,1.0,1.0,void Kokkos::Impl::cuda_parallel_launch_local_memory<Kokkos::Impl::ParallelFor<K...
gh200,sm90,other,,4,0,0,no,1.0,1.0,1.0,void Kokkos::Impl::cuda_parallel_launch_local_memory<Kokkos::Impl::ParallelFor<K...
gh200,sm90,other,,4,0,0,no,1.0,1.0,1.0,void Kokkos::Impl::cuda_parallel_launch_local_memory<Kokkos::Impl::ParallelFor<K...
gh200,sm90,other,,4,0,0,no,1.0,1.0,1.0,void Kokkos::Impl::cuda_parallel_launch_local_memory<Kokkos::Impl::ParallelFor<K...
gh200,sm90,other,,4,0,0,no,1.0,1.0,1.0,void Kokkos::Impl::cuda_parallel_launch_local_memory<Kokkos::Impl::ParallelFor<K...
gh200,sm90,other,,4,1024,0,no,1.0,1.0,1.0,void Kokkos::Impl::cuda_parallel_launch_local_memory<Kokkos::Impl::ParallelFor<K...
gh200,sm90,other,,4,1024,0,no,1.0,1.0,1.0,void Kokkos::Impl::cuda_parallel_launch_local_memory<Kokkos::Impl::ParallelFor<K...
gh200,sm90,other,,4,0,0,no,1.0,1.0,1.0,void Kokkos::Impl::cuda_parallel_launch_local_memory<Kokkos::Impl::ParallelFor<K...
gh200,sm90,other,,4,0,0,no,1.0,1.0,1.0,void Kokkos::Impl::cuda_parallel_launch_local_memory<Kokkos::Impl::ParallelFor<K...
gh200,sm90,other,,4,1024,0,no,1.0,1.0,1.0,void Kokkos::Impl::cuda_parallel_launch_local_memory<Kokkos::Impl::ParallelFor<K...
gh200,sm90,other,,4,1024,0,no,1.0,1.0,1.0,void Kokkos::Impl::cuda_parallel_launch_local_memory<Kokkos::Impl::ParallelFor<K...
gh200,sm90,other,,4,0,0,no,1.0,1.0,1.0,void Kokkos::Impl::cuda_parallel_launch_local_memory<Kokkos::Impl::ParallelFor<K...
gh200,sm90,other,,4,0,0,no,1.0,1.0,1.0,void Kokkos::Impl::cuda_parallel_launch_local_memory<Kokkos::Impl::ParallelFor<K...
gh200,sm90,other,,4,1024,0,no,1.0,1.0,1.0,void Kokkos::Impl::cuda_parallel_launch_local_memory<Kokkos::Impl::ParallelFor<K...
gh200,sm90,other,,4,1024,0,no,1.0,1.0,1.0,void Kokkos::Impl::cuda_parallel_launch_local_memory<Kokkos::Impl::ParallelFor<K...
gh200,sm90,other,,4,0,0,no,1.0,1.0,1.0,void Kokkos::Impl::cuda_parallel_launch_local_memory<Kokkos::Impl::ParallelFor<K...
gh200,sm90,other,,4,0,0,no,1.0,1.0,1.0,void Kokkos::Impl::cuda_parallel_launch_local_memory<Kokkos::Impl::ParallelFor<K...
gh200,sm90,other,,4,0,0,no,1.0,1.0,1.0,void Kokkos::Impl::cuda_parallel_launch_local_memory<Kokkos::Impl::ParallelFor<K...
gh200,sm90,other,,4,0,0,no,1.0,1.0,1.0,void Kokkos::Impl::cuda_parallel_launch_local_memory<Kokkos::Impl::ParallelFor<K...
gh200,sm90,other,,4,0,0,no,1.0,1.0,1.0,void Kokkos::Impl::cuda_parallel_launch_local_memory<Kokkos::Impl::ParallelFor<K...
gh200,sm90,other,,4,0,0,no,1.0,1.0,1.0,void Kokkos::Impl::cuda_parallel_launch_local_memory<Kokkos::Impl::ParallelFor<K...
gh200,sm90,other,,4,0,0,no,1.0,1.0,1.0,void Kokkos::Impl::cuda_parallel_launch_local_memory<Kokkos::Impl::ParallelFor<K...
gh200,sm90,other,,4,0,0,no,1.0,1.0,1.0,void Kokkos::Impl::cuda_parallel_launch_local_memory<Kokkos::Impl::ParallelFor<K...
gh200,sm90,other,,4,0,0,no,1.0,1.0,1.0,void Kokkos::Impl::cuda_parallel_launch_local_memory<Kokkos::Impl::ParallelFor<K...
gh200,sm90,other,,4,0,0,no,1.0,1.0,1.0,void Kokkos::Impl::cuda_parallel_launch_local_memory<Kokkos::Impl::ParallelFor<K...
gh200,sm90,other,,4,0,0,no,1.0,1.0,1.0,void Kokkos::Impl::cuda_parallel_launch_local_memory<Kokkos::Impl::ParallelFor<K...
gh200,sm90,other,,4,0,0,no,1.0,1.0,1.0,void Kokkos::Impl::cuda_parallel_launch_local_memory<Kokkos::Impl::ParallelFor<K...
gh200,sm90,other,,4,0,0,no,1.0,1.0,1.0,void Kokkos::Impl::cuda_parallel_launch_local_memory<Kokkos::Impl::ParallelFor<K...
gh200,sm90,other,,4,0,0,no,1.0,1.0,1.0,void Kokkos::Impl::cuda_parallel_launch_local_memory<Kokkos::Impl::ParallelFor<K...
gh200,sm90,other,,4,0,0,no,1.0,1.0,1.0,void Kokkos::Impl::cuda_parallel_launch_local_memory<Kokkos::Impl::ParallelFor<K...
gh200,sm90,other,,4,0,0,no,1.0,1.0,1.0,void Kokkos::Impl::cuda_parallel_launch_local_memory<Kokkos::Impl::ParallelFor<K...
gh200,sm90,other,,4,0,0,no,1.0,1.0,1.0,void Kokkos::Impl::cuda_parallel_launch_local_memory<Kokkos::Impl::ParallelFor<K...
gh200,sm90,other,,4,0,0,no,1.0,1.0,1.0,void Kokkos::Impl::cuda_parallel_launch_local_memory<Kokkos::Impl::ParallelFor<K...
gh200,sm90,other,,4,0,0,no,1.0,1.0,1.0,void Kokkos::Impl::cuda_parallel_launch_local_memory<Kokkos::Impl::ParallelFor<K...
gh200,sm90,other,,4,0,0,no,1.0,1.0,1.0,void Kokkos::Impl::cuda_parallel_launch_local_memory<Kokkos::Impl::ParallelFor<K...
gh200,sm90,other,,4,0,0,no,1.0,1.0,1.0,void Kokkos::Impl::cuda_parallel_launch_local_memory<Kokkos::Impl::ParallelFor<K...
gh200,sm90,other,,4,0,0,no,1.0,1.0,1.0,void Kokkos::Impl::cuda_parallel_launch_local_memory<Kokkos::Impl::ParallelFor<K...
gh200,sm90,other,,4,0,0,no,1.0,1.0,1.0,void Kokkos::Impl::cuda_parallel_launch_local_memory<Kokkos::Impl::ParallelFor<K...
gh200,sm90,other,,4,0,0,no,1.0,1.0,1.0,void Kokkos::Impl::cuda_parallel_launch_local_memory<Kokkos::Impl::ParallelFor<K...
gh200,sm90,other,,4,0,0,no,1.0,1.0,1.0,void Kokkos::Impl::cuda_parallel_launch_local_memory<Kokkos::Impl::ParallelFor<K...
gh200,sm90,other,,4,0,0,no,1.0,1.0,1.0,void Kokkos::Impl::cuda_parallel_launch_local_memory<Kokkos::Impl::ParallelFor<K...
gh200,sm90,other,,4,0,0,no,1.0,1.0,1.0,void Kokkos::Impl::cuda_parallel_launch_local_memory<Kokkos::Impl::ParallelFor<K...
gh200,sm90,other,,4,0,0,no,1.0,1.0,1.0,void Kokkos::Impl::cuda_parallel_launch_local_memory<Kokkos::Impl::ParallelFor<K...
gh200,sm90,other,,4,0,0,no,1.0,1.0,1.0,void Kokkos::Impl::cuda_parallel_launch_local_memory<Kokkos::Impl::ParallelFor<K...
gh200,sm90,other,,4,0,0,no,1.0,1.0,1.0,void Kokkos::Impl::cuda_parallel_launch_local_memory<Kokkos::Impl::ParallelFor<K...
gh200,sm90,other,,4,0,0,no,1.0,1.0,1.0,void Kokkos::Impl::cuda_parallel_launch_local_memory<Kokkos::Impl::ParallelFor<K...
gh200,sm90,other,,4,0,0,no,1.0,1.0,1.0,void Kokkos::Impl::cuda_parallel_launch_local_memory<Kokkos::Impl::ParallelFor<K...
gh200,sm90,other,,4,0,0,no,1.0,1.0,1.0,void Kokkos::Impl::cuda_parallel_launch_local_memory<Kokkos::Impl::ParallelFor<K...
gh200,sm90,other,,4,0,0,no,1.0,1.0,1.0,void Kokkos::Impl::cuda_parallel_launch_local_memory<Kokkos::Impl::ParallelFor<K...
gh200,sm90,other,,4,1024,0,no,1.0,1.0,1.0,void Kokkos::Impl::cuda_parallel_launch_local_memory<Kokkos::Impl::ParallelFor<K...
gh200,sm90,other,,4,1024,0,no,1.0,1.0,1.0,void Kokkos::Impl::cuda_parallel_launch_local_memory<Kokkos::Impl::ParallelFor<K...
gh200,sm90,other,,4,0,0,no,1.0,1.0,1.0,void Kokkos::Impl::cuda_parallel_launch_local_memory<Kokkos::Impl::ParallelFor<K...
gh200,sm90,other,,4,0,0,no,1.0,1.0,1.0,void Kokkos::Impl::cuda_parallel_launch_local_memory<Kokkos::Impl::ParallelFor<K...
gh200,sm90,other,,4,1024,0,no,1.0,1.0,1.0,void Kokkos::Impl::cuda_parallel_launch_local_memory<Kokkos::Impl::ParallelFor<K...
gh200,sm90,other,,4,1024,0,no,1.0,1.0,1.0,void Kokkos::Impl::cuda_parallel_launch_local_memory<Kokkos::Impl::ParallelFor<K...
gh200,sm90,other,,4,0,0,no,1.0,1.0,1.0,void Kokkos::Impl::cuda_parallel_launch_local_memory<Kokkos::Impl::ParallelFor<K...
gh200,sm90,other,,4,0,0,no,1.0,1.0,1.0,void Kokkos::Impl::cuda_parallel_launch_local_memory<Kokkos::Impl::ParallelFor<K...
gh200,sm90,other,,4,1024,0,no,1.0,1.0,1.0,void Kokkos::Impl::cuda_parallel_launch_local_memory<Kokkos::Impl::ParallelFor<K...
gh200,sm90,other,,4,1024,0,no,1.0,1.0,1.0,void Kokkos::Impl::cuda_parallel_launch_local_memory<Kokkos::Impl::ParallelFor<K...
gh200,sm90,other,,4,0,0,no,1.0,1.0,1.0,void Kokkos::Impl::cuda_parallel_launch_local_memory<Kokkos::Impl::ParallelFor<K...
gh200,sm90,other,,4,0,0,no,1.0,1.0,1.0,void Kokkos::Impl::cuda_parallel_launch_local_memory<Kokkos::Impl::ParallelFor<K...
gh200,sm90,other,,4,0,0,no,1.0,1.0,1.0,void Kokkos::Impl::cuda_parallel_launch_local_memory<Kokkos::Impl::ParallelFor<K...
gh200,sm90,other,,4,0,0,no,1.0,1.0,1.0,void Kokkos::Impl::cuda_parallel_launch_local_memory<Kokkos::Impl::ParallelFor<K...
gh200,sm90,other,,4,0,0,no,1.0,1.0,1.0,void Kokkos::Impl::cuda_parallel_launch_local_memory<Kokkos::Impl::ParallelFor<K...
gh200,sm90,other,,4,0,0,no,1.0,1.0,1.0,void Kokkos::Impl::cuda_parallel_launch_local_memory<Kokkos::Impl::ParallelFor<K...
gh200,sm90,other,,4,0,0,no,1.0,1.0,1.0,void Kokkos::Impl::cuda_parallel_launch_local_memory<Kokkos::Impl::ParallelFor<K...
gh200,sm90,other,,4,0,0,no,1.0,1.0,1.0,void Kokkos::Impl::cuda_parallel_launch_local_memory<Kokkos::Impl::ParallelFor<K...
gh200,sm90,other,,4,0,0,no,1.0,1.0,1.0,void Kokkos::Impl::cuda_parallel_launch_local_memory<Kokkos::Impl::ParallelFor<K...
gh200,sm90,other,,4,0,0,no,1.0,1.0,1.0,void Kokkos::Impl::cuda_parallel_launch_local_memory<Kokkos::Impl::ParallelFor<K...
gh200,sm90,other,,4,0,0,no,1.0,1.0,1.0,void Kokkos::Impl::cuda_parallel_launch_local_memory<Kokkos::Impl::ParallelFor<K...
gh200,sm90,other,,4,0,0,no,1.0,1.0,1.0,void Kokkos::Impl::cuda_parallel_launch_local_memory<Kokkos::Impl::ParallelFor<K...
gh200,sm90,other,,4,0,0,no,1.0,1.0,1.0,void Kokkos::Impl::cuda_parallel_launch_local_memory<Kokkos::Impl::ParallelFor<K...
gh200,sm90,other,,4,0,0,no,1.0,1.0,1.0,void Kokkos::Impl::cuda_parallel_launch_local_memory<Kokkos::Impl::ParallelFor<K...
gh200,sm90,other,,4,0,0,no,1.0,1.0,1.0,void Kokkos::Impl::cuda_parallel_launch_local_memory<Kokkos::Impl::ParallelFor<K...
gh200,sm90,other,,4,1024,0,no,1.0,1.0,1.0,void Kokkos::Impl::cuda_parallel_launch_local_memory<Kokkos::Impl::ParallelFor<K...
gh200,sm90,other,,4,1024,0,no,1.0,1.0,1.0,void Kokkos::Impl::cuda_parallel_launch_local_memory<Kokkos::Impl::ParallelFor<K...
gh200,sm90,other,,4,0,0,no,1.0,1.0,1.0,void Kokkos::Impl::cuda_parallel_launch_local_memory<Kokkos::Impl::ParallelFor<K...
gh200,sm90,other,,4,0,0,no,1.0,1.0,1.0,void Kokkos::Impl::cuda_parallel_launch_local_memory<Kokkos::Impl::ParallelFor<K...
gh200,sm90,other,,4,0,0,no,1.0,1.0,1.0,void Kokkos::Impl::cuda_parallel_launch_local_memory<Kokkos::Impl::ParallelFor<K...
gh200,sm90,other,,4,0,0,no,1.0,1.0,1.0,void Kokkos::Impl::cuda_parallel_launch_local_memory<Kokkos::Impl::ParallelFor<K...
gh200,sm90,other,,4,0,0,no,1.0,1.0,1.0,void Kokkos::Impl::cuda_parallel_launch_local_memory<Kokkos::Impl::ParallelFor<K...
gh200,sm90,other,,4,0,0,no,1.0,1.0,1.0,void Kokkos::Impl::cuda_parallel_launch_local_memory<Kokkos::Impl::ParallelFor<K...
gh200,sm90,other,,4,0,0,no,1.0,1.0,1.0,void Kokkos::Impl::cuda_parallel_launch_local_memory<Kokkos::Impl::ParallelFor<K...
gh200,sm90,other,,4,0,0,no,1.0,1.0,1.0,void Kokkos::Impl::cuda_parallel_launch_local_memory<Kokkos::Impl::ParallelFor<K...
gh200,sm90,other,,4,0,0,no,1.0,1.0,1.0,void Kokkos::Impl::cuda_parallel_launch_local_memory<Kokkos::Impl::ParallelFor<K...
gh200,sm90,other,,4,0,0,no,1.0,1.0,1.0,void Kokkos::Impl::cuda_parallel_launch_local_memory<Kokkos::Impl::ParallelFor<K...
gh200,sm90,other,,4,0,0,no,1.0,1.0,1.0,void Kokkos::Impl::cuda_parallel_launch_local_memory<Kokkos::Impl::ParallelFor<K...
gh200,sm90,other,,4,0,0,no,1.0,1.0,1.0,void Kokkos::Impl::cuda_parallel_launch_local_memory<Kokkos::Impl::ParallelFor<K...
gh200,sm90,other,,4,0,0,no,1.0,1.0,1.0,void Kokkos::Impl::cuda_parallel_launch_local_memory<Kokkos::Impl::ParallelFor<K...
gh200,sm90,other,,4,0,0,no,1.0,1.0,1.0,void Kokkos::Impl::cuda_parallel_launch_local_memory<Kokkos::Impl::ParallelFor<K...
gh200,sm90,other,,4,0,0,no,1.0,1.0,1.0,void Kokkos::Impl::cuda_parallel_launch_local_memory<Kokkos::Impl::ParallelFor<K...
gh200,sm90,other,,4,0,0,no,1.0,1.0,1.0,void Kokkos::Impl::cuda_parallel_launch_local_memory<Kokkos::Impl::ParallelFor<K...
gh200,sm90,other,,4,0,0,no,1.0,1.0,1.0,void Kokkos::Impl::cuda_parallel_launch_local_memory<Kokkos::Impl::ParallelFor<K...
gh200,sm90,other,,4,0,0,no,1.0,1.0,1.0,void Kokkos::Impl::cuda_parallel_launch_local_memory<Kokkos::Impl::ParallelFor<K...
gh200,sm90,other,,4,0,0,no,1.0,1.0,1.0,void Kokkos::Impl::cuda_parallel_launch_local_memory<Kokkos::Impl::ParallelFor<K...
gh200,sm90,other,,4,0,0,no,1.0,1.0,1.0,void Kokkos::Impl::cuda_parallel_launch_local_memory<Kokkos::Impl::ParallelFor<K...
gh200,sm90,other,,4,0,0,no,1.0,1.0,1.0,void Kokkos::Impl::cuda_parallel_launch_local_memory<Kokkos::Impl::ParallelFor<K...
gh200,sm90,other,,4,0,0,no,1.0,1.0,1.0,void Kokkos::Impl::cuda_parallel_launch_local_memory<Kokkos::Impl::ParallelFor<K...
gh200,sm90,other,,4,0,0,no,1.0,1.0,1.0,void Kokkos::Impl::cuda_parallel_launch_local_memory<Kokkos::Impl::ParallelFor<K...
gh200,sm90,other,,4,0,0,no,1.0,1.0,1.0,void Kokkos::Impl::cuda_parallel_launch_local_memory<Kokkos::Impl::ParallelFor<K...
gh200,sm90,other,,4,1024,0,no,1.0,1.0,1.0,void Kokkos::Impl::cuda_parallel_launch_local_memory<Kokkos::Impl::ParallelFor<K...
gh200,sm90,other,,4,1024,0,no,1.0,1.0,1.0,void Kokkos::Impl::cuda_parallel_launch_local_memory<Kokkos::Impl::ParallelFor<K...
gh200,sm90,other,,4,0,0,no,1.0,1.0,1.0,void Kokkos::Impl::cuda_parallel_launch_local_memory<Kokkos::Impl::ParallelFor<K...
gh200,sm90,other,,4,0,0,no,1.0,1.0,1.0,void Kokkos::Impl::cuda_parallel_launch_local_memory<Kokkos::Impl::ParallelFor<K...
gh200,sm90,other,,4,1024,0,no,1.0,1.0,1.0,void Kokkos::Impl::cuda_parallel_launch_local_memory<Kokkos::Impl::ParallelFor<K...
gh200,sm90,other,,4,1024,0,no,1.0,1.0,1.0,void Kokkos::Impl::cuda_parallel_launch_local_memory<Kokkos::Impl::ParallelFor<K...
gh200,sm90,other,,4,0,0,no,1.0,1.0,1.0,void Kokkos::Impl::cuda_parallel_launch_local_memory<Kokkos::Impl::ParallelFor<K...
gh200,sm90,other,,4,0,0,no,1.0,1.0,1.0,void Kokkos::Impl::cuda_parallel_launch_local_memory<Kokkos::Impl::ParallelFor<K...
gh200,sm90,other,,4,0,0,no,1.0,1.0,1.0,void Kokkos::Impl::cuda_parallel_launch_local_memory<Kokkos::Impl::ParallelFor<K...
gh200,sm90,other,,4,0,0,no,1.0,1.0,1.0,void Kokkos::Impl::cuda_parallel_launch_local_memory<Kokkos::Impl::ParallelFor<K...
gh200,sm90,other,,4,0,0,no,1.0,1.0,1.0,void Kokkos::Impl::cuda_parallel_launch_local_memory<Kokkos::Impl::ParallelFor<K...
gh200,sm90,other,,4,0,0,no,1.0,1.0,1.0,void Kokkos::Impl::cuda_parallel_launch_local_memory<Kokkos::Impl::ParallelFor<K...
gh200,sm90,other,,4,0,0,no,1.0,1.0,1.0,void cub::CUB_300102_SM_900::detail::EmptyKernel<void>()
gh200,sm90,other,,4,0,0,no,1.0,1.0,1.0,void Kokkos::Impl::cuda_parallel_launch_local_memory<Kokkos::Impl::ParallelFor<K...
gh200,sm90,other,,4,0,0,no,1.0,1.0,1.0,void Kokkos::Impl::cuda_parallel_launch_local_memory<Kokkos::Impl::ParallelFor<K...
gh200,sm90,other,,4,0,0,no,1.0,1.0,1.0,void Kokkos::Impl::cuda_parallel_launch_local_memory<Kokkos::Impl::ParallelFor<K...
gh200,sm90,other,,4,0,0,no,1.0,1.0,1.0,void Kokkos::Impl::cuda_parallel_launch_local_memory<Kokkos::Impl::ParallelFor<K...
gh200,sm90,other,,4,0,0,no,1.0,1.0,1.0,void Kokkos::Impl::cuda_parallel_launch_local_memory<Kokkos::Impl::ParallelFor<K...
gh200,sm90,other,,4,0,0,no,1.0,1.0,1.0,void Kokkos::Impl::cuda_parallel_launch_local_memory<Kokkos::Impl::ParallelFor<K...
gh200,sm90,other,,4,0,0,no,1.0,1.0,1.0,void Kokkos::Impl::cuda_parallel_launch_local_memory<Kokkos::Impl::ParallelFor<K...
gh200,sm90,other,,4,0,0,no,1.0,1.0,1.0,void Kokkos::Impl::cuda_parallel_launch_local_memory<Kokkos::Impl::ParallelFor<K...
gh200,sm90,other,,4,0,0,no,1.0,1.0,1.0,void Kokkos::Impl::cuda_parallel_launch_local_memory<Kokkos::Impl::ParallelFor<K...
gh200,sm90,other,,4,0,0,no,1.0,1.0,1.0,void Kokkos::Impl::cuda_parallel_launch_local_memory<Kokkos::Impl::ParallelFor<K...
gh200,sm90,other,,4,1024,0,no,1.0,1.0,1.0,void Kokkos::Impl::cuda_parallel_launch_local_memory<Kokkos::Impl::ParallelFor<K...
gh200,sm90,other,,4,1024,0,no,1.0,1.0,1.0,void Kokkos::Impl::cuda_parallel_launch_local_memory<Kokkos::Impl::ParallelFor<K...
gh200,sm90,other,,4,1024,0,no,1.0,1.0,1.0,void Kokkos::Impl::cuda_parallel_launch_local_memory<Kokkos::Impl::ParallelFor<K...
gh200,sm90,other,,4,1024,0,no,1.0,1.0,1.0,void Kokkos::Impl::cuda_parallel_launch_local_memory<Kokkos::Impl::ParallelFor<K...
gh200,sm90,other,,4,0,0,no,1.0,1.0,1.0,void Kokkos::Impl::cuda_parallel_launch_local_memory<Kokkos::Impl::ParallelFor<K...
gh200,sm90,other,,4,0,0,no,1.0,1.0,1.0,void Kokkos::Impl::cuda_parallel_launch_local_memory<Kokkos::Impl::ParallelFor<K...
gh200,sm90,other,,4,1024,0,no,1.0,1.0,1.0,void Kokkos::Impl::cuda_parallel_launch_local_memory<Kokkos::Impl::ParallelFor<K...
gh200,sm90,other,,4,1024,0,no,1.0,1.0,1.0,void Kokkos::Impl::cuda_parallel_launch_local_memory<Kokkos::Impl::ParallelFor<K...
gh200,sm90,other,,4,0,0,no,1.0,1.0,1.0,void Kokkos::Impl::cuda_parallel_launch_local_memory<Kokkos::Impl::ParallelFor<K...
gh200,sm90,other,,4,0,0,no,1.0,1.0,1.0,void Kokkos::Impl::cuda_parallel_launch_local_memory<Kokkos::Impl::ParallelFor<K...
gh200,sm90,other,,4,0,0,no,1.0,1.0,1.0,void Kokkos::Impl::cuda_parallel_launch_local_memory<Kokkos::Impl::ParallelFor<K...
gh200,sm90,other,,4,0,0,no,1.0,1.0,1.0,void Kokkos::Impl::cuda_parallel_launch_local_memory<Kokkos::Impl::ParallelFor<K...
gh200,sm90,other,,4,0,0,no,1.0,1.0,1.0,void Kokkos::Impl::cuda_parallel_launch_local_memory<Kokkos::Impl::ParallelFor<K...
gh200,sm90,other,,4,0,0,no,1.0,1.0,1.0,void Kokkos::Impl::cuda_parallel_launch_local_memory<Kokkos::Impl::ParallelFor<K...
gh200,sm90,other,,4,0,0,no,1.0,1.0,1.0,void Kokkos::Impl::cuda_parallel_launch_local_memory<Kokkos::Impl::ParallelFor<K...
gh200,sm90,other,,4,0,0,no,1.0,1.0,1.0,void Kokkos::Impl::cuda_parallel_launch_local_memory<Kokkos::Impl::ParallelFor<K...
gh200,sm90,other,,4,0,0,no,1.0,1.0,1.0,void Kokkos::Impl::cuda_parallel_launch_local_memory<Kokkos::Impl::ParallelFor<K...
gh200,sm90,other,,4,0,0,no,1.0,1.0,1.0,void Kokkos::Impl::cuda_parallel_launch_local_memory<Kokkos::Impl::ParallelFor<K...
gh200,sm90,other,,4,0,0,no,1.0,1.0,1.0,void Kokkos::Impl::cuda_parallel_launch_local_memory<Kokkos::Impl::ParallelFor<K...
gh200,sm90,other,,4,0,0,no,1.0,1.0,1.0,void Kokkos::Impl::cuda_parallel_launch_local_memory<Kokkos::Impl::ParallelFor<K...
gh200,sm90,other,,4,0,0,no,1.0,1.0,1.0,void Kokkos::Impl::cuda_parallel_launch_local_memory<Kokkos::Impl::ParallelFor<K...
gh200,sm90,other,,4,0,0,no,1.0,1.0,1.0,void Kokkos::Impl::cuda_parallel_launch_local_memory<Kokkos::Impl::ParallelFor<K...
gh200,sm90,other,,4,1024,0,no,1.0,1.0,1.0,void Kokkos::Impl::cuda_parallel_launch_local_memory<Kokkos::Impl::ParallelFor<K...
gh200,sm90,other,,4,1024,0,no,1.0,1.0,1.0,void Kokkos::Impl::cuda_parallel_launch_local_memory<Kokkos::Impl::ParallelFor<K...
gh200,sm90,other,,4,1024,0,no,1.0,1.0,1.0,void Kokkos::Impl::cuda_parallel_launch_local_memory<Kokkos::Impl::ParallelFor<K...
gh200,sm90,other,,4,1024,0,no,1.0,1.0,1.0,void Kokkos::Impl::cuda_parallel_launch_local_memory<Kokkos::Impl::ParallelFor<K...
gh200,sm90,other,,4,0,0,no,1.0,1.0,1.0,void Kokkos::Impl::cuda_parallel_launch_local_memory<Kokkos::Impl::ParallelFor<K...
gh200,sm90,other,,4,0,0,no,1.0,1.0,1.0,void Kokkos::Impl::cuda_parallel_launch_local_memory<Kokkos::Impl::ParallelFor<K...
gh200,sm90,other,,4,0,0,no,1.0,1.0,1.0,void Kokkos::Impl::cuda_parallel_launch_local_memory<Kokkos::Impl::ParallelFor<K...
gh200,sm90,other,,4,0,0,no,1.0,1.0,1.0,void Kokkos::Impl::cuda_parallel_launch_local_memory<Kokkos::Impl::ParallelFor<K...
gh200,sm90,other,,4,0,0,no,1.0,1.0,1.0,void Kokkos::Impl::cuda_parallel_launch_local_memory<Kokkos::Impl::ParallelFor<K...
gh200,sm90,other,,4,0,0,no,1.0,1.0,1.0,void Kokkos::Impl::cuda_parallel_launch_local_memory<Kokkos::Impl::ParallelFor<K...
gh200,sm90,other,,4,0,0,no,1.0,1.0,1.0,void Kokkos::Impl::cuda_parallel_launch_local_memory<Kokkos::Impl::ParallelFor<K...
gh200,sm90,other,,4,0,0,no,1.0,1.0,1.0,void Kokkos::Impl::cuda_parallel_launch_local_memory<Kokkos::Impl::ParallelFor<K...
gh200,sm90,other,,4,0,0,no,1.0,1.0,1.0,void Kokkos::Impl::cuda_parallel_launch_local_memory<Kokkos::Impl::ParallelFor<K...
gh200,sm90,other,,4,0,0,no,1.0,1.0,1.0,void Kokkos::Impl::cuda_parallel_launch_local_memory<Kokkos::Impl::ParallelFor<K...
gh200,sm90,other,,4,0,0,no,1.0,1.0,1.0,void Kokkos::Impl::cuda_parallel_launch_local_memory<Kokkos::Impl::ParallelFor<K...
gh200,sm90,other,,4,0,0,no,1.0,1.0,1.0,void Kokkos::Impl::cuda_parallel_launch_local_memory<Kokkos::Impl::ParallelFor<K...
gh200,sm90,other,,4,0,0,no,1.0,1.0,1.0,void Kokkos::Impl::cuda_parallel_launch_local_memory<Kokkos::Impl::ParallelFor<K...
gh200,sm90,other,,4,0,0,no,1.0,1.0,1.0,void Kokkos::Impl::cuda_parallel_launch_local_memory<Kokkos::Impl::ParallelFor<K...
gh200,sm90,other,,4,0,0,no,1.0,1.0,1.0,void Kokkos::Impl::cuda_parallel_launch_local_memory<Kokkos::Impl::ParallelFor<K...
gh200,sm90,other,,4,0,0,no,1.0,1.0,1.0,void Kokkos::Impl::cuda_parallel_launch_local_memory<Kokkos::Impl::ParallelFor<K...
gh200,sm90,other,,4,1024,0,no,1.0,1.0,1.0,void Kokkos::Impl::cuda_parallel_launch_local_memory<Kokkos::Impl::ParallelFor<K...
gh200,sm90,other,,4,1024,0,no,1.0,1.0,1.0,void Kokkos::Impl::cuda_parallel_launch_local_memory<Kokkos::Impl::ParallelFor<K...
gh200,sm90,other,,4,0,0,no,1.0,1.0,1.0,void Kokkos::Impl::cuda_parallel_launch_local_memory<Kokkos::Impl::ParallelFor<K...
gh200,sm90,other,,4,0,0,no,1.0,1.0,1.0,void Kokkos::Impl::cuda_parallel_launch_local_memory<Kokkos::Impl::ParallelFor<K...
gh200,sm90,other,,4,0,0,no,1.0,1.0,1.0,void Kokkos::Impl::cuda_parallel_launch_local_memory<Kokkos::Impl::ParallelFor<K...
gh200,sm90,other,,4,0,0,no,1.0,1.0,1.0,void Kokkos::Impl::cuda_parallel_launch_local_memory<Kokkos::Impl::ParallelFor<K...
gh200,sm90,other,,4,0,0,no,1.0,1.0,1.0,void Kokkos::Impl::cuda_parallel_launch_local_memory<Kokkos::Impl::ParallelFor<K...
gh200,sm90,other,,4,0,0,no,1.0,1.0,1.0,void Kokkos::Impl::cuda_parallel_launch_local_memory<Kokkos::Impl::ParallelFor<K...
gh200,sm90,other,,4,0,0,no,1.0,1.0,1.0,void Kokkos::Impl::cuda_parallel_launch_local_memory<Kokkos::Impl::ParallelFor<K...
gh200,sm90,other,,4,0,0,no,1.0,1.0,1.0,void Kokkos::Impl::cuda_parallel_launch_local_memory<Kokkos::Impl::ParallelFor<K...
gh200,sm90,other,,4,0,0,no,1.0,1.0,1.0,void Kokkos::Impl::cuda_parallel_launch_local_memory<Kokkos::Impl::ParallelFor<K...
gh200,sm90,other,,4,0,0,no,1.0,1.0,1.0,void Kokkos::Impl::cuda_parallel_launch_local_memory<Kokkos::Impl::ParallelFor<K...
gh200,sm90,other,,4,0,0,no,1.0,1.0,1.0,void Kokkos::Impl::cuda_parallel_launch_local_memory<Kokkos::Impl::ParallelFor<K...
gh200,sm90,other,,4,0,0,no,1.0,1.0,1.0,void Kokkos::Impl::cuda_parallel_launch_local_memory<Kokkos::Impl::ParallelFor<K...
gh200,sm90,other,,4,1024,0,no,1.0,1.0,1.0,void Kokkos::Impl::cuda_parallel_launch_local_memory<Kokkos::Impl::ParallelFor<K...
gh200,sm90,other,,4,1024,0,no,1.0,1.0,1.0,void Kokkos::Impl::cuda_parallel_launch_local_memory<Kokkos::Impl::ParallelFor<K...
gh200,sm90,other,,4,1024,0,no,1.0,1.0,1.0,void Kokkos::Impl::cuda_parallel_launch_local_memory<Kokkos::Impl::ParallelFor<K...
gh200,sm90,other,,4,1024,0,no,1.0,1.0,1.0,void Kokkos::Impl::cuda_parallel_launch_local_memory<Kokkos::Impl::ParallelFor<K...
gh200,sm90,other,,4,1024,0,no,1.0,1.0,1.0,void Kokkos::Impl::cuda_parallel_launch_local_memory<Kokkos::Impl::ParallelFor<K...
gh200,sm90,other,,4,0,0,no,1.0,1.0,1.0,void Kokkos::Impl::cuda_parallel_launch_local_memory<Kokkos::Impl::ParallelFor<K...
gh200,sm90,other,,4,0,0,no,1.0,1.0,1.0,void Kokkos::Impl::cuda_parallel_launch_local_memory<Kokkos::Impl::ParallelFor<K...
gh200,sm90,other,,4,0,0,no,1.0,1.0,1.0,void Kokkos::Impl::cuda_parallel_launch_local_memory<Kokkos::Impl::ParallelFor<K...
gh200,sm90,other,,4,0,0,no,1.0,1.0,1.0,void Kokkos::Impl::cuda_parallel_launch_local_memory<Kokkos::Impl::ParallelFor<K...
gh200,sm90,other,,4,1024,0,no,1.0,1.0,1.0,void Kokkos::Impl::cuda_parallel_launch_local_memory<Kokkos::Impl::ParallelFor<K...
gh200,sm90,other,,4,1024,0,no,1.0,1.0,1.0,void Kokkos::Impl::cuda_parallel_launch_local_memory<Kokkos::Impl::ParallelFor<K...
gh200,sm90,other,,4,0,0,no,1.0,1.0,1.0,void Kokkos::Impl::cuda_parallel_launch_local_memory<Kokkos::Impl::ParallelFor<K...
gh200,sm90,other,,4,0,0,no,1.0,1.0,1.0,void Kokkos::Impl::cuda_parallel_launch_local_memory<Kokkos::Impl::ParallelFor<K...
gh200,sm90,other,,4,1024,0,no,1.0,1.0,1.0,void Kokkos::Impl::cuda_parallel_launch_local_memory<Kokkos::Impl::ParallelFor<K...
gh200,sm90,other,,4,1024,0,no,1.0,1.0,1.0,void Kokkos::Impl::cuda_parallel_launch_local_memory<Kokkos::Impl::ParallelFor<K...
gh200,sm90,other,,4,1024,0,no,1.0,1.0,1.0,void Kokkos::Impl::cuda_parallel_launch_local_memory<Kokkos::Impl::ParallelFor<K...
gh200,sm90,other,,4,1024,0,no,1.0,1.0,1.0,void Kokkos::Impl::cuda_parallel_launch_local_memory<Kokkos::Impl::ParallelFor<K...
gh200,sm90,other,,4,0,0,no,1.0,1.0,1.0,void Kokkos::Impl::cuda_parallel_launch_local_memory<Kokkos::Impl::ParallelFor<K...
gh200,sm90,other,,4,0,0,no,1.0,1.0,1.0,void Kokkos::Impl::cuda_parallel_launch_local_memory<Kokkos::Impl::ParallelFor<K...
gh200,sm90,other,,4,0,0,no,1.0,1.0,1.0,void Kokkos::Impl::cuda_parallel_launch_local_memory<Kokkos::Impl::ParallelFor<K...
gh200,sm90,other,,4,0,0,no,1.0,1.0,1.0,void Kokkos::Impl::cuda_parallel_launch_local_memory<Kokkos::Impl::ParallelFor<K...
gh200,sm90,other,,4,0,0,no,1.0,1.0,1.0,void Kokkos::Impl::cuda_parallel_launch_local_memory<Kokkos::Impl::ParallelFor<K...
gh200,sm90,other,,4,1024,0,no,1.0,1.0,1.0,void Kokkos::Impl::cuda_parallel_launch_local_memory<Kokkos::Impl::ParallelFor<K...
gh200,sm90,other,,4,1024,0,no,1.0,1.0,1.0,void Kokkos::Impl::cuda_parallel_launch_local_memory<Kokkos::Impl::ParallelFor<K...
gh200,sm90,other,,4,1024,0,no,1.0,1.0,1.0,void Kokkos::Impl::cuda_parallel_launch_local_memory<Kokkos::Impl::ParallelFor<K...
gh200,sm90,other,,4,1024,0,no,1.0,1.0,1.0,void Kokkos::Impl::cuda_parallel_launch_local_memory<Kokkos::Impl::ParallelFor<K...
gh200,sm90,other,,4,0,0,no,1.0,1.0,1.0,void Kokkos::Impl::cuda_parallel_launch_local_memory<Kokkos::Impl::ParallelFor<K...
gh200,sm90,other,,4,0,0,no,1.0,1.0,1.0,void Kokkos::Impl::cuda_parallel_launch_local_memory<Kokkos::Impl::ParallelFor<K...
gh200,sm90,other,,4,0,0,no,1.0,1.0,1.0,void Kokkos::Impl::cuda_parallel_launch_local_memory<Kokkos::Impl::ParallelFor<K...
gh200,sm90,other,,4,0,0,no,1.0,1.0,1.0,void Kokkos::Impl::cuda_parallel_launch_local_memory<Kokkos::Impl::ParallelFor<K...
gh200,sm90,other,,4,0,0,no,1.0,1.0,1.0,void Kokkos::Impl::cuda_parallel_launch_local_memory<Kokkos::Impl::ParallelFor<K...
gh200,sm90,other,,4,0,0,no,1.0,1.0,1.0,void Kokkos::Impl::cuda_parallel_launch_local_memory<Kokkos::Impl::ParallelFor<K...
gh200,sm90,other,,4,1024,0,no,1.0,1.0,1.0,void Kokkos::Impl::cuda_parallel_launch_local_memory<Kokkos::Impl::ParallelFor<K...
gh200,sm90,other,,4,1024,0,no,1.0,1.0,1.0,void Kokkos::Impl::cuda_parallel_launch_local_memory<Kokkos::Impl::ParallelFor<K...
gh200,sm90,other,,4,1024,0,no,1.0,1.0,1.0,void Kokkos::Impl::cuda_parallel_launch_local_memory<Kokkos::Impl::ParallelFor<K...
gh200,sm90,other,,4,1024,0,no,1.0,1.0,1.0,void Kokkos::Impl::cuda_parallel_launch_local_memory<Kokkos::Impl::ParallelFor<K...
gh200,sm90,other,,4,0,0,no,1.0,1.0,1.0,void Kokkos::Impl::cuda_parallel_launch_local_memory<Kokkos::Impl::ParallelFor<K...
gh200,sm90,other,,4,0,0,no,1.0,1.0,1.0,void Kokkos::Impl::cuda_parallel_launch_local_memory<Kokkos::Impl::ParallelFor<K...
gh200,sm90,other,,4,0,0,no,1.0,1.0,1.0,void Kokkos::Impl::cuda_parallel_launch_local_memory<Kokkos::Impl::ParallelFor<K...
gh200,sm90,other,,4,0,0,no,1.0,1.0,1.0,void Kokkos::Impl::cuda_parallel_launch_local_memory<Kokkos::Impl::ParallelFor<K...
gh200,sm90,other,,4,0,0,no,1.0,1.0,1.0,void Kokkos::Impl::cuda_parallel_launch_local_memory<Kokkos::Impl::ParallelFor<K...
gh200,sm90,other,,4,0,0,no,1.0,1.0,1.0,void Kokkos::Impl::cuda_parallel_launch_local_memory<Kokkos::Impl::ParallelFor<K...
gh200,sm90,other,,4,0,0,no,1.0,1.0,1.0,void Kokkos::Impl::cuda_parallel_launch_local_memory<Kokkos::Impl::ParallelFor<K...
gh200,sm90,other,,4,0,0,no,1.0,1.0,1.0,void Kokkos::Impl::cuda_parallel_launch_local_memory<Kokkos::Impl::ParallelFor<K...
gh200,sm90,other,,4,0,0,no,1.0,1.0,1.0,void Kokkos::Impl::cuda_parallel_launch_local_memory<Kokkos::Impl::ParallelFor<K...
gh200,sm90,other,,4,0,0,no,1.0,1.0,1.0,void Kokkos::Impl::cuda_parallel_launch_local_memory<Kokkos::Impl::ParallelFor<K...
gh200,sm90,other,,4,0,0,no,1.0,1.0,1.0,void Kokkos::Impl::cuda_parallel_launch_local_memory<Kokkos::Impl::ParallelFor<K...
gh200,sm90,other,,4,0,0,no,1.0,1.0,1.0,void Kokkos::Impl::cuda_parallel_launch_local_memory<Kokkos::Impl::ParallelFor<K...
gh200,sm90,other,,4,0,0,no,1.0,1.0,1.0,void Kokkos::Impl::cuda_parallel_launch_local_memory<Kokkos::Impl::ParallelFor<K...
gh200,sm90,other,,4,0,0,no,1.0,1.0,1.0,void Kokkos::Impl::cuda_parallel_launch_local_memory<Kokkos::Impl::ParallelFor<K...
gh200,sm90,other,,4,0,0,no,1.0,1.0,1.0,void Kokkos::Impl::cuda_parallel_launch_local_memory<Kokkos::Impl::ParallelFor<K...
gh200,sm90,other,,4,0,0,no,1.0,1.0,1.0,void Kokkos::Impl::cuda_parallel_launch_local_memory<Kokkos::Impl::ParallelFor<K...
gh200,sm90,other,,4,0,0,no,1.0,1.0,1.0,void Kokkos::Impl::cuda_parallel_launch_local_memory<Kokkos::Impl::ParallelFor<K...
gh200,sm90,other,,4,0,0,no,1.0,1.0,1.0,void Kokkos::Impl::cuda_parallel_launch_local_memory<Kokkos::Impl::ParallelFor<K...
gh200,sm90,other,,4,0,0,no,1.0,1.0,1.0,void Kokkos::Impl::cuda_parallel_launch_local_memory<Kokkos::Impl::ParallelFor<K...
gh200,sm90,other,,4,1024,0,no,1.0,1.0,1.0,void Kokkos::Impl::cuda_parallel_launch_local_memory<Kokkos::Impl::ParallelFor<K...
gh200,sm90,other,,4,1024,0,no,1.0,1.0,1.0,void Kokkos::Impl::cuda_parallel_launch_local_memory<Kokkos::Impl::ParallelFor<K...
gh200,sm90,other,,4,1024,0,no,1.0,1.0,1.0,void Kokkos::Impl::cuda_parallel_launch_local_memory<Kokkos::Impl::ParallelFor<K...
gh200,sm90,other,,4,0,0,no,1.0,1.0,1.0,void Kokkos::Impl::cuda_parallel_launch_local_memory<Kokkos::Impl::ParallelFor<K...
gh200,sm90,other,,4,0,0,no,1.0,1.0,1.0,void Kokkos::Impl::cuda_parallel_launch_local_memory<Kokkos::Impl::ParallelFor<K...
gh200,sm90,other,,4,0,0,no,1.0,1.0,1.0,void Kokkos::Impl::cuda_parallel_launch_local_memory<Kokkos::Impl::ParallelFor<K...
gh200,sm90,other,,4,0,0,no,1.0,1.0,1.0,void Kokkos::Impl::cuda_parallel_launch_local_memory<Kokkos::Impl::ParallelFor<K...
gh200,sm90,other,,4,0,0,no,1.0,1.0,1.0,void Kokkos::Impl::cuda_parallel_launch_local_memory<Kokkos::Impl::ParallelFor<K...
gh200,sm90,other,,4,0,0,no,1.0,1.0,1.0,void Kokkos::Impl::cuda_parallel_launch_local_memory<Kokkos::Impl::ParallelFor<K...
gh200,sm90,other,,4,0,0,no,1.0,1.0,1.0,void Kokkos::Impl::cuda_parallel_launch_local_memory<Kokkos::Impl::ParallelFor<K...
gh200,sm90,other,,4,0,0,no,1.0,1.0,1.0,void Kokkos::Impl::cuda_parallel_launch_local_memory<Kokkos::Impl::ParallelFor<K...
gh200,sm90,other,,4,0,0,no,1.0,1.0,1.0,void Kokkos::Impl::cuda_parallel_launch_local_memory<Kokkos::Impl::ParallelFor<K...
gh200,sm90,other,,4,0,0,no,1.0,1.0,1.0,void Kokkos::Impl::cuda_parallel_launch_local_memory<Kokkos::Impl::ParallelFor<K...
gh200,sm90,other,,4,1024,0,no,1.0,1.0,1.0,void Kokkos::Impl::cuda_parallel_launch_local_memory<Kokkos::Impl::ParallelFor<K...
gh200,sm90,other,,4,1024,0,no,1.0,1.0,1.0,void Kokkos::Impl::cuda_parallel_launch_local_memory<Kokkos::Impl::ParallelFor<K...
gh200,sm90,other,,4,0,0,no,1.0,1.0,1.0,void Kokkos::Impl::cuda_parallel_launch_local_memory<Kokkos::Impl::ParallelFor<K...
gh200,sm90,other,,4,0,0,no,1.0,1.0,1.0,void Kokkos::Impl::cuda_parallel_launch_local_memory<Kokkos::Impl::ParallelFor<K...
gh200,sm90,other,,4,0,0,no,1.0,1.0,1.0,void Kokkos::Impl::cuda_parallel_launch_local_memory<Kokkos::Impl::ParallelFor<K...
gh200,sm90,other,,4,0,0,no,1.0,1.0,1.0,void Kokkos::Impl::cuda_parallel_launch_local_memory<Kokkos::Impl::ParallelFor<K...
gh200,sm90,other,,4,0,0,no,1.0,1.0,1.0,void Kokkos::Impl::cuda_parallel_launch_local_memory<Kokkos::Impl::ParallelFor<K...
gh200,sm90,other,,4,0,0,no,1.0,1.0,1.0,void Kokkos::Impl::cuda_parallel_launch_local_memory<Kokkos::Impl::ParallelFor<K...
gh200,sm90,other,,4,0,0,no,1.0,1.0,1.0,void Kokkos::Impl::cuda_parallel_launch_local_memory<Kokkos::Impl::ParallelFor<K...
gh200,sm90,other,,4,0,0,no,1.0,1.0,1.0,void Kokkos::Impl::cuda_parallel_launch_local_memory<Kokkos::Impl::ParallelFor<K...
gh200,sm90,other,,4,0,0,no,1.0,1.0,1.0,void Kokkos::Impl::cuda_parallel_launch_local_memory<Kokkos::Impl::ParallelFor<K...
gh200,sm90,other,,4,0,0,no,1.0,1.0,1.0,void Kokkos::Impl::cuda_parallel_launch_local_memory<Kokkos::Impl::ParallelFor<K...
gh200,sm90,other,,4,0,0,no,1.0,1.0,1.0,void Kokkos::Impl::cuda_parallel_launch_local_memory<Kokkos::Impl::ParallelFor<K...
gh200,sm90,other,,4,0,0,no,1.0,1.0,1.0,void Kokkos::Impl::cuda_parallel_launch_local_memory<Kokkos::Impl::ParallelFor<K...
gh200,sm90,other,,4,0,0,no,1.0,1.0,1.0,void Kokkos::Impl::cuda_parallel_launch_local_memory<Kokkos::Impl::ParallelFor<K...
gh200,sm90,other,,4,0,0,no,1.0,1.0,1.0,void Kokkos::Impl::cuda_parallel_launch_local_memory<Kokkos::Impl::ParallelFor<K...
gh200,sm90,other,,4,0,0,no,1.0,1.0,1.0,void Kokkos::Impl::cuda_parallel_launch_local_memory<Kokkos::Impl::ParallelFor<K...
gh200,sm90,other,,4,0,0,no,1.0,1.0,1.0,void Kokkos::Impl::cuda_parallel_launch_local_memory<Kokkos::Impl::ParallelFor<K...
gh200,sm90,other,,4,0,0,no,1.0,1.0,1.0,void Kokkos::Impl::cuda_parallel_launch_local_memory<Kokkos::Impl::ParallelFor<K...
gh200,sm90,other,,4,0,0,no,1.0,1.0,1.0,void Kokkos::Impl::cuda_parallel_launch_local_memory<Kokkos::Impl::ParallelFor<K...
gh200,sm90,other,,4,0,0,no,1.0,1.0,1.0,void Kokkos::Impl::cuda_parallel_launch_local_memory<Kokkos::Impl::ParallelFor<K...
gh200,sm90,other,,4,0,0,no,1.0,1.0,1.0,void Kokkos::Impl::cuda_parallel_launch_local_memory<Kokkos::Impl::ParallelFor<K...
gh200,sm90,other,,4,0,0,no,1.0,1.0,1.0,void Kokkos::Impl::cuda_parallel_launch_local_memory<Kokkos::Impl::ParallelFor<K...
gh200,sm90,other,,4,0,0,no,1.0,1.0,1.0,void Kokkos::Impl::cuda_parallel_launch_local_memory<Kokkos::Impl::ParallelFor<K...
gh200,sm90,other,,4,0,0,no,1.0,1.0,1.0,void Kokkos::Impl::cuda_parallel_launch_local_memory<Kokkos::Impl::ParallelFor<K...
gh200,sm90,other,,4,0,0,no,1.0,1.0,1.0,void Kokkos::Impl::cuda_parallel_launch_local_memory<Kokkos::Impl::ParallelFor<K...
