device,arch,kind,method,regs,shared_bytes,stack_bytes,spills,occ_bs128,occ_bs256,occ_bs512,kernel
b200,sm_100,hydro,CalculateFluxes,211,1040,0,no,0.125,0.125,0.0,CalculateFluxes
b200,sm_100,hydro,CalculateFluxes,198,1040,0,no,0.125,0.125,0.0,CalculateFluxes
b200,sm_100,hydro,CalculateFluxes,190,1040,0,no,0.125,0.125,0.0,CalculateFluxes
b200,sm_100,hydro,CalculateFluxes,189,1040,0,no,0.125,0.125,0.0,CalculateFluxes
b200,sm_100,hydro,CalculateFluxes,189,1040,0,no,0.125,0.125,0.0,CalculateFluxes
b200,sm_100,hydro,CalculateFluxes,189,1040,0,no,0.125,0.125,0.0,CalculateFluxes
b200,sm_100,hydro,CalculateFluxes,189,1040,0,no,0.125,0.125,0.0,CalculateFluxes
b200,sm_100,hydro,CalculateFluxes,178,1040,0,no,0.125,0.125,0.0,CalculateFluxes
b200,sm_100,hydro,CalculateFluxes,177,1040,0,no,0.125,0.125,0.0,CalculateFluxes
b200,sm_100,hydro,CalculateFluxes,142,1040,0,no,0.188,0.125,0.0,CalculateFluxes
b200,sm_100,hydro,CalculateFluxes,140,1040,0,no,0.188,0.125,0.0,CalculateFluxes
b200,sm_100,hydro,CalculateFluxes,134,1040,0,no,0.188,0.125,0.0,CalculateFluxes
b200,sm_100,hydro,CalculateFluxes,132,1040,0,no,0.188,0.125,0.0,CalculateFluxes
b200,sm_100,hydro,CalculateFluxes,132,1040,0,no,0.188,0.125,0.0,CalculateFluxes
b200,sm_100,hydro,CalculateFluxes,130,1040,0,no,0.188,0.125,0.0,CalculateFluxes
b200,sm_100,hydro,CalculateFluxes,130,1040,0,no,0.188,0.125,0.0,CalculateFluxes
b200,sm_100,hydro,CalculateFluxes,130,1040,0,no,0.188,0.125,0.0,CalculateFluxes
b200,sm_100,hydro,CalculateFluxes,126,1040,0,no,0.25,0.25,0.25,CalculateFluxes
b200,sm_100,hydro,CalculateFluxes,126,1040,0,no,0.25,0.25,0.25,CalculateFluxes
b200,sm_100,hydro,CalculateFluxes,126,1040,0,no,0.25,0.25,0.25,CalculateFluxes
b200,sm_100,hydro,CalculateFluxes,124,1040,0,no,0.25,0.25,0.25,CalculateFluxes
b200,sm_100,hydro,CalculateFluxes,122,1040,0,no,0.25,0.25,0.25,CalculateFluxes
b200,sm_100,sweep,FormalSolutionDiagonal,122,1040,0,no,0.25,0.25,0.25,FormalSolutionDiagonal
b200,sm_100,hydro,CalculateFluxes,120,1040,0,no,0.25,0.25,0.25,CalculateFluxes
b200,sm_100,hydro,CalculateFluxes,120,1040,0,no,0.25,0.25,0.25,CalculateFluxes
b200,sm_100,hydro,CalculateFluxes,120,1040,0,no,0.25,0.25,0.25,CalculateFluxes
b200,sm_100,hydro,CalculateFluxes,120,1040,0,no,0.25,0.25,0.25,CalculateFluxes
b200,sm_100,hydro,CalculateFluxes,118,1040,0,no,0.25,0.25,0.25,CalculateFluxes
b200,sm_100,hydro,CalculateFluxes,116,1040,0,no,0.25,0.25,0.25,CalculateFluxes
b200,sm_100,hydro,CalculateFluxes,114,1040,0,no,0.25,0.25,0.25,CalculateFluxes
b200,sm_100,hydro,CalculateFluxes,112,1040,0,no,0.25,0.25,0.25,CalculateFluxes
b200,sm_100,hydro,CalculateFluxes,111,1040,0,no,0.25,0.25,0.25,CalculateFluxes
b200,sm_100,hydro,CalculateFluxes,111,1040,0,no,0.25,0.25,0.25,CalculateFluxes
b200,sm_100,hydro,CalculateFluxes,111,1040,0,no,0.25,0.25,0.25,CalculateFluxes
b200,sm_100,hydro,CalculateFluxes,110,1040,0,no,0.25,0.25,0.25,CalculateFluxes
b200,sm_100,hydro,CalculateFluxes,108,1040,160,yes,0.25,0.25,0.25,CalculateFluxes
b200,sm_100,hydro,CalculateFluxes,108,1040,0,no,0.25,0.25,0.25,CalculateFluxes
b200,sm_100,hydro,CalculateFluxes,107,1040,0,no,0.25,0.25,0.25,CalculateFluxes
b200,sm_100,hydro,CalculateFluxes,106,1040,160,yes,0.25,0.25,0.25,CalculateFluxes
b200,sm_100,hydro,CalculateFluxes,106,1040,0,no,0.25,0.25,0.25,CalculateFluxes
b200,sm_100,hydro,CalculateFluxes,105,1040,0,no,0.25,0.25,0.25,CalculateFluxes
b200,sm_100,hydro,CalculateFluxes,104,1040,160,yes,0.25,0.25,0.25,CalculateFluxes
b200,sm_100,hydro,CalculateFluxes,104,1040,0,no,0.25,0.25,0.25,CalculateFluxes
b200,sm_100,hydro,CalculateFluxes,104,1040,0,no,0.25,0.25,0.25,CalculateFluxes
b200,sm_100,hydro,CalculateFluxes,104,1040,0,no,0.25,0.25,0.25,CalculateFluxes
b200,sm_100,hydro,CalculateFluxes,100,1040,0,no,0.25,0.25,0.25,CalculateFluxes
b200,sm_100,hydro,CalculateFluxes,96,1040,0,no,0.312,0.25,0.25,CalculateFluxes
b200,sm_100,hydro,CalculateFluxes,96,1040,0,no,0.312,0.25,0.25,CalculateFluxes
b200,sm_100,hydro,CalculateFluxes,96,1040,0,no,0.312,0.25,0.25,CalculateFluxes
b200,sm_100,hydro,CalculateFluxes,96,1040,0,no,0.312,0.25,0.25,CalculateFluxes
b200,sm_100,hydro,CalculateFluxes,96,1040,0,no,0.312,0.25,0.25,CalculateFluxes
b200,sm_100,hydro,CalculateFluxes,96,1040,0,no,0.312,0.25,0.25,CalculateFluxes
b200,sm_100,hydro,CalculateFluxes,96,1040,0,no,0.312,0.25,0.25,CalculateFluxes
b200,sm_100,hydro,CalculateFluxes,96,1040,0,no,0.312,0.25,0.25,CalculateFluxes
b200,sm_100,hydro,CalculateFluxes,94,1040,0,no,0.312,0.25,0.25,CalculateFluxes
b200,sm_100,sweep,SweepUpdateGS,76,1024,0,no,0.375,0.375,0.25,SweepUpdateGS
b200,sm_100,sweep,FormalSolutionJacobi,72,1024,0,no,0.438,0.375,0.25,FormalSolutionJacobi
b200,sm_100,sweep,FormalSolutionWavefront,72,1024,0,no,0.438,0.375,0.25,FormalSolutionWavefront
b200,sm_100,sweep,SweepUpdateGS,70,1024,0,no,0.438,0.375,0.25,SweepUpdateGS
b200,sm_100,sweep,FormalSolutionWavefront,58,1024,0,no,0.5,0.5,0.5,FormalSolutionWavefront
b200,sm_100,hydro,RKUpdate,56,1032,0,no,0.562,0.5,0.5,RKUpdate
b200,sm_100,hydro,CalculateFluxes,56,0,0,no,0.562,0.5,0.5,CalculateFluxes
b200,sm_100,sweep,FormalSolutionWavefront,56,1024,0,no,0.562,0.5,0.5,FormalSolutionWavefront
b200,sm_100,hydro,CalculateFluxes,54,0,0,no,0.562,0.5,0.5,CalculateFluxes
b200,sm_100,hydro,CalculateFluxes,54,0,0,no,0.562,0.5,0.5,CalculateFluxes
b200,sm_100,sweep,SweepUpdateGS,52,1024,0,no,0.562,0.5,0.5,SweepUpdateGS
b200,sm_100,hydro,RKUpdate,48,0,0,no,0.625,0.625,0.5,RKUpdate
b200,sm_100,sweep,SweepUpdateGS,47,1024,0,no,0.625,0.625,0.5,SweepUpdateGS
b200,sm_100,hydro,CalculateFluxes,45,0,0,no,0.625,0.625,0.5,CalculateFluxes
b200,sm_100,hydro,RKUpdate,40,1040,0,no,0.75,0.75,0.75,RKUpdate
b200,sm_100,hydro,RKUpdate,40,0,0,no,0.75,0.75,0.75,RKUpdate
b200,sm_100,hydro,RKUpdate,40,1040,0,no,0.75,0.75,0.75,RKUpdate
b200,sm_100,hydro,RKUpdate,40,0,0,no,0.75,0.75,0.75,RKUpdate
b200,sm_100,hydro,RKUpdate,25,0,0,no,1.0,1.0,1.0,RKUpdate
b200,sm_100,other,,255,1040,224,yes,0.125,0.125,0.0,void Kokkos::Impl::cuda_parallel_launch_constant_memory<Kokkos::Impl::ParallelFo...
b200,sm_100,other,,255,1040,240,yes,0.125,0.125,0.0,void Kokkos::Impl::cuda_parallel_launch_constant_memory<Kokkos::Impl::ParallelFo...
b200,sm_100,other,,255,1040,152,yes,0.125,0.125,0.0,void Kokkos::Impl::cuda_parallel_launch_constant_memory<Kokkos::Impl::ParallelFo...
b200,sm_100,other,,255,1040,224,yes,0.125,0.125,0.0,void Kokkos::Impl::cuda_parallel_launch_constant_memory<Kokkos::Impl::ParallelFo...
b200,sm_100,other,,255,1040,240,yes,0.125,0.125,0.0,void Kokkos::Impl::cuda_parallel_launch_constant_memory<Kokkos::Impl::ParallelFo...
b200,sm_100,other,,255,1040,160,yes,0.125,0.125,0.0,void Kokkos::Impl::cuda_parallel_launch_constant_memory<Kokkos::Impl::ParallelFo...
b200,sm_100,other,,255,1040,216,yes,0.125,0.125,0.0,void Kokkos::Impl::cuda_parallel_launch_constant_memory<Kokkos::Impl::ParallelFo...
b200,sm_100,other,,255,1040,200,yes,0.125,0.125,0.0,void Kokkos::Impl::cuda_parallel_launch_constant_memory<Kokkos::Impl::ParallelFo...
b200,sm_100,other,,255,1040,152,yes,0.125,0.125,0.0,void Kokkos::Impl::cuda_parallel_launch_constant_memory<Kokkos::Impl::ParallelFo...
b200,sm_100,other,,255,1040,224,yes,0.125,0.125,0.0,void Kokkos::Impl::cuda_parallel_launch_constant_memory<Kokkos::Impl::ParallelFo...
b200,sm_100,other,,255,1040,208,yes,0.125,0.125,0.0,void Kokkos::Impl::cuda_parallel_launch_constant_memory<Kokkos::Impl::ParallelFo...
b200,sm_100,other,,255,1040,152,yes,0.125,0.125,0.0,void Kokkos::Impl::cuda_parallel_launch_constant_memory<Kokkos::Impl::ParallelFo...
b200,sm_100,other,,255,1040,376,yes,0.125,0.125,0.0,void Kokkos::Impl::cuda_parallel_launch_constant_memory<Kokkos::Impl::ParallelFo...
b200,sm_100,other,,255,1040,328,yes,0.125,0.125,0.0,void Kokkos::Impl::cuda_parallel_launch_constant_memory<Kokkos::Impl::ParallelFo...
b200,sm_100,other,,255,1040,368,yes,0.125,0.125,0.0,void Kokkos::Impl::cuda_parallel_launch_constant_memory<Kokkos::Impl::ParallelFo...
b200,sm_100,other,,255,1040,320,yes,0.125,0.125,0.0,void Kokkos::Impl::cuda_parallel_launch_constant_memory<Kokkos::Impl::ParallelFo...
b200,sm_100,other,,255,1040,432,yes,0.125,0.125,0.0,void Kokkos::Impl::cuda_parallel_launch_constant_memory<Kokkos::Impl::ParallelFo...
b200,sm_100,other,,255,1040,400,yes,0.125,0.125,0.0,void Kokkos::Impl::cuda_parallel_launch_constant_memory<Kokkos::Impl::ParallelFo...
b200,sm_100,other,,255,1040,248,yes,0.125,0.125,0.0,void Kokkos::Impl::cuda_parallel_launch_constant_memory<Kokkos::Impl::ParallelFo...
b200,sm_100,other,,255,1040,432,yes,0.125,0.125,0.0,void Kokkos::Impl::cuda_parallel_launch_constant_memory<Kokkos::Impl::ParallelFo...
b200,sm_100,other,,255,1040,400,yes,0.125,0.125,0.0,void Kokkos::Impl::cuda_parallel_launch_constant_memory<Kokkos::Impl::ParallelFo...
b200,sm_100,other,,255,1040,248,yes,0.125,0.125,0.0,void Kokkos::Impl::cuda_parallel_launch_constant_memory<Kokkos::Impl::ParallelFo...
b200,sm_100,other,,255,1040,208,yes,0.125,0.125,0.0,void Kokkos::Impl::cuda_parallel_launch_constant_memory<Kokkos::Impl::ParallelFo...
b200,sm_100,other,,255,1040,192,yes,0.125,0.125,0.0,void Kokkos::Impl::cuda_parallel_launch_constant_memory<Kokkos::Impl::ParallelFo...
b200,sm_100,other,,255,1040,200,yes,0.125,0.125,0.0,void Kokkos::Impl::cuda_parallel_launch_constant_memory<Kokkos::Impl::ParallelFo...
b200,sm_100,other,,255,1040,184,yes,0.125,0.125,0.0,void Kokkos::Impl::cuda_parallel_launch_constant_memory<Kokkos::Impl::ParallelFo...
b200,sm_100,other,,255,1040,200,yes,0.125,0.125,0.0,void Kokkos::Impl::cuda_parallel_launch_constant_memory<Kokkos::Impl::ParallelFo...
b200,sm_100,other,,255,1040,200,yes,0.125,0.125,0.0,void Kokkos::Impl::cuda_parallel_launch_constant_memory<Kokkos::Impl::ParallelFo...
b200,sm_100,other,,255,1040,200,yes,0.125,0.125,0.0,void Kokkos::Impl::cuda_parallel_launch_constant_memory<Kokkos::Impl::ParallelFo...
b200,sm_100,other,,255,1040,200,yes,0.125,0.125,0.0,void Kokkos::Impl::cuda_parallel_launch_constant_memory<Kokkos::Impl::ParallelFo...
b200,sm_100,other,,255,0,224,yes,0.125,0.125,0.0,void Kokkos::Impl::cuda_parallel_launch_constant_memory<Kokkos::Impl::ParallelFo...
b200,sm_100,other,,255,1024,1184,yes,0.125,0.125,0.0,void Kokkos::Impl::cuda_parallel_launch_constant_memory<Kokkos::Impl::ParallelFo...
b200,sm_100,other,,255,0,1024,yes,0.125,0.125,0.0,void Kokkos::Impl::cuda_parallel_launch_constant_memory<Kokkos::Impl::ParallelFo...
b200,sm_100,other,,255,0,3240,yes,0.125,0.125,0.0,void Kokkos::Impl::cuda_parallel_launch_constant_memory<Kokkos::Impl::ParallelFo...
b200,sm_100,other,,255,0,2576,yes,0.125,0.125,0.0,void Kokkos::Impl::cuda_parallel_launch_constant_memory<Kokkos::Impl::ParallelFo...
b200,sm_100,other,,255,0,1544,yes,0.125,0.125,0.0,void Kokkos::Impl::cuda_parallel_launch_constant_memory<Kokkos::Impl::ParallelFo...
b200,sm_100,other,,255,0,1816,yes,0.125,0.125,0.0,void Kokkos::Impl::cuda_parallel_launch_constant_memory<Kokkos::Impl::ParallelFo...
b200,sm_100,other,,254,1040,144,yes,0.125,0.125,0.0,void Kokkos::Impl::cuda_parallel_launch_constant_memory<Kokkos::Impl::ParallelFo...
b200,sm_100,other,,254,0,1280,yes,0.125,0.125,0.0,void Kokkos::Impl::cuda_parallel_launch_constant_memory<Kokkos::Impl::ParallelFo...
b200,sm_100,other,,254,0,1952,yes,0.125,0.125,0.0,void Kokkos::Impl::cuda_parallel_launch_constant_memory<Kokkos::Impl::ParallelFo...
b200,sm_100,other,,254,0,1792,yes,0.125,0.125,0.0,void Kokkos::Impl::cuda_parallel_launch_constant_memory<Kokkos::Impl::ParallelFo...
b200,sm_100,other,,248,1040,144,yes,0.125,0.125,0.0,void Kokkos::Impl::cuda_parallel_launch_constant_memory<Kokkos::Impl::ParallelFo...
b200,sm_100,other,,246,1040,240,yes,0.125,0.125,0.0,void Kokkos::Impl::cuda_parallel_launch_constant_memory<Kokkos::Impl::ParallelFo...
b200,sm_100,other,,244,1040,240,yes,0.125,0.125,0.0,void Kokkos::Impl::cuda_parallel_launch_constant_memory<Kokkos::Impl::ParallelFo...
b200,sm_100,other,,244,1040,144,yes,0.125,0.125,0.0,void Kokkos::Impl::cuda_parallel_launch_constant_memory<Kokkos::Impl::ParallelFo...
b200,sm_100,other,,242,1040,144,yes,0.125,0.125,0.0,void Kokkos::Impl::cuda_parallel_launch_constant_memory<Kokkos::Impl::ParallelFo...
b200,sm_100,other,,238,1024,288,yes,0.125,0.125,0.0,void Kokkos::Impl::cuda_parallel_launch_constant_memory<Kokkos::Impl::ParallelFo...
b200,sm_100,other,,236,1024,288,yes,0.125,0.125,0.0,void Kokkos::Impl::cuda_parallel_launch_constant_memory<Kokkos::Impl::ParallelFo...
b200,sm_100,other,,236,1024,288,yes,0.125,0.125,0.0,void Kokkos::Impl::cuda_parallel_launch_constant_memory<Kokkos::Impl::ParallelFo...
b200,sm_100,other,,234,1024,288,yes,0.125,0.125,0.0,void Kokkos::Impl::cuda_parallel_launch_constant_memory<Kokkos::Impl::ParallelFo...
b200,sm_100,other,,234,1024,288,yes,0.125,0.125,0.0,void Kokkos::Impl::cuda_parallel_launch_constant_memory<Kokkos::Impl::ParallelFo...
b200,sm_100,other,,234,1024,384,yes,0.125,0.125,0.0,void Kokkos::Impl::cuda_parallel_launch_constant_memory<Kokkos::Impl::ParallelFo...
b200,sm_100,other,,232,1024,288,yes,0.125,0.125,0.0,void Kokkos::Impl::cuda_parallel_launch_constant_memory<Kokkos::Impl::ParallelFo...
b200,sm_100,other,,232,1024,384,yes,0.125,0.125,0.0,void Kokkos::Impl::cuda_parallel_launch_constant_memory<Kokkos::Impl::ParallelFo...
b200,sm_100,other,,230,1024,384,yes,0.125,0.125,0.0,void Kokkos::Impl::cuda_parallel_launch_constant_memory<Kokkos::Impl::ParallelFo...
b200,sm_100,other,,228,1024,288,yes,0.125,0.125,0.0,void Kokkos::Impl::cuda_parallel_launch_constant_memory<Kokkos::Impl::ParallelFo...
b200,sm_100,other,,228,1024,288,yes,0.125,0.125,0.0,void Kokkos::Impl::cuda_parallel_launch_constant_memory<Kokkos::Impl::ParallelFo...
b200,sm_100,other,,228,1024,384,yes,0.125,0.125,0.0,void Kokkos::Impl::cuda_parallel_launch_constant_memory<Kokkos::Impl::ParallelFo...
b200,sm_100,other,,228,1024,288,yes,0.125,0.125,0.0,void Kokkos::Impl::cuda_parallel_launch_constant_memory<Kokkos::Impl::ParallelFo...
b200,sm_100,other,,226,1024,384,yes,0.125,0.125,0.0,void Kokkos::Impl::cuda_parallel_launch_constant_memory<Kokkos::Impl::ParallelFo...
b200,sm_100,other,,226,1024,384,yes,0.125,0.125,0.0,void Kokkos::Impl::cuda_parallel_launch_constant_memory<Kokkos::Impl::ParallelFo...
b200,sm_100,other,,226,1024,288,yes,0.125,0.125,0.0,void Kokkos::Impl::cuda_parallel_launch_constant_memory<Kokkos::Impl::ParallelFo...
b200,sm_100,other,,224,1024,752,yes,0.125,0.125,0.0,void Kokkos::Impl::cuda_parallel_launch_constant_memory<Kokkos::Impl::ParallelRe...
b200,sm_100,other,,224,1024,288,yes,0.125,0.125,0.0,void Kokkos::Impl::cuda_parallel_launch_constant_memory<Kokkos::Impl::ParallelFo...
b200,sm_100,other,,224,1024,288,yes,0.125,0.125,0.0,void Kokkos::Impl::cuda_parallel_launch_constant_memory<Kokkos::Impl::ParallelFo...
b200,sm_100,other,,224,1024,752,yes,0.125,0.125,0.0,void Kokkos::Impl::cuda_parallel_launch_constant_memory<Kokkos::Impl::ParallelRe...
b200,sm_100,other,,218,1024,384,yes,0.125,0.125,0.0,void Kokkos::Impl::cuda_parallel_launch_constant_memory<Kokkos::Impl::ParallelFo...
b200,sm_100,other,,216,1024,384,yes,0.125,0.125,0.0,void Kokkos::Impl::cuda_parallel_launch_constant_memory<Kokkos::Impl::ParallelFo...
b200,sm_100,other,,216,1024,288,yes,0.125,0.125,0.0,void Kokkos::Impl::cuda_parallel_launch_constant_memory<Kokkos::Impl::ParallelFo...
b200,sm_100,other,,216,1024,288,yes,0.125,0.125,0.0,void Kokkos::Impl::cuda_parallel_launch_constant_memory<Kokkos::Impl::ParallelFo...
b200,sm_100,other,,214,0,0,no,0.125,0.125,0.0,void Kokkos::Impl::cuda_parallel_launch_constant_memory<Kokkos::Impl::ParallelFo...
b200,sm_100,other,,212,0,0,no,0.125,0.125,0.0,void Kokkos::Impl::cuda_parallel_launch_constant_memory<Kokkos::Impl::ParallelFo...
b200,sm_100,other,,206,1024,288,yes,0.125,0.125,0.0,void Kokkos::Impl::cuda_parallel_launch_constant_memory<Kokkos::Impl::ParallelFo...
b200,sm_100,other,,206,1024,288,yes,0.125,0.125,0.0,void Kokkos::Impl::cuda_parallel_launch_constant_memory<Kokkos::Impl::ParallelFo...
b200,sm_100,other,,193,1024,528,yes,0.125,0.125,0.0,void Kokkos::Impl::cuda_parallel_launch_constant_memory<Kokkos::Impl::ParallelRe...
b200,sm_100,other,,193,1024,528,yes,0.125,0.125,0.0,void Kokkos::Impl::cuda_parallel_launch_constant_memory<Kokkos::Impl::ParallelRe...
b200,sm_100,other,,190,0,0,no,0.125,0.125,0.0,void Kokkos::Impl::cuda_parallel_launch_constant_memory<Kokkos::Impl::ParallelFo...
b200,sm_100,other,,186,1024,576,yes,0.125,0.125,0.0,void Kokkos::Impl::cuda_parallel_launch_constant_memory<Kokkos::Impl::ParallelRe...
b200,sm_100,other,,186,1024,528,yes,0.125,0.125,0.0,void Kokkos::Impl::cuda_parallel_launch_constant_memory<Kokkos::Impl::ParallelRe...
b200,sm_100,other,,186,1024,576,yes,0.125,0.125,0.0,void Kokkos::Impl::cuda_parallel_launch_constant_memory<Kokkos::Impl::ParallelRe...
b200,sm_100,other,,186,1024,528,yes,0.125,0.125,0.0,void Kokkos::Impl::cuda_parallel_launch_constant_memory<Kokkos::Impl::ParallelRe...
b200,sm_100,other,,186,0,992,yes,0.125,0.125,0.0,void Kokkos::Impl::cuda_parallel_launch_constant_memory<Kokkos::Impl::ParallelFo...
b200,sm_100,other,,182,1024,528,yes,0.125,0.125,0.0,void Kokkos::Impl::cuda_parallel_launch_constant_memory<Kokkos::Impl::ParallelRe...
b200,sm_100,other,,182,1024,528,yes,0.125,0.125,0.0,void Kokkos::Impl::cuda_parallel_launch_constant_memory<Kokkos::Impl::ParallelRe...
b200,sm_100,other,,182,1024,40,yes,0.125,0.125,0.0,void Kokkos::Impl::cuda_parallel_launch_constant_memory<Kokkos::Impl::ParallelFo...
b200,sm_100,other,,177,1024,528,yes,0.125,0.125,0.0,void Kokkos::Impl::cuda_parallel_launch_constant_memory<Kokkos::Impl::ParallelRe...
b200,sm_100,other,,177,1024,528,yes,0.125,0.125,0.0,void Kokkos::Impl::cuda_parallel_launch_constant_memory<Kokkos::Impl::ParallelRe...
b200,sm_100,other,,176,0,992,yes,0.125,0.125,0.0,void Kokkos::Impl::cuda_parallel_launch_constant_memory<Kokkos::Impl::ParallelFo...
b200,sm_100,other,,164,1024,328,yes,0.188,0.125,0.0,void Kokkos::Impl::cuda_parallel_launch_constant_memory<Kokkos::Impl::ParallelRe...
b200,sm_100,other,,150,0,0,no,0.188,0.125,0.0,void Kokkos::Impl::cuda_parallel_launch_constant_memory<Kokkos::Impl::ParallelFo...
b200,sm_100,other,,148,1024,592,yes,0.188,0.125,0.0,void Kokkos::Impl::cuda_parallel_launch_constant_memory<Kokkos::Impl::ParallelFo...
b200,sm_100,other,,146,1024,592,yes,0.188,0.125,0.0,void Kokkos::Impl::cuda_parallel_launch_constant_memory<Kokkos::Impl::ParallelFo...
b200,sm_100,other,,146,0,0,no,0.188,0.125,0.0,void Kokkos::Impl::cuda_parallel_launch_constant_memory<Kokkos::Impl::ParallelFo...
b200,sm_100,other,,144,0,0,no,0.188,0.125,0.0,void Kokkos::Impl::cuda_parallel_launch_constant_memory<Kokkos::Impl::ParallelFo...
b200,sm_100,other,,144,1024,512,yes,0.188,0.125,0.0,void Kokkos::Impl::cuda_parallel_launch_constant_memory<Kokkos::Impl::ParallelFo...
b200,sm_100,other,,142,1024,592,yes,0.188,0.125,0.0,void Kokkos::Impl::cuda_parallel_launch_constant_memory<Kokkos::Impl::ParallelFo...
b200,sm_100,other,,140,1024,592,yes,0.188,0.125,0.0,void Kokkos::Impl::cuda_parallel_launch_constant_memory<Kokkos::Impl::ParallelFo...
b200,sm_100,other,,140,0,0,no,0.188,0.125,0.0,void Kokkos::Impl::cuda_parallel_launch_constant_memory<Kokkos::Impl::ParallelFo...
b200,sm_100,other,,138,1024,592,yes,0.188,0.125,0.0,void Kokkos::Impl::cuda_parallel_launch_constant_memory<Kokkos::Impl::ParallelFo...
b200,sm_100,other,,138,1024,512,yes,0.188,0.125,0.0,void Kokkos::Impl::cuda_parallel_launch_constant_memory<Kokkos::Impl::ParallelFo...
b200,sm_100,other,,136,1024,512,yes,0.188,0.125,0.0,void Kokkos::Impl::cuda_parallel_launch_constant_memory<Kokkos::Impl::ParallelFo...
b200,sm_100,other,,134,1024,592,yes,0.188,0.125,0.0,void Kokkos::Impl::cuda_parallel_launch_constant_memory<Kokkos::Impl::ParallelFo...
b200,sm_100,other,,134,1024,688,yes,0.188,0.125,0.0,void Kokkos::Impl::cuda_parallel_launch_constant_memory<Kokkos::Impl::ParallelFo...
b200,sm_100,other,,130,1024,240,yes,0.188,0.125,0.0,void Kokkos::Impl::cuda_parallel_launch_constant_memory<Kokkos::Impl::ParallelFo...
b200,sm_100,other,,128,1024,512,yes,0.25,0.25,0.25,void Kokkos::Impl::cuda_parallel_launch_constant_memory<Kokkos::Impl::ParallelFo...
b200,sm_100,other,,128,1024,240,yes,0.25,0.25,0.25,void Kokkos::Impl::cuda_parallel_launch_constant_memory<Kokkos::Impl::ParallelFo...
b200,sm_100,other,,128,1024,0,no,0.25,0.25,0.25,void Kokkos::Impl::cuda_parallel_launch_constant_memory<Kokkos::Impl::ParallelRe...
b200,sm_100,other,,128,1032,0,no,0.25,0.25,0.25,void Kokkos::Impl::cuda_parallel_launch_constant_memory<Kokkos::Impl::ParallelFo...
b200,sm_100,other,,124,1024,0,no,0.25,0.25,0.25,void Kokkos::Impl::cuda_parallel_launch_constant_memory<Kokkos::Impl::ParallelRe...
b200,sm_100,other,,124,0,0,no,0.25,0.25,0.25,void Kokkos::Impl::cuda_parallel_launch_constant_memory<Kokkos::Impl::ParallelFo...
b200,sm_100,other,,122,0,0,no,0.25,0.25,0.25,void Kokkos::Impl::cuda_parallel_launch_constant_memory<Kokkos::Impl::ParallelFo...
b200,sm_100,other,,120,1032,0,no,0.25,0.25,0.25,void Kokkos::Impl::cuda_parallel_launch_global_memory<Kokkos::Impl::ParallelFor<...
b200,sm_100,other,,116,1024,208,yes,0.25,0.25,0.25,void Kokkos::Impl::cuda_parallel_launch_constant_memory<Kokkos::Impl::ParallelFo...
b200,sm_100,other,,116,1024,0,no,0.25,0.25,0.25,void Kokkos::Impl::cuda_parallel_launch_constant_memory<Kokkos::Impl::ParallelRe...
b200,sm_100,other,,112,1024,512,yes,0.25,0.25,0.25,void Kokkos::Impl::cuda_parallel_launch_constant_memory<Kokkos::Impl::ParallelFo...
b200,sm_100,other,,112,1024,512,yes,0.25,0.25,0.25,void Kokkos::Impl::cuda_parallel_launch_constant_memory<Kokkos::Impl::ParallelFo...
b200,sm_100,other,,110,1024,512,yes,0.25,0.25,0.25,void Kokkos::Impl::cuda_parallel_launch_constant_memory<Kokkos::Impl::ParallelFo...
b200,sm_100,other,,108,1024,40,yes,0.25,0.25,0.25,void Kokkos::Impl::cuda_parallel_launch_constant_memory<Kokkos::Impl::ParallelFo...
b200,sm_100,other,,106,1032,0,no,0.25,0.25,0.25,void Kokkos::Impl::cuda_parallel_launch_global_memory<Kokkos::Impl::ParallelFor<...
b200,sm_100,other,,106,0,0,no,0.25,0.25,0.25,void Kokkos::Impl::cuda_parallel_launch_local_memory<Kokkos::Impl::ParallelFor<p...
b200,sm_100,other,,106,1024,512,yes,0.25,0.25,0.25,void Kokkos::Impl::cuda_parallel_launch_constant_memory<Kokkos::Impl::ParallelFo...
b200,sm_100,other,,106,0,0,no,0.25,0.25,0.25,void Kokkos::Impl::cuda_parallel_launch_constant_memory<Kokkos::Impl::ParallelFo...
b200,sm_100,other,,104,0,0,no,0.25,0.25,0.25,void Kokkos::Impl::cuda_parallel_launch_local_memory<Kokkos::Impl::ParallelFor<p...
b200,sm_100,other,,104,1024,512,yes,0.25,0.25,0.25,void Kokkos::Impl::cuda_parallel_launch_constant_memory<Kokkos::Impl::ParallelFo...
b200,sm_100,other,,104,1024,208,yes,0.25,0.25,0.25,void Kokkos::Impl::cuda_parallel_launch_constant_memory<Kokkos::Impl::ParallelFo...
b200,sm_100,other,,104,1024,208,yes,0.25,0.25,0.25,void Kokkos::Impl::cuda_parallel_launch_constant_memory<Kokkos::Impl::ParallelFo...
b200,sm_100,other,,104,1024,160,yes,0.25,0.25,0.25,void Kokkos::Impl::cuda_parallel_launch_constant_memory<Kokkos::Impl::ParallelRe...
b200,sm_100,other,,104,0,0,no,0.25,0.25,0.25,void Kokkos::Impl::cuda_parallel_launch_constant_memory<Kokkos::Impl::ParallelFo...
b200,sm_100,other,,104,0,0,no,0.25,0.25,0.25,void Kokkos::Impl::cuda_parallel_launch_constant_memory<Kokkos::Impl::ParallelFo...
b200,sm_100,other,,104,0,208,yes,0.25,0.25,0.25,void Kokkos::Impl::cuda_parallel_launch_constant_memory<Kokkos::Impl::ParallelFo...
b200,sm_100,other,,102,1024,512,yes,0.25,0.25,0.25,void Kokkos::Impl::cuda_parallel_launch_constant_memory<Kokkos::Impl::ParallelFo...
b200,sm_100,other,,102,1024,512,yes,0.25,0.25,0.25,void Kokkos::Impl::cuda_parallel_launch_constant_memory<Kokkos::Impl::ParallelFo...
b200,sm_100,other,,102,1024,208,yes,0.25,0.25,0.25,void Kokkos::Impl::cuda_parallel_launch_constant_memory<Kokkos::Impl::ParallelFo...
b200,sm_100,other,,102,1024,160,yes,0.25,0.25,0.25,void Kokkos::Impl::cuda_parallel_launch_constant_memory<Kokkos::Impl::ParallelRe...
b200,sm_100,other,,100,1024,512,yes,0.25,0.25,0.25,void Kokkos::Impl::cuda_parallel_launch_constant_memory<Kokkos::Impl::ParallelFo...
b200,sm_100,other,,96,1024,0,no,0.312,0.25,0.25,void Kokkos::Impl::cuda_parallel_launch_constant_memory<Kokkos::Impl::ParallelRe...
b200,sm_100,other,,96,1024,112,yes,0.312,0.25,0.25,void Kokkos::Impl::cuda_parallel_launch_constant_memory<Kokkos::Impl::ParallelRe...
b200,sm_100,other,,94,0,40,yes,0.312,0.25,0.25,void Kokkos::Impl::cuda_parallel_launch_constant_memory<Kokkos::Impl::ParallelFo...
b200,sm_100,other,,92,1024,160,yes,0.312,0.25,0.25,void Kokkos::Impl::cuda_parallel_launch_local_memory<Kokkos::Impl::ParallelReduc...
b200,sm_100,other,,92,1024,160,yes,0.312,0.25,0.25,void Kokkos::Impl::cuda_parallel_launch_local_memory<Kokkos::Impl::ParallelReduc...
b200,sm_100,other,,92,1024,200,yes,0.312,0.25,0.25,void Kokkos::Impl::cuda_parallel_launch_local_memory<Kokkos::Impl::ParallelReduc...
b200,sm_100,other,,90,1032,0,no,0.312,0.25,0.25,void Kokkos::Impl::cuda_parallel_launch_global_memory<Kokkos::Impl::ParallelFor<...
b200,sm_100,other,,90,0,0,no,0.312,0.25,0.25,void Kokkos::Impl::cuda_parallel_launch_local_memory<Kokkos::Impl::ParallelFor<p...
b200,sm_100,other,,88,0,144,yes,0.312,0.25,0.25,void Kokkos::Impl::cuda_parallel_launch_local_memory<Kokkos::Impl::ParallelFor<p...
b200,sm_100,other,,86,0,0,no,0.312,0.25,0.25,void Kokkos::Impl::cuda_parallel_launch_local_memory<Kokkos::Impl::ParallelFor<p...
b200,sm_100,other,,86,0,0,no,0.312,0.25,0.25,void Kokkos::Impl::cuda_parallel_launch_local_memory<Kokkos::Impl::ParallelFor<p...
b200,sm_100,other,,84,1024,0,no,0.312,0.25,0.25,void Kokkos::Impl::cuda_parallel_launch_constant_memory<Kokkos::Impl::ParallelRe...
b200,sm_100,other,,84,1024,112,yes,0.312,0.25,0.25,void Kokkos::Impl::cuda_parallel_launch_constant_memory<Kokkos::Impl::ParallelRe...
b200,sm_100,other,,84,1024,0,no,0.312,0.25,0.25,void Kokkos::Impl::cuda_parallel_launch_local_memory<Kokkos::Impl::ParallelFor<p...
b200,sm_100,other,,82,1024,0,no,0.312,0.25,0.25,void Kokkos::Impl::cuda_parallel_launch_local_memory<Kokkos::Impl::ParallelFor<p...
b200,sm_100,other,,80,0,0,no,0.375,0.375,0.25,void Kokkos::Impl::cuda_parallel_launch_local_memory<Kokkos::Impl::ParallelFor<K...
b200,sm_100,other,,80,0,0,no,0.375,0.375,0.25,void Kokkos::Impl::cuda_parallel_launch_local_memory<Kokkos::Impl::ParallelFor<p...
b200,sm_100,other,,80,1024,160,yes,0.375,0.375,0.25,void Kokkos::Impl::cuda_parallel_launch_local_memory<Kokkos::Impl::ParallelReduc...
b200,sm_100,other,,80,1024,160,yes,0.375,0.375,0.25,void Kokkos::Impl::cuda_parallel_launch_local_memory<Kokkos::Impl::ParallelReduc...
b200,sm_100,other,,80,0,0,no,0.375,0.375,0.25,void Kokkos::Impl::cuda_parallel_launch_local_memory<Kokkos::Impl::ParallelFor<K...
b200,sm_100,other,,80,0,0,no,0.375,0.375,0.25,void Kokkos::Impl::cuda_parallel_launch_local_memory<Kokkos::Impl::ParallelFor<p...
b200,sm_100,other,,78,1032,0,no,0.375,0.375,0.25,void Kokkos::Impl::cuda_parallel_launch_global_memory<Kokkos::Impl::ParallelFor<...
b200,sm_100,other,,78,0,0,no,0.375,0.375,0.25,void Kokkos::Impl::cuda_parallel_launch_constant_memory<Kokkos::Impl::ParallelFo...
b200,sm_100,other,,78,1040,0,no,0.375,0.375,0.25,void Kokkos::Impl::cuda_parallel_launch_constant_memory<Kokkos::Impl::ParallelFo...
b200,sm_100,other,,76,0,0,no,0.375,0.375,0.25,void Kokkos::Impl::cuda_parallel_launch_constant_memory<Kokkos::Impl::ParallelFo...
b200,sm_100,other,,76,0,40,yes,0.375,0.375,0.25,void Kokkos::Impl::cuda_parallel_launch_constant_memory<Kokkos::Impl::ParallelFo...
b200,sm_100,other,,76,0,0,no,0.375,0.375,0.25,void Kokkos::Impl::cuda_parallel_launch_constant_memory<Kokkos::Impl::ParallelFo...
b200,sm_100,other,,74,0,0,no,0.375,0.375,0.25,void Kokkos::Impl::cuda_parallel_launch_local_memory<Kokkos::Impl::ParallelFor<p...
b200,sm_100,other,,74,0,0,no,0.375,0.375,0.25,void Kokkos::Impl::cuda_parallel_launch_local_memory<Kokkos::Impl::ParallelFor<p...
b200,sm_100,other,,72,1032,0,no,0.438,0.375,0.25,void Kokkos::Impl::cuda_parallel_launch_global_memory<Kokkos::Impl::ParallelFor<...
b200,sm_100,other,,72,1032,0,no,0.438,0.375,0.25,void Kokkos::Impl::cuda_parallel_launch_global_memory<Kokkos::Impl::ParallelFor<...
b200,sm_100,other,,72,0,0,no,0.438,0.375,0.25,void Kokkos::Impl::cuda_parallel_launch_local_memory<Kokkos::Impl::ParallelFor<K...
b200,sm_100,other,,72,1024,160,yes,0.438,0.375,0.25,void Kokkos::Impl::cuda_parallel_launch_constant_memory<Kokkos::Impl::ParallelRe...
b200,sm_100,other,,72,1024,160,yes,0.438,0.375,0.25,void Kokkos::Impl::cuda_parallel_launch_constant_memory<Kokkos::Impl::ParallelRe...
b200,sm_100,other,,72,1024,40,yes,0.438,0.375,0.25,void Kokkos::Impl::cuda_parallel_launch_constant_memory<Kokkos::Impl::ParallelFo...
b200,sm_100,other,,72,0,0,no,0.438,0.375,0.25,void Kokkos::Impl::cuda_parallel_launch_local_memory<Kokkos::Impl::ParallelFor<K...
b200,sm_100,other,,72,0,0,no,0.438,0.375,0.25,void Kokkos::Impl::cuda_parallel_launch_local_memory<Kokkos::Impl::ParallelFor<p...
b200,sm_100,other,,72,0,0,no,0.438,0.375,0.25,void Kokkos::Impl::cuda_parallel_launch_constant_memory<Kokkos::Impl::ParallelFo...
b200,sm_100,other,,70,0,0,no,0.438,0.375,0.25,void Kokkos::Impl::cuda_parallel_launch_local_memory<Kokkos::Impl::ParallelFor<p...
b200,sm_100,other,,70,1024,40,yes,0.438,0.375,0.25,void Kokkos::Impl::cuda_parallel_launch_constant_memory<Kokkos::Impl::ParallelFo...
b200,sm_100,other,,70,0,40,yes,0.438,0.375,0.25,void Kokkos::Impl::cuda_parallel_launch_constant_memory<Kokkos::Impl::ParallelFo...
b200,sm_100,other,,68,0,0,no,0.438,0.375,0.25,void Kokkos::Impl::cuda_parallel_launch_local_memory<Kokkos::Impl::ParallelFor<p...
b200,sm_100,other,,68,0,40,yes,0.438,0.375,0.25,void Kokkos::Impl::cuda_parallel_launch_constant_memory<Kokkos::Impl::ParallelFo...
b200,sm_100,other,,66,1024,0,no,0.438,0.375,0.25,void Kokkos::Impl::cuda_parallel_launch_local_memory<Kokkos::Impl::ParallelReduc...
b200,sm_100,other,,66,1024,80,yes,0.438,0.375,0.25,void Kokkos::Impl::cuda_parallel_launch_constant_memory<Kokkos::Impl::ParallelRe...
b200,sm_100,other,,64,1032,0,no,0.5,0.5,0.5,void Kokkos::Impl::cuda_parallel_launch_global_memory<Kokkos::Impl::ParallelFor<...
b200,sm_100,other,,64,0,0,no,0.5,0.5,0.5,void Kokkos::Impl::cuda_parallel_launch_local_memory<Kokkos::Impl::ParallelFor<p...
b200,sm_100,other,,64,1040,0,no,0.5,0.5,0.5,void Kokkos::Impl::cuda_parallel_launch_local_memory<Kokkos::Impl::ParallelFor<p...
b200,sm_100,other,,64,1040,0,no,0.5,0.5,0.5,void Kokkos::Impl::cuda_parallel_launch_local_memory<Kokkos::Impl::ParallelFor<p...
b200,sm_100,other,,64,1024,96,yes,0.5,0.5,0.5,void Kokkos::Impl::cuda_parallel_launch_constant_memory<Kokkos::Impl::ParallelFo...
b200,sm_100,other,,64,1024,0,no,0.5,0.5,0.5,void Kokkos::Impl::cuda_parallel_launch_constant_memory<Kokkos::Impl::ParallelFo...
b200,sm_100,other,,64,1024,72,yes,0.5,0.5,0.5,void Kokkos::Impl::cuda_parallel_launch_local_memory<Kokkos::Impl::ParallelFor<p...
b200,sm_100,other,,64,1024,72,yes,0.5,0.5,0.5,void Kokkos::Impl::cuda_parallel_launch_local_memory<Kokkos::Impl::ParallelFor<p...
b200,sm_100,other,,64,1024,72,yes,0.5,0.5,0.5,void Kokkos::Impl::cuda_parallel_launch_local_memory<Kokkos::Impl::ParallelFor<p...
b200,sm_100,other,,64,1024,72,yes,0.5,0.5,0.5,void Kokkos::Impl::cuda_parallel_launch_local_memory<Kokkos::Impl::ParallelFor<p...
b200,sm_100,other,,64,1024,72,yes,0.5,0.5,0.5,void Kokkos::Impl::cuda_parallel_launch_local_memory<Kokkos::Impl::ParallelFor<p...
b200,sm_100,other,,64,1024,72,yes,0.5,0.5,0.5,void Kokkos::Impl::cuda_parallel_launch_local_memory<Kokkos::Impl::ParallelFor<p...
b200,sm_100,other,,64,1024,72,yes,0.5,0.5,0.5,void Kokkos::Impl::cuda_parallel_launch_local_memory<Kokkos::Impl::ParallelFor<p...
b200,sm_100,other,,64,1024,72,yes,0.5,0.5,0.5,void Kokkos::Impl::cuda_parallel_launch_local_memory<Kokkos::Impl::ParallelFor<p...
b200,sm_100,other,,64,1024,72,yes,0.5,0.5,0.5,void Kokkos::Impl::cuda_parallel_launch_local_memory<Kokkos::Impl::ParallelFor<p...
b200,sm_100,other,,64,1024,72,yes,0.5,0.5,0.5,void Kokkos::Impl::cuda_parallel_launch_local_memory<Kokkos::Impl::ParallelFor<p...
b200,sm_100,other,,64,1024,72,yes,0.5,0.5,0.5,void Kokkos::Impl::cuda_parallel_launch_local_memory<Kokkos::Impl::ParallelFor<p...
b200,sm_100,other,,64,1024,72,yes,0.5,0.5,0.5,void Kokkos::Impl::cuda_parallel_launch_local_memory<Kokkos::Impl::ParallelFor<p...
b200,sm_100,other,,64,1024,0,no,0.5,0.5,0.5,void Kokkos::Impl::cuda_parallel_launch_local_memory<Kokkos::Impl::ParallelFor<p...
b200,sm_100,other,,64,0,0,no,0.5,0.5,0.5,void Kokkos::Impl::cuda_parallel_launch_local_memory<Kokkos::Impl::ParallelFor<K...
b200,sm_100,other,,64,0,0,no,0.5,0.5,0.5,void Kokkos::Impl::cuda_parallel_launch_local_memory<Kokkos::Impl::ParallelFor<K...
b200,sm_100,other,,64,0,0,no,0.5,0.5,0.5,void Kokkos::Impl::cuda_parallel_launch_local_memory<Kokkos::Impl::ParallelFor<p...
b200,sm_100,other,,64,0,0,no,0.5,0.5,0.5,void Kokkos::Impl::cuda_parallel_launch_local_memory<Kokkos::Impl::ParallelFor<K...
b200,sm_100,other,,64,0,0,no,0.5,0.5,0.5,void Kokkos::Impl::cuda_parallel_launch_local_memory<Kokkos::Impl::ParallelFor<p...
b200,sm_100,other,,64,0,0,no,0.5,0.5,0.5,void Kokkos::Impl::cuda_parallel_launch_local_memory<Kokkos::Impl::ParallelFor<K...
b200,sm_100,other,,64,0,0,no,0.5,0.5,0.5,void Kokkos::Impl::cuda_parallel_launch_local_memory<Kokkos::Impl::ParallelFor<K...
b200,sm_100,other,,64,0,0,no,0.5,0.5,0.5,void Kokkos::Impl::cuda_parallel_launch_local_memory<Kokkos::Impl::ParallelFor<K...
b200,sm_100,other,,64,0,0,no,0.5,0.5,0.5,void Kokkos::Impl::cuda_parallel_launch_local_memory<Kokkos::Impl::ParallelFor<K...
b200,sm_100,other,,64,1024,80,yes,0.5,0.5,0.5,void Kokkos::Impl::cuda_parallel_launch_constant_memory<Kokkos::Impl::ParallelRe...
b200,sm_100,other,,64,0,0,no,0.5,0.5,0.5,void Kokkos::Impl::cuda_parallel_launch_local_memory<Kokkos::Impl::ParallelFor<K...
b200,sm_100,other,,64,0,0,no,0.5,0.5,0.5,void Kokkos::Impl::cuda_parallel_launch_local_memory<Kokkos::Impl::ParallelFor<K...
b200,sm_100,other,,64,0,0,no,0.5,0.5,0.5,void Kokkos::Impl::cuda_parallel_launch_local_memory<Kokkos::Impl::ParallelFor<K...
b200,sm_100,other,,64,0,0,no,0.5,0.5,0.5,void Kokkos::Impl::cuda_parallel_launch_local_memory<Kokkos::Impl::ParallelFor<K...
b200,sm_100,other,,64,0,0,no,0.5,0.5,0.5,void Kokkos::Impl::cuda_parallel_launch_local_memory<Kokkos::Impl::ParallelFor<K...
b200,sm_100,other,,64,0,0,no,0.5,0.5,0.5,void Kokkos::Impl::cuda_parallel_launch_local_memory<Kokkos::Impl::ParallelFor<K...
b200,sm_100,other,,64,1024,0,no,0.5,0.5,0.5,void Kokkos::Impl::cuda_parallel_launch_constant_memory<Kokkos::Impl::ParallelRe...
b200,sm_100,other,,64,0,0,no,0.5,0.5,0.5,void Kokkos::Impl::cuda_parallel_launch_local_memory<Kokkos::Impl::ParallelFor<K...
b200,sm_100,other,,64,1040,0,no,0.5,0.5,0.5,void Kokkos::Impl::cuda_parallel_launch_constant_memory<Kokkos::Impl::ParallelFo...
b200,sm_100,other,,64,1024,0,no,0.5,0.5,0.5,void Kokkos::Impl::cuda_parallel_launch_local_memory<Kokkos::Impl::ParallelFor<p...
b200,sm_100,other,,64,0,0,no,0.5,0.5,0.5,void Kokkos::Impl::cuda_parallel_launch_local_memory<Kokkos::Impl::ParallelFor<K...
b200,sm_100,other,,64,0,0,no,0.5,0.5,0.5,void Kokkos::Impl::cuda_parallel_launch_constant_memory<Kokkos::Impl::ParallelFo...
b200,sm_100,other,,64,0,0,no,0.5,0.5,0.5,void Kokkos::Impl::cuda_parallel_launch_local_memory<Kokkos::Impl::ParallelFor<K...
b200,sm_100,other,,63,0,0,no,0.5,0.5,0.5,void Kokkos::Impl::cuda_parallel_launch_constant_memory<Kokkos::Impl::ParallelFo...
b200,sm_100,other,,63,0,0,no,0.5,0.5,0.5,void Kokkos::Impl::cuda_parallel_launch_constant_memory<Kokkos::Impl::ParallelFo...
b200,sm_100,other,,63,0,0,no,0.5,0.5,0.5,void Kokkos::Impl::cuda_parallel_launch_constant_memory<Kokkos::Impl::ParallelFo...
b200,sm_100,other,,62,1024,96,yes,0.5,0.5,0.5,void Kokkos::Impl::cuda_parallel_launch_constant_memory<Kokkos::Impl::ParallelFo...
b200,sm_100,other,,62,0,0,no,0.5,0.5,0.5,void Kokkos::Impl::cuda_parallel_launch_local_memory<Kokkos::Impl::ParallelFor<K...
b200,sm_100,other,,62,0,0,no,0.5,0.5,0.5,void Kokkos::Impl::cuda_parallel_launch_local_memory<Kokkos::Impl::ParallelFor<K...
b200,sm_100,other,,62,0,0,no,0.5,0.5,0.5,void Kokkos::Impl::cuda_parallel_launch_local_memory<Kokkos::Impl::ParallelFor<K...
b200,sm_100,other,,62,0,0,no,0.5,0.5,0.5,void Kokkos::Impl::cuda_parallel_launch_local_memory<Kokkos::Impl::ParallelFor<K...
b200,sm_100,other,,62,0,0,no,0.5,0.5,0.5,void Kokkos::Impl::cuda_parallel_launch_local_memory<Kokkos::Impl::ParallelFor<K...
b200,sm_100,other,,62,0,40,yes,0.5,0.5,0.5,void Kokkos::Impl::cuda_parallel_launch_constant_memory<Kokkos::Impl::ParallelFo...
b200,sm_100,other,,62,1024,0,no,0.5,0.5,0.5,void Kokkos::Impl::cuda_parallel_launch_local_memory<Kokkos::Impl::ParallelFor<p...
b200,sm_100,other,,62,0,0,no,0.5,0.5,0.5,void Kokkos::Impl::cuda_parallel_launch_local_memory<Kokkos::Impl::ParallelFor<K...
b200,sm_100,other,,62,0,0,no,0.5,0.5,0.5,void Kokkos::Impl::cuda_parallel_launch_local_memory<Kokkos::Impl::ParallelFor<K...
b200,sm_100,other,,62,0,0,no,0.5,0.5,0.5,void Kokkos::Impl::cuda_parallel_launch_local_memory<Kokkos::Impl::ParallelFor<K...
b200,sm_100,other,,62,0,0,no,0.5,0.5,0.5,void Kokkos::Impl::cuda_parallel_launch_local_memory<Kokkos::Impl::ParallelFor<K...
b200,sm_100,other,,62,0,0,no,0.5,0.5,0.5,void Kokkos::Impl::cuda_parallel_launch_local_memory<Kokkos::Impl::ParallelFor<K...
b200,sm_100,other,,62,0,0,no,0.5,0.5,0.5,void Kokkos::Impl::cuda_parallel_launch_local_memory<Kokkos::Impl::ParallelFor<K...
b200,sm_100,other,,62,0,0,no,0.5,0.5,0.5,void Kokkos::Impl::cuda_parallel_launch_local_memory<Kokkos::Impl::ParallelFor<K...
b200,sm_100,other,,62,0,0,no,0.5,0.5,0.5,void Kokkos::Impl::cuda_parallel_launch_local_memory<Kokkos::Impl::ParallelFor<K...
b200,sm_100,other,,62,0,0,no,0.5,0.5,0.5,void Kokkos::Impl::cuda_parallel_launch_local_memory<Kokkos::Impl::ParallelFor<K...
b200,sm_100,other,,62,1040,0,no,0.5,0.5,0.5,void Kokkos::Impl::cuda_parallel_launch_constant_memory<Kokkos::Impl::ParallelFo...
b200,sm_100,other,,62,0,0,no,0.5,0.5,0.5,void Kokkos::Impl::cuda_parallel_launch_local_memory<Kokkos::Impl::ParallelFor<K...
b200,sm_100,other,,62,1024,0,no,0.5,0.5,0.5,void Kokkos::Impl::cuda_parallel_launch_constant_memory<Kokkos::Impl::ParallelFo...
b200,sm_100,other,,62,0,0,no,0.5,0.5,0.5,void Kokkos::Impl::cuda_parallel_launch_local_memory<Kokkos::Impl::ParallelFor<K...
b200,sm_100,other,,60,1040,0,no,0.5,0.5,0.5,void Kokkos::Impl::cuda_parallel_launch_constant_memory<Kokkos::Impl::ParallelFo...
b200,sm_100,other,,58,1024,0,no,0.5,0.5,0.5,void Kokkos::Impl::cuda_parallel_launch_local_memory<Kokkos::Impl::ParallelReduc...
b200,sm_100,other,,58,1024,0,no,0.5,0.5,0.5,void Kokkos::Impl::cuda_parallel_launch_local_memory<Kokkos::Impl::ParallelFor<p...
b200,sm_100,other,,56,0,0,no,0.562,0.5,0.5,void Kokkos::Impl::cuda_parallel_launch_local_memory<Kokkos::Impl::ParallelFor<p...
b200,sm_100,other,,56,0,0,no,0.562,0.5,0.5,void Kokkos::Impl::cuda_parallel_launch_local_memory<Kokkos::Impl::ParallelFor<p...
b200,sm_100,other,,56,0,0,no,0.562,0.5,0.5,void Kokkos::Impl::cuda_parallel_launch_local_memory<Kokkos::Impl::ParallelFor<p...
b200,sm_100,other,,56,0,0,no,0.562,0.5,0.5,void Kokkos::Impl::cuda_parallel_launch_local_memory<Kokkos::Impl::ParallelFor<p...
b200,sm_100,other,,56,0,0,no,0.562,0.5,0.5,void Kokkos::Impl::cuda_parallel_launch_local_memory<Kokkos::Impl::ParallelFor<p...
b200,sm_100,other,,56,0,0,no,0.562,0.5,0.5,void Kokkos::Impl::cuda_parallel_launch_local_memory<Kokkos::Impl::ParallelFor<K...
b200,sm_100,other,,56,0,0,no,0.562,0.5,0.5,void Kokkos::Impl::cuda_parallel_launch_local_memory<Kokkos::Impl::ParallelFor<K...
b200,sm_100,other,,56,1024,0,no,0.562,0.5,0.5,void Kokkos::Impl::cuda_parallel_launch_local_memory<Kokkos::Impl::ParallelFor<K...
b200,sm_100,other,,56,1024,0,no,0.562,0.5,0.5,void Kokkos::Impl::cuda_parallel_launch_local_memory<Kokkos::Impl::ParallelFor<K...
b200,sm_100,other,,56,1024,0,no,0.562,0.5,0.5,void Kokkos::Impl::cuda_parallel_launch_local_memory<Kokkos::Impl::ParallelFor<p...
b200,sm_100,other,,56,1024,0,no,0.562,0.5,0.5,void Kokkos::Impl::cuda_parallel_launch_local_memory<Kokkos::Impl::ParallelFor<p...
b200,sm_100,other,,56,1024,0,no,0.562,0.5,0.5,void Kokkos::Impl::cuda_parallel_launch_local_memory<Kokkos::Impl::ParallelFor<p...
b200,sm_100,other,,56,1024,0,no,0.562,0.5,0.5,void Kokkos::Impl::cuda_parallel_launch_local_memory<Kokkos::Impl::ParallelFor<p...
b200,sm_100,other,,56,1024,0,no,0.562,0.5,0.5,void Kokkos::Impl::cuda_parallel_launch_local_memory<Kokkos::Impl::ParallelFor<p...
b200,sm_100,other,,56,1024,0,no,0.562,0.5,0.5,void Kokkos::Impl::cuda_parallel_launch_local_memory<Kokkos::Impl::ParallelFor<p...
b200,sm_100,other,,56,1024,0,no,0.562,0.5,0.5,void Kokkos::Impl::cuda_parallel_launch_local_memory<Kokkos::Impl::ParallelFor<p...
b200,sm_100,other,,56,1024,0,no,0.562,0.5,0.5,void Kokkos::Impl::cuda_parallel_launch_local_memory<Kokkos::Impl::ParallelFor<p...
b200,sm_100,other,,56,1024,0,no,0.562,0.5,0.5,void Kokkos::Impl::cuda_parallel_launch_local_memory<Kokkos::Impl::ParallelFor<p...
b200,sm_100,other,,56,1024,0,no,0.562,0.5,0.5,void Kokkos::Impl::cuda_parallel_launch_local_memory<Kokkos::Impl::ParallelFor<p...
b200,sm_100,other,,56,1024,0,no,0.562,0.5,0.5,void Kokkos::Impl::cuda_parallel_launch_local_memory<Kokkos::Impl::ParallelFor<p...
b200,sm_100,other,,56,1024,0,no,0.562,0.5,0.5,void Kokkos::Impl::cuda_parallel_launch_local_memory<Kokkos::Impl::ParallelFor<K...
b200,sm_100,other,,56,1024,0,no,0.562,0.5,0.5,void Kokkos::Impl::cuda_parallel_launch_local_memory<Kokkos::Impl::ParallelFor<p...
b200,sm_100,other,,56,1024,0,no,0.562,0.5,0.5,void Kokkos::Impl::cuda_parallel_launch_local_memory<Kokkos::Impl::ParallelFor<p...
b200,sm_100,other,,56,1024,0,no,0.562,0.5,0.5,void Kokkos::Impl::cuda_parallel_launch_local_memory<Kokkos::Impl::ParallelFor<p...
b200,sm_100,other,,56,1024,0,no,0.562,0.5,0.5,void Kokkos::Impl::cuda_parallel_launch_local_memory<Kokkos::Impl::ParallelFor<p...
b200,sm_100,other,,56,1024,0,no,0.562,0.5,0.5,void Kokkos::Impl::cuda_parallel_launch_local_memory<Kokkos::Impl::ParallelFor<p...
b200,sm_100,other,,56,1024,0,no,0.562,0.5,0.5,void Kokkos::Impl::cuda_parallel_launch_local_memory<Kokkos::Impl::ParallelReduc...
b200,sm_100,other,,56,1024,0,no,0.562,0.5,0.5,void Kokkos::Impl::cuda_parallel_launch_local_memory<Kokkos::Impl::ParallelFor<p...
b200,sm_100,other,,56,0,0,no,0.562,0.5,0.5,void Kokkos::Impl::cuda_parallel_launch_local_memory<Kokkos::Impl::ParallelFor<K...
b200,sm_100,other,,56,0,0,no,0.562,0.5,0.5,void Kokkos::Impl::cuda_parallel_launch_local_memory<Kokkos::Impl::ParallelFor<K...
b200,sm_100,other,,56,0,0,no,0.562,0.5,0.5,void Kokkos::Impl::cuda_parallel_launch_local_memory<Kokkos::Impl::ParallelFor<p...
b200,sm_100,other,,56,0,0,no,0.562,0.5,0.5,void Kokkos::Impl::cuda_parallel_launch_local_memory<Kokkos::Impl::ParallelFor<K...
b200,sm_100,other,,56,0,0,no,0.562,0.5,0.5,void Kokkos::Impl::cuda_parallel_launch_local_memory<Kokkos::Impl::ParallelFor<K...
b200,sm_100,other,,56,0,0,no,0.562,0.5,0.5,void Kokkos::Impl::cuda_parallel_launch_local_memory<Kokkos::Impl::ParallelFor<K...
b200,sm_100,other,,56,0,0,no,0.562,0.5,0.5,void Kokkos::Impl::cuda_parallel_launch_local_memory<Kokkos::Impl::ParallelFor<K...
b200,sm_100,other,,56,0,0,no,0.562,0.5,0.5,void Kokkos::Impl::cuda_parallel_launch_local_memory<Kokkos::Impl::ParallelFor<K...
b200,sm_100,other,,56,0,0,no,0.562,0.5,0.5,void Kokkos::Impl::cuda_parallel_launch_constant_memory<Kokkos::Impl::ParallelFo...
b200,sm_100,other,,56,0,0,no,0.562,0.5,0.5,void Kokkos::Impl::cuda_parallel_launch_local_memory<Kokkos::Impl::ParallelFor<K...
b200,sm_100,other,,56,0,0,no,0.562,0.5,0.5,void Kokkos::Impl::cuda_parallel_launch_local_memory<Kokkos::Impl::ParallelFor<K...
b200,sm_100,other,,56,0,0,no,0.562,0.5,0.5,void Kokkos::Impl::cuda_parallel_launch_local_memory<Kokkos::Impl::ParallelFor<p...
b200,sm_100,other,,56,0,0,no,0.562,0.5,0.5,void Kokkos::Impl::cuda_parallel_launch_local_memory<Kokkos::Impl::ParallelFor<p...
b200,sm_100,other,,56,0,40,yes,0.562,0.5,0.5,void Kokkos::Impl::cuda_parallel_launch_local_memory<Kokkos::Impl::ParallelFor<p...
b200,sm_100,other,,56,1024,0,no,0.562,0.5,0.5,void Kokkos::Impl::cuda_parallel_launch_local_memory<Kokkos::Impl::ParallelFor<p...
b200,sm_100,other,,56,0,0,no,0.562,0.5,0.5,void Kokkos::Impl::cuda_parallel_launch_local_memory<Kokkos::Impl::ParallelFor<K...
b200,sm_100,other,,56,0,0,no,0.562,0.5,0.5,void Kokkos::Impl::cuda_parallel_launch_local_memory<Kokkos::Impl::ParallelFor<K...
b200,sm_100,other,,56,0,0,no,0.562,0.5,0.5,void Kokkos::Impl::cuda_parallel_launch_local_memory<Kokkos::Impl::ParallelFor<K...
b200,sm_100,other,,56,0,0,no,0.562,0.5,0.5,void Kokkos::Impl::cuda_parallel_launch_local_memory<Kokkos::Impl::ParallelFor<K...
b200,sm_100,other,,56,0,0,no,0.562,0.5,0.5,void Kokkos::Impl::cuda_parallel_launch_local_memory<Kokkos::Impl::ParallelFor<K...
b200,sm_100,other,,56,0,0,no,0.562,0.5,0.5,void Kokkos::Impl::cuda_parallel_launch_local_memory<Kokkos::Impl::ParallelFor<K...
b200,sm_100,other,,56,1024,0,no,0.562,0.5,0.5,void Kokkos::Impl::cuda_parallel_launch_local_memory<Kokkos::Impl::ParallelFor<K...
b200,sm_100,other,,56,1024,0,no,0.562,0.5,0.5,void Kokkos::Impl::cuda_parallel_launch_local_memory<Kokkos::Impl::ParallelFor<K...
b200,sm_100,other,,56,0,0,no,0.562,0.5,0.5,void Kokkos::Impl::cuda_parallel_launch_local_memory<Kokkos::Impl::ParallelFor<p...
b200,sm_100,other,,56,1024,0,no,0.562,0.5,0.5,void Kokkos::Impl::cuda_parallel_launch_local_memory<Kokkos::Impl::ParallelFor<K...
b200,sm_100,other,,56,1024,0,no,0.562,0.5,0.5,void Kokkos::Impl::cuda_parallel_launch_local_memory<Kokkos::Impl::ParallelFor<K...
b200,sm_100,other,,56,1024,0,no,0.562,0.5,0.5,void Kokkos::Impl::cuda_parallel_launch_local_memory<Kokkos::Impl::ParallelFor<K...
b200,sm_100,other,,56,1024,0,no,0.562,0.5,0.5,void Kokkos::Impl::cuda_parallel_launch_local_memory<Kokkos::Impl::ParallelFor<K...
b200,sm_100,other,,56,1024,0,no,0.562,0.5,0.5,void Kokkos::Impl::cuda_parallel_launch_local_memory<Kokkos::Impl::ParallelFor<K...
b200,sm_100,other,,56,1024,0,no,0.562,0.5,0.5,void Kokkos::Impl::cuda_parallel_launch_local_memory<Kokkos::Impl::ParallelFor<K...
b200,sm_100,other,,56,1024,0,no,0.562,0.5,0.5,void Kokkos::Impl::cuda_parallel_launch_local_memory<Kokkos::Impl::ParallelFor<K...
b200,sm_100,other,,56,1024,0,no,0.562,0.5,0.5,void Kokkos::Impl::cuda_parallel_launch_local_memory<Kokkos::Impl::ParallelFor<K...
b200,sm_100,other,,56,1024,0,no,0.562,0.5,0.5,void Kokkos::Impl::cuda_parallel_launch_local_memory<Kokkos::Impl::ParallelFor<K...
b200,sm_100,other,,56,1024,0,no,0.562,0.5,0.5,void Kokkos::Impl::cuda_parallel_launch_local_memory<Kokkos::Impl::ParallelFor<K...
b200,sm_100,other,,56,0,0,no,0.562,0.5,0.5,void Kokkos::Impl::cuda_parallel_launch_constant_memory<Kokkos::Impl::ParallelFo...
b200,sm_100,other,,56,0,0,no,0.562,0.5,0.5,void Kokkos::Impl::cuda_parallel_launch_local_memory<Kokkos::Impl::ParallelFor<K...
b200,sm_100,other,,56,0,0,no,0.562,0.5,0.5,void Kokkos::Impl::cuda_parallel_launch_local_memory<Kokkos::Impl::ParallelFor<K...
b200,sm_100,other,,56,1024,0,no,0.562,0.5,0.5,void Kokkos::Impl::cuda_parallel_launch_constant_memory<Kokkos::Impl::ParallelFo...
b200,sm_100,other,,56,1024,0,no,0.562,0.5,0.5,void Kokkos::Impl::cuda_parallel_launch_local_memory<Kokkos::Impl::ParallelFor<K...
b200,sm_100,other,,56,1024,0,no,0.562,0.5,0.5,void Kokkos::Impl::cuda_parallel_launch_local_memory<Kokkos::Impl::ParallelFor<K...
b200,sm_100,other,,56,0,0,no,0.562,0.5,0.5,void Kokkos::Impl::cuda_parallel_launch_local_memory<Kokkos::Impl::ParallelFor<K...
b200,sm_100,other,,56,0,0,no,0.562,0.5,0.5,void Kokkos::Impl::cuda_parallel_launch_local_memory<Kokkos::Impl::ParallelFor<K...
b200,sm_100,other,,56,0,0,no,0.562,0.5,0.5,void Kokkos::Impl::cuda_parallel_launch_local_memory<Kokkos::Impl::ParallelFor<K...
b200,sm_100,other,,56,0,0,no,0.562,0.5,0.5,void Kokkos::Impl::cuda_parallel_launch_local_memory<Kokkos::Impl::ParallelFor<K...
b200,sm_100,other,,56,0,0,no,0.562,0.5,0.5,void Kokkos::Impl::cuda_parallel_launch_local_memory<Kokkos::Impl::ParallelFor<K...
b200,sm_100,other,,56,0,0,no,0.562,0.5,0.5,void Kokkos::Impl::cuda_parallel_launch_local_memory<Kokkos::Impl::ParallelFor<K...
b200,sm_100,other,,56,0,0,no,0.562,0.5,0.5,void Kokkos::Impl::cuda_parallel_launch_local_memory<Kokkos::Impl::ParallelFor<K...
b200,sm_100,other,,56,0,0,no,0.562,0.5,0.5,void Kokkos::Impl::cuda_parallel_launch_local_memory<Kokkos::Impl::ParallelFor<K...
b200,sm_100,other,,55,1040,0,no,0.562,0.5,0.5,void Kokkos::Impl::cuda_parallel_launch_constant_memory<Kokkos::Impl::ParallelFo...
b200,sm_100,other,,55,1024,0,no,0.562,0.5,0.5,void Kokkos::Impl::cuda_parallel_launch_local_memory<Kokkos::Impl::ParallelReduc...
b200,sm_100,other,,55,0,0,no,0.562,0.5,0.5,void Kokkos::Impl::cuda_parallel_launch_constant_memory<Kokkos::Impl::ParallelFo...
b200,sm_100,other,,55,0,0,no,0.562,0.5,0.5,void Kokkos::Impl::cuda_parallel_launch_local_memory<Kokkos::Impl::ParallelFor<p...
b200,sm_100,other,,54,0,0,no,0.562,0.5,0.5,void Kokkos::Impl::cuda_parallel_launch_local_memory<Kokkos::Impl::ParallelFor<p...
b200,sm_100,other,,54,1040,0,no,0.562,0.5,0.5,void Kokkos::Impl::cuda_parallel_launch_constant_memory<Kokkos::Impl::ParallelFo...
b200,sm_100,other,,54,1024,0,no,0.562,0.5,0.5,void Kokkos::Impl::cuda_parallel_launch_local_memory<Kokkos::Impl::ParallelReduc...
b200,sm_100,other,,54,0,0,no,0.562,0.5,0.5,void Kokkos::Impl::cuda_parallel_launch_constant_memory<Kokkos::Impl::ParallelFo...
b200,sm_100,other,,54,1024,40,yes,0.562,0.5,0.5,void Kokkos::Impl::cuda_parallel_launch_local_memory<Kokkos::Impl::ParallelFor<p...
b200,sm_100,other,,54,0,0,no,0.562,0.5,0.5,void Kokkos::Impl::cuda_parallel_launch_constant_memory<Kokkos::Impl::ParallelFo...
b200,sm_100,other,,53,0,0,no,0.562,0.5,0.5,void Kokkos::Impl::cuda_parallel_launch_local_memory<Kokkos::Impl::ParallelFor<K...
b200,sm_100,other,,52,1024,0,no,0.562,0.5,0.5,void Kokkos::Impl::cuda_parallel_launch_local_memory<Kokkos::Impl::ParallelFor<p...
b200,sm_100,other,,52,1040,0,no,0.562,0.5,0.5,void Kokkos::Impl::cuda_parallel_launch_local_memory<Kokkos::Impl::ParallelFor<p...
b200,sm_100,other,,52,1024,0,no,0.562,0.5,0.5,void Kokkos::Impl::cuda_parallel_launch_constant_memory<Kokkos::Impl::ParallelFo...
b200,sm_100,other,,52,1024,0,no,0.562,0.5,0.5,void Kokkos::Impl::cuda_parallel_launch_constant_memory<Kokkos::Impl::ParallelFo...
b200,sm_100,other,,52,1024,0,no,0.562,0.5,0.5,void Kokkos::Impl::cuda_parallel_launch_constant_memory<Kokkos::Impl::ParallelFo...
b200,sm_100,other,,52,1024,0,no,0.562,0.5,0.5,void Kokkos::Impl::cuda_parallel_launch_constant_memory<Kokkos::Impl::ParallelFo...
b200,sm_100,other,,52,1024,0,no,0.562,0.5,0.5,void Kokkos::Impl::cuda_parallel_launch_constant_memory<Kokkos::Impl::ParallelFo...
b200,sm_100,other,,52,1024,0,no,0.562,0.5,0.5,void Kokkos::Impl::cuda_parallel_launch_constant_memory<Kokkos::Impl::ParallelFo...
b200,sm_100,other,,52,1024,0,no,0.562,0.5,0.5,void Kokkos::Impl::cuda_parallel_launch_constant_memory<Kokkos::Impl::ParallelFo...
b200,sm_100,other,,52,1024,0,no,0.562,0.5,0.5,void Kokkos::Impl::cuda_parallel_launch_constant_memory<Kokkos::Impl::ParallelFo...
b200,sm_100,other,,52,1024,0,no,0.562,0.5,0.5,void Kokkos::Impl::cuda_parallel_launch_constant_memory<Kokkos::Impl::ParallelFo...
b200,sm_100,other,,52,1024,0,no,0.562,0.5,0.5,void Kokkos::Impl::cuda_parallel_launch_constant_memory<Kokkos::Impl::ParallelFo...
b200,sm_100,other,,52,1024,0,no,0.562,0.5,0.5,void Kokkos::Impl::cuda_parallel_launch_constant_memory<Kokkos::Impl::ParallelFo...
b200,sm_100,other,,52,1024,0,no,0.562,0.5,0.5,void Kokkos::Impl::cuda_parallel_launch_local_memory<Kokkos::Impl::ParallelFor<K...
b200,sm_100,other,,52,1024,0,no,0.562,0.5,0.5,void Kokkos::Impl::cuda_parallel_launch_constant_memory<Kokkos::Impl::ParallelFo...
b200,sm_100,other,,52,0,0,no,0.562,0.5,0.5,void Kokkos::Impl::cuda_parallel_launch_local_memory<Kokkos::Impl::ParallelFor<K...
b200,sm_100,other,,52,0,0,no,0.562,0.5,0.5,void Kokkos::Impl::cuda_parallel_launch_local_memory<Kokkos::Impl::ParallelFor<p...
b200,sm_100,other,,52,0,0,no,0.562,0.5,0.5,void Kokkos::Impl::cuda_parallel_launch_local_memory<Kokkos::Impl::ParallelFor<p...
b200,sm_100,other,,50,0,0,no,0.562,0.5,0.5,void Kokkos::Impl::cuda_parallel_launch_local_memory<Kokkos::Impl::ParallelFor<p...
b200,sm_100,other,,50,0,0,no,0.562,0.5,0.5,void Kokkos::Impl::cuda_parallel_launch_local_memory<Kokkos::Impl::ParallelFor<p...
b200,sm_100,other,,50,0,40,yes,0.562,0.5,0.5,void Kokkos::Impl::cuda_parallel_launch_local_memory<Kokkos::Impl::ParallelFor<p...
b200,sm_100,other,,48,1032,0,no,0.625,0.625,0.5,void Kokkos::Impl::cuda_parallel_launch_global_memory<Kokkos::Impl::ParallelFor<...
b200,sm_100,other,,48,0,0,no,0.625,0.625,0.5,void Kokkos::Impl::cuda_parallel_launch_local_memory<Kokkos::Impl::ParallelFor<p...
b200,sm_100,other,,48,0,0,no,0.625,0.625,0.5,void Kokkos::Impl::cuda_parallel_launch_local_memory<Kokkos::Impl::ParallelFor<p...
b200,sm_100,other,,48,0,0,no,0.625,0.625,0.5,void Kokkos::Impl::cuda_parallel_launch_local_memory<Kokkos::Impl::ParallelFor<p...
b200,sm_100,other,,48,1024,0,no,0.625,0.625,0.5,void Kokkos::Impl::cuda_parallel_launch_local_memory<Kokkos::Impl::ParallelFor<p...
b200,sm_100,other,,48,1024,0,no,0.625,0.625,0.5,void Kokkos::Impl::cuda_parallel_launch_constant_memory<Kokkos::Impl::ParallelFo...
b200,sm_100,other,,48,0,0,no,0.625,0.625,0.5,void Kokkos::Impl::cuda_parallel_launch_local_memory<Kokkos::Impl::ParallelFor<p...
b200,sm_100,other,,48,0,0,no,0.625,0.625,0.5,void Kokkos::Impl::cuda_parallel_launch_local_memory<Kokkos::Impl::ParallelFor<p...
b200,sm_100,other,,48,0,0,no,0.625,0.625,0.5,void Kokkos::Impl::cuda_parallel_launch_local_memory<Kokkos::Impl::ParallelFor<K...
b200,sm_100,other,,48,0,0,no,0.625,0.625,0.5,void Kokkos::Impl::cuda_parallel_launch_local_memory<Kokkos::Impl::ParallelFor<K...
b200,sm_100,other,,48,0,0,no,0.625,0.625,0.5,void Kokkos::Impl::cuda_parallel_launch_local_memory<Kokkos::Impl::ParallelFor<p...
b200,sm_100,other,,48,0,0,no,0.625,0.625,0.5,void Kokkos::Impl::cuda_parallel_launch_local_memory<Kokkos::Impl::ParallelFor<K...
b200,sm_100,other,,48,0,0,no,0.625,0.625,0.5,void Kokkos::Impl::cuda_parallel_launch_local_memory<Kokkos::Impl::ParallelFor<K...
b200,sm_100,other,,48,0,0,no,0.625,0.625,0.5,void Kokkos::Impl::cuda_parallel_launch_local_memory<Kokkos::Impl::ParallelFor<K...
b200,sm_100,other,,48,0,40,yes,0.625,0.625,0.5,void Kokkos::Impl::cuda_parallel_launch_constant_memory<Kokkos::Impl::ParallelFo...
b200,sm_100,other,,48,0,0,no,0.625,0.625,0.5,void Kokkos::Impl::cuda_parallel_launch_local_memory<Kokkos::Impl::ParallelFor<p...
b200,sm_100,other,,48,0,0,no,0.625,0.625,0.5,void Kokkos::Impl::cuda_parallel_launch_local_memory<Kokkos::Impl::ParallelFor<p...
b200,sm_100,other,,48,0,0,no,0.625,0.625,0.5,void Kokkos::Impl::cuda_parallel_launch_local_memory<Kokkos::Impl::ParallelFor<p...
b200,sm_100,other,,48,0,0,no,0.625,0.625,0.5,void Kokkos::Impl::cuda_parallel_launch_local_memory<Kokkos::Impl::ParallelFor<p...
b200,sm_100,other,,48,0,0,no,0.625,0.625,0.5,void Kokkos::Impl::cuda_parallel_launch_local_memory<Kokkos::Impl::ParallelFor<p...
b200,sm_100,other,,48,0,0,no,0.625,0.625,0.5,void Kokkos::Impl::cuda_parallel_launch_local_memory<Kokkos::Impl::ParallelFor<p...
b200,sm_100,other,,48,0,0,no,0.625,0.625,0.5,void Kokkos::Impl::cuda_parallel_launch_local_memory<Kokkos::Impl::ParallelFor<K...
b200,sm_100,other,,48,0,0,no,0.625,0.625,0.5,void Kokkos::Impl::cuda_parallel_launch_local_memory<Kokkos::Impl::ParallelFor<p...
b200,sm_100,other,,48,0,0,no,0.625,0.625,0.5,void Kokkos::Impl::cuda_parallel_launch_local_memory<Kokkos::Impl::ParallelFor<K...
b200,sm_100,other,,48,0,0,no,0.625,0.625,0.5,void Kokkos::Impl::cuda_parallel_launch_local_memory<Kokkos::Impl::ParallelFor<p...
b200,sm_100,other,,48,0,0,no,0.625,0.625,0.5,void Kokkos::Impl::cuda_parallel_launch_local_memory<Kokkos::Impl::ParallelFor<K...
b200,sm_100,other,,48,0,0,no,0.625,0.625,0.5,void Kokkos::Impl::cuda_parallel_launch_local_memory<Kokkos::Impl::ParallelFor<K...
b200,sm_100,other,,48,0,0,no,0.625,0.625,0.5,void Kokkos::Impl::cuda_parallel_launch_local_memory<Kokkos::Impl::ParallelFor<K...
b200,sm_100,other,,48,0,0,no,0.625,0.625,0.5,void Kokkos::Impl::cuda_parallel_launch_local_memory<Kokkos::Impl::ParallelFor<p...
b200,sm_100,other,,48,0,0,no,0.625,0.625,0.5,void Kokkos::Impl::cuda_parallel_launch_local_memory<Kokkos::Impl::ParallelFor<p...
b200,sm_100,other,,48,0,0,no,0.625,0.625,0.5,void Kokkos::Impl::cuda_parallel_launch_local_memory<Kokkos::Impl::ParallelFor<p...
b200,sm_100,other,,48,1024,0,no,0.625,0.625,0.5,void Kokkos::Impl::cuda_parallel_launch_local_memory<Kokkos::Impl::ParallelFor<K...
b200,sm_100,other,,48,1024,0,no,0.625,0.625,0.5,void Kokkos::Impl::cuda_parallel_launch_local_memory<Kokkos::Impl::ParallelFor<K...
b200,sm_100,other,,48,1024,0,no,0.625,0.625,0.5,void Kokkos::Impl::cuda_parallel_launch_local_memory<Kokkos::Impl::ParallelFor<K...
b200,sm_100,other,,48,0,0,no,0.625,0.625,0.5,void Kokkos::Impl::cuda_parallel_launch_local_memory<Kokkos::Impl::ParallelFor<p...
b200,sm_100,other,,48,0,0,no,0.625,0.625,0.5,void Kokkos::Impl::cuda_parallel_launch_local_memory<Kokkos::Impl::ParallelFor<K...
b200,sm_100,other,,48,0,0,no,0.625,0.625,0.5,void Kokkos::Impl::cuda_parallel_launch_local_memory<Kokkos::Impl::ParallelFor<p...
b200,sm_100,other,,48,1024,0,no,0.625,0.625,0.5,void Kokkos::Impl::cuda_parallel_launch_constant_memory<Kokkos::Impl::ParallelFo...
b200,sm_100,other,,47,1040,0,no,0.625,0.625,0.5,void Kokkos::Impl::cuda_parallel_launch_local_memory<Kokkos::Impl::ParallelFor<p...
b200,sm_100,other,,47,1024,0,no,0.625,0.625,0.5,void Kokkos::Impl::cuda_parallel_launch_constant_memory<Kokkos::Impl::ParallelFo...
b200,sm_100,other,,46,0,0,no,0.625,0.625,0.5,void Kokkos::Impl::cuda_parallel_launch_constant_memory<Kokkos::Impl::ParallelFo...
b200,sm_100,other,,46,0,0,no,0.625,0.625,0.5,void Kokkos::Impl::cuda_parallel_launch_local_memory<Kokkos::Impl::ParallelFor<p...
b200,sm_100,other,,46,0,0,no,0.625,0.625,0.5,void Kokkos::Impl::cuda_parallel_launch_local_memory<Kokkos::Impl::ParallelFor<K...
b200,sm_100,other,,46,0,0,no,0.625,0.625,0.5,void Kokkos::Impl::cuda_parallel_launch_local_memory<Kokkos::Impl::ParallelFor<p...
b200,sm_100,other,,46,0,0,no,0.625,0.625,0.5,void Kokkos::Impl::cuda_parallel_launch_local_memory<Kokkos::Impl::ParallelFor<p...
b200,sm_100,other,,46,0,0,no,0.625,0.625,0.5,void Kokkos::Impl::cuda_parallel_launch_local_memory<Kokkos::Impl::ParallelFor<K...
b200,sm_100,other,,46,1024,0,no,0.625,0.625,0.5,void Kokkos::Impl::cuda_parallel_launch_constant_memory<Kokkos::Impl::ParallelFo...
b200,sm_100,other,,46,0,0,no,0.625,0.625,0.5,void Kokkos::Impl::cuda_parallel_launch_local_memory<Kokkos::Impl::ParallelFor<p...
b200,sm_100,other,,46,1024,0,no,0.625,0.625,0.5,void Kokkos::Impl::cuda_parallel_launch_local_memory<Kokkos::Impl::ParallelFor<p...
b200,sm_100,other,,46,0,0,no,0.625,0.625,0.5,void Kokkos::Impl::cuda_parallel_launch_constant_memory<Kokkos::Impl::ParallelFo...
b200,sm_100,other,,45,1032,0,no,0.625,0.625,0.5,void Kokkos::Impl::cuda_parallel_launch_global_memory<Kokkos::Impl::ParallelFor<...
b200,sm_100,other,,45,1024,40,yes,0.625,0.625,0.5,void Kokkos::Impl::cuda_parallel_launch_local_memory<Kokkos::Impl::ParallelFor<p...
b200,sm_100,other,,45,1032,0,no,0.625,0.625,0.5,void Kokkos::Impl::cuda_parallel_launch_constant_memory<Kokkos::Impl::ParallelFo...
b200,sm_100,other,,44,1032,0,no,0.625,0.625,0.5,void Kokkos::Impl::cuda_parallel_launch_global_memory<Kokkos::Impl::ParallelFor<...
b200,sm_100,other,,44,0,0,no,0.625,0.625,0.5,void Kokkos::Impl::cuda_parallel_launch_local_memory<Kokkos::Impl::ParallelFor<p...
b200,sm_100,other,,44,0,0,no,0.625,0.625,0.5,void Kokkos::Impl::cuda_parallel_launch_local_memory<Kokkos::Impl::ParallelFor<K...
b200,sm_100,other,,44,0,0,no,0.625,0.625,0.5,void Kokkos::Impl::cuda_parallel_launch_local_memory<Kokkos::Impl::ParallelFor<K...
b200,sm_100,other,,44,0,0,no,0.625,0.625,0.5,void Kokkos::Impl::cuda_parallel_launch_local_memory<Kokkos::Impl::ParallelFor<K...
b200,sm_100,other,,44,0,0,no,0.625,0.625,0.5,void Kokkos::Impl::cuda_parallel_launch_local_memory<Kokkos::Impl::ParallelFor<K...
b200,sm_100,other,,44,0,0,no,0.625,0.625,0.5,void Kokkos::Impl::cuda_parallel_launch_local_memory<Kokkos::Impl::ParallelFor<K...
b200,sm_100,other,,44,0,0,no,0.625,0.625,0.5,void Kokkos::Impl::cuda_parallel_launch_local_memory<Kokkos::Impl::ParallelFor<K...
b200,sm_100,other,,44,0,0,no,0.625,0.625,0.5,void Kokkos::Impl::cuda_parallel_launch_local_memory<Kokkos::Impl::ParallelFor<p...
b200,sm_100,other,,44,1024,40,yes,0.625,0.625,0.5,void Kokkos::Impl::cuda_parallel_launch_local_memory<Kokkos::Impl::ParallelFor<p...
b200,sm_100,other,,44,1024,40,yes,0.625,0.625,0.5,void Kokkos::Impl::cuda_parallel_launch_local_memory<Kokkos::Impl::ParallelFor<p...
b200,sm_100,other,,44,0,0,no,0.625,0.625,0.5,void Kokkos::Impl::cuda_parallel_launch_local_memory<Kokkos::Impl::ParallelFor<K...
b200,sm_100,other,,44,0,0,no,0.625,0.625,0.5,void Kokkos::Impl::cuda_parallel_launch_local_memory<Kokkos::Impl::ParallelFor<K...
b200,sm_100,other,,44,0,0,no,0.625,0.625,0.5,void Kokkos::Impl::cuda_parallel_launch_local_memory<Kokkos::Impl::ParallelFor<K...
b200,sm_100,other,,44,0,0,no,0.625,0.625,0.5,void Kokkos::Impl::cuda_parallel_launch_local_memory<Kokkos::Impl::ParallelFor<K...
b200,sm_100,other,,44,0,0,no,0.625,0.625,0.5,void Kokkos::Impl::cuda_parallel_launch_local_memory<Kokkos::Impl::ParallelFor<K...
b200,sm_100,other,,44,1024,0,no,0.625,0.625,0.5,void Kokkos::Impl::cuda_parallel_launch_local_memory<Kokkos::Impl::ParallelFor<K...
b200,sm_100,other,,44,1024,0,no,0.625,0.625,0.5,void Kokkos::Impl::cuda_parallel_launch_local_memory<Kokkos::Impl::ParallelFor<K...
b200,sm_100,other,,44,1024,0,no,0.625,0.625,0.5,void Kokkos::Impl::cuda_parallel_launch_local_memory<Kokkos::Impl::ParallelFor<K...
b200,sm_100,other,,44,0,0,no,0.625,0.625,0.5,void Kokkos::Impl::cuda_parallel_launch_local_memory<Kokkos::Impl::ParallelFor<p...
b200,sm_100,other,,44,0,0,no,0.625,0.625,0.5,void Kokkos::Impl::cuda_parallel_launch_local_memory<Kokkos::Impl::ParallelFor<p...
b200,sm_100,other,,44,1024,0,no,0.625,0.625,0.5,void Kokkos::Impl::cuda_parallel_launch_constant_memory<Kokkos::Impl::ParallelFo...
b200,sm_100,other,,44,0,0,no,0.625,0.625,0.5,void Kokkos::Impl::cuda_parallel_launch_constant_memory<Kokkos::Impl::ParallelFo...
b200,sm_100,other,,44,0,0,no,0.625,0.625,0.5,void Kokkos::Impl::cuda_parallel_launch_constant_memory<Kokkos::Impl::ParallelFo...
b200,sm_100,other,,44,0,0,no,0.625,0.625,0.5,void Kokkos::Impl::cuda_parallel_launch_constant_memory<Kokkos::Impl::ParallelFo...
b200,sm_100,other,,43,1032,0,no,0.625,0.625,0.5,void Kokkos::Impl::cuda_parallel_launch_global_memory<Kokkos::Impl::ParallelFor<...
b200,sm_100,other,,43,0,0,no,0.625,0.625,0.5,void Kokkos::Impl::cuda_parallel_launch_local_memory<Kokkos::Impl::ParallelFor<K...
b200,sm_100,other,,43,0,0,no,0.625,0.625,0.5,void Kokkos::Impl::cuda_parallel_launch_local_memory<Kokkos::Impl::ParallelFor<K...
b200,sm_100,other,,43,1024,0,no,0.625,0.625,0.5,void Kokkos::Impl::cuda_parallel_launch_local_memory<Kokkos::Impl::ParallelFor<K...
b200,sm_100,other,,43,0,0,no,0.625,0.625,0.5,void Kokkos::Impl::cuda_parallel_launch_local_memory<Kokkos::Impl::ParallelFor<K...
b200,sm_100,other,,43,0,0,no,0.625,0.625,0.5,void Kokkos::Impl::cuda_parallel_launch_local_memory<Kokkos::Impl::ParallelFor<K...
b200,sm_100,other,,43,1024,0,no,0.625,0.625,0.5,void Kokkos::Impl::cuda_parallel_launch_local_memory<Kokkos::Impl::ParallelFor<K...
b200,sm_100,other,,43,0,0,no,0.625,0.625,0.5,void Kokkos::Impl::cuda_parallel_launch_local_memory<Kokkos::Impl::ParallelFor<K...
b200,sm_100,other,,43,1024,0,no,0.625,0.625,0.5,void Kokkos::Impl::cuda_parallel_launch_local_memory<Kokkos::Impl::ParallelFor<K...
b200,sm_100,other,,43,1024,0,no,0.625,0.625,0.5,void Kokkos::Impl::cuda_parallel_launch_local_memory<Kokkos::Impl::ParallelFor<K...
b200,sm_100,other,,43,1024,0,no,0.625,0.625,0.5,void Kokkos::Impl::cuda_parallel_launch_local_memory<Kokkos::Impl::ParallelFor<K...
b200,sm_100,other,,42,1024,0,no,0.625,0.625,0.5,void Kokkos::Impl::cuda_parallel_launch_local_memory<Kokkos::Impl::ParallelFor<p...
b200,sm_100,other,,42,1024,0,no,0.625,0.625,0.5,void Kokkos::Impl::cuda_parallel_launch_constant_memory<Kokkos::Impl::ParallelFo...
b200,sm_100,other,,42,0,0,no,0.625,0.625,0.5,void Kokkos::Impl::cuda_parallel_launch_local_memory<Kokkos::Impl::ParallelFor<p...
b200,sm_100,other,,42,0,0,no,0.625,0.625,0.5,void Kokkos::Impl::cuda_parallel_launch_local_memory<Kokkos::Impl::ParallelFor<p...
b200,sm_100,other,,42,0,0,no,0.625,0.625,0.5,void Kokkos::Impl::cuda_parallel_launch_local_memory<Kokkos::Impl::ParallelFor<p...
b200,sm_100,other,,42,1024,40,yes,0.625,0.625,0.5,void Kokkos::Impl::cuda_parallel_launch_local_memory<Kokkos::Impl::ParallelFor<p...
b200,sm_100,other,,42,1024,40,yes,0.625,0.625,0.5,void Kokkos::Impl::cuda_parallel_launch_local_memory<Kokkos::Impl::ParallelFor<p...
b200,sm_100,other,,42,1024,40,yes,0.625,0.625,0.5,void Kokkos::Impl::cuda_parallel_launch_local_memory<Kokkos::Impl::ParallelFor<p...
b200,sm_100,other,,42,1024,0,no,0.625,0.625,0.5,void Kokkos::Impl::cuda_parallel_launch_local_memory<Kokkos::Impl::ParallelReduc...
b200,sm_100,other,,42,1024,0,no,0.625,0.625,0.5,void Kokkos::Impl::cuda_parallel_launch_local_memory<Kokkos::Impl::ParallelFor<p...
b200,sm_100,other,,42,1024,0,no,0.625,0.625,0.5,void Kokkos::Impl::cuda_parallel_launch_local_memory<Kokkos::Impl::ParallelReduc...
b200,sm_100,other,,42,1024,0,no,0.625,0.625,0.5,void Kokkos::Impl::cuda_parallel_launch_local_memory<Kokkos::Impl::ParallelFor<p...
b200,sm_100,other,,42,1024,0,no,0.625,0.625,0.5,void Kokkos::Impl::cuda_parallel_launch_local_memory<Kokkos::Impl::ParallelReduc...
b200,sm_100,other,,42,1024,0,no,0.625,0.625,0.5,void Kokkos::Impl::cuda_parallel_launch_local_memory<Kokkos::Impl::ParallelReduc...
b200,sm_100,other,,41,0,0,no,0.625,0.625,0.5,void Kokkos::Impl::cuda_parallel_launch_local_memory<Kokkos::Impl::ParallelFor<K...
b200,sm_100,other,,41,1024,0,no,0.625,0.625,0.5,void Kokkos::Impl::cuda_parallel_launch_local_memory<Kokkos::Impl::ParallelFor<K...
b200,sm_100,other,,41,0,0,no,0.625,0.625,0.5,void Kokkos::Impl::cuda_parallel_launch_local_memory<Kokkos::Impl::ParallelFor<K...
b200,sm_100,other,,41,0,0,no,0.625,0.625,0.5,void Kokkos::Impl::cuda_parallel_launch_local_memory<Kokkos::Impl::ParallelFor<K...
b200,sm_100,other,,41,0,0,no,0.625,0.625,0.5,void Kokkos::Impl::cuda_parallel_launch_local_memory<Kokkos::Impl::ParallelFor<K...
b200,sm_100,other,,40,1032,0,no,0.75,0.75,0.75,void Kokkos::Impl::cuda_parallel_launch_global_memory<Kokkos::Impl::ParallelFor<...
b200,sm_100,other,,40,1032,0,no,0.75,0.75,0.75,void Kokkos::Impl::cuda_parallel_launch_global_memory<Kokkos::Impl::ParallelFor<...
b200,sm_100,other,,40,1032,0,no,0.75,0.75,0.75,void Kokkos::Impl::cuda_parallel_launch_global_memory<Kokkos::Impl::ParallelFor<...
b200,sm_100,other,,40,1032,0,no,0.75,0.75,0.75,void Kokkos::Impl::cuda_parallel_launch_global_memory<Kokkos::Impl::ParallelFor<...
b200,sm_100,other,,40,1032,0,no,0.75,0.75,0.75,void Kokkos::Impl::cuda_parallel_launch_global_memory<Kokkos::Impl::ParallelFor<...
b200,sm_100,other,,40,0,0,no,0.75,0.75,0.75,void Kokkos::Impl::cuda_parallel_launch_local_memory<Kokkos::Impl::ParallelFor<p...
b200,sm_100,other,,40,0,0,no,0.75,0.75,0.75,void Kokkos::Impl::cuda_parallel_launch_local_memory<Kokkos::Impl::ParallelFor<p...
b200,sm_100,other,,40,0,0,no,0.75,0.75,0.75,void Kokkos::Impl::cuda_parallel_launch_local_memory<Kokkos::Impl::ParallelFor<p...
b200,sm_100,other,,40,1024,0,no,0.75,0.75,0.75,void Kokkos::Impl::cuda_parallel_launch_local_memory<Kokkos::Impl::ParallelReduc...
b200,sm_100,other,,40,1024,0,no,0.75,0.75,0.75,void Kokkos::Impl::cuda_parallel_launch_local_memory<Kokkos::Impl::ParallelFor<p...
b200,sm_100,other,,40,1024,0,no,0.75,0.75,0.75,void Kokkos::Impl::cuda_parallel_launch_local_memory<Kokkos::Impl::ParallelFor<p...
b200,sm_100,other,,40,0,0,no,0.75,0.75,0.75,void Kokkos::Impl::cuda_parallel_launch_local_memory<Kokkos::Impl::ParallelFor<K...
b200,sm_100,other,,40,0,0,no,0.75,0.75,0.75,void Kokkos::Impl::cuda_parallel_launch_local_memory<Kokkos::Impl::ParallelFor<K...
b200,sm_100,other,,40,1024,0,no,0.75,0.75,0.75,void Kokkos::Impl::cuda_parallel_launch_constant_memory<Kokkos::Impl::ParallelFo...
b200,sm_100,other,,40,1024,0,no,0.75,0.75,0.75,void Kokkos::Impl::cuda_parallel_launch_local_memory<Kokkos::Impl::ParallelFor<p...
b200,sm_100,other,,40,0,0,no,0.75,0.75,0.75,void Kokkos::Impl::cuda_parallel_launch_local_memory<Kokkos::Impl::ParallelFor<p...
b200,sm_100,other,,40,0,0,no,0.75,0.75,0.75,void Kokkos::Impl::cuda_parallel_launch_local_memory<Kokkos::Impl::ParallelFor<K...
b200,sm_100,other,,40,0,0,no,0.75,0.75,0.75,void Kokkos::Impl::cuda_parallel_launch_constant_memory<Kokkos::Impl::ParallelFo...
b200,sm_100,other,,40,0,0,no,0.75,0.75,0.75,void Kokkos::Impl::cuda_parallel_launch_constant_memory<Kokkos::Impl::ParallelFo...
b200,sm_100,other,,40,0,0,no,0.75,0.75,0.75,void Kokkos::Impl::cuda_parallel_launch_constant_memory<Kokkos::Impl::ParallelFo...
b200,sm_100,other,,40,0,0,no,0.75,0.75,0.75,void Kokkos::Impl::cuda_parallel_launch_constant_memory<Kokkos::Impl::ParallelFo...
b200,sm_100,other,,40,0,0,no,0.75,0.75,0.75,void Kokkos::Impl::cuda_parallel_launch_local_memory<Kokkos::Impl::ParallelFor<p...
b200,sm_100,other,,40,0,0,no,0.75,0.75,0.75,void Kokkos::Impl::cuda_parallel_launch_local_memory<Kokkos::Impl::ParallelFor<p...
b200,sm_100,other,,40,0,40,yes,0.75,0.75,0.75,void Kokkos::Impl::cuda_parallel_launch_constant_memory<Kokkos::Impl::ParallelFo...
b200,sm_100,other,,40,1024,40,yes,0.75,0.75,0.75,void Kokkos::Impl::cuda_parallel_launch_local_memory<Kokkos::Impl::ParallelFor<p...
b200,sm_100,other,,40,0,0,no,0.75,0.75,0.75,void Kokkos::Impl::cuda_parallel_launch_constant_memory<Kokkos::Impl::ParallelFo...
b200,sm_100,other,,40,1024,0,no,0.75,0.75,0.75,void Kokkos::Impl::cuda_parallel_launch_local_memory<Kokkos::Impl::ParallelFor<p...
b200,sm_100,other,,40,0,40,yes,0.75,0.75,0.75,void Kokkos::Impl::cuda_parallel_launch_constant_memory<Kokkos::Impl::ParallelFo...
b200,sm_100,other,,40,0,0,no,0.75,0.75,0.75,void Kokkos::Impl::cuda_parallel_launch_local_memory<Kokkos::Impl::ParallelFor<K...
b200,sm_100,other,,40,0,0,no,0.75,0.75,0.75,void Kokkos::Impl::cuda_parallel_launch_local_memory<Kokkos::Impl::ParallelFor<K...
b200,sm_100,other,,40,1024,0,no,0.75,0.75,0.75,void Kokkos::Impl::cuda_parallel_launch_local_memory<Kokkos::Impl::ParallelFor<p...
b200,sm_100,other,,40,1024,0,no,0.75,0.75,0.75,void Kokkos::Impl::cuda_parallel_launch_local_memory<Kokkos::Impl::ParallelFor<p...
b200,sm_100,other,,40,1024,408,yes,0.75,0.75,0.75,void Kokkos::Impl::cuda_parallel_launch_local_memory<Kokkos::Impl::ParallelReduc...
b200,sm_100,other,,40,0,0,no,0.75,0.75,0.75,void Kokkos::Impl::cuda_parallel_launch_local_memory<Kokkos::Impl::ParallelFor<K...
b200,sm_100,other,,40,0,0,no,0.75,0.75,0.75,void Kokkos::Impl::cuda_parallel_launch_local_memory<Kokkos::Impl::ParallelFor<K...
b200,sm_100,other,,40,0,0,no,0.75,0.75,0.75,void Kokkos::Impl::cuda_parallel_launch_local_memory<Kokkos::Impl::ParallelFor<K...
b200,sm_100,other,,39,1032,0,no,0.75,0.75,0.75,void Kokkos::Impl::cuda_parallel_launch_constant_memory<Kokkos::Impl::ParallelFo...
b200,sm_100,other,,39,1024,0,no,0.75,0.75,0.75,void Kokkos::Impl::cuda_parallel_launch_local_memory<Kokkos::Impl::ParallelFor<p...
b200,sm_100,other,,39,0,0,no,0.75,0.75,0.75,void Kokkos::Impl::cuda_parallel_launch_local_memory<Kokkos::Impl::ParallelFor<K...
b200,sm_100,other,,39,1024,0,no,0.75,0.75,0.75,void Kokkos::Impl::cuda_parallel_launch_local_memory<Kokkos::Impl::ParallelReduc...
b200,sm_100,other,,39,0,0,no,0.75,0.75,0.75,void Kokkos::Impl::cuda_parallel_launch_local_memory<Kokkos::Impl::ParallelFor<K...
b200,sm_100,other,,39,1024,0,no,0.75,0.75,0.75,void Kokkos::Impl::cuda_parallel_launch_local_memory<Kokkos::Impl::ParallelReduc...
b200,sm_100,other,,39,1024,0,no,0.75,0.75,0.75,void Kokkos::Impl::cuda_parallel_launch_local_memory<Kokkos::Impl::ParallelFor<K...
b200,sm_100,other,,39,0,0,no,0.75,0.75,0.75,void Kokkos::Impl::cuda_parallel_launch_local_memory<Kokkos::Impl::ParallelFor<K...
b200,sm_100,other,,39,0,0,no,0.75,0.75,0.75,void Kokkos::Impl::cuda_parallel_launch_local_memory<Kokkos::Impl::ParallelFor<K...
b200,sm_100,other,,39,1024,0,no,0.75,0.75,0.75,void Kokkos::Impl::cuda_parallel_launch_local_memory<Kokkos::Impl::ParallelFor<p...
b200,sm_100,other,,39,1024,0,no,0.75,0.75,0.75,void Kokkos::Impl::cuda_parallel_launch_local_memory<Kokkos::Impl::ParallelFor<p...
b200,sm_100,other,,39,1024,0,no,0.75,0.75,0.75,void Kokkos::Impl::cuda_parallel_launch_local_memory<Kokkos::Impl::ParallelFor<K...
b200,sm_100,other,,39,0,0,no,0.75,0.75,0.75,void Kokkos::Impl::cuda_parallel_launch_local_memory<Kokkos::Impl::ParallelFor<K...
b200,sm_100,other,,39,1024,0,no,0.75,0.75,0.75,void Kokkos::Impl::cuda_parallel_launch_local_memory<Kokkos::Impl::ParallelFor<K...
b200,sm_100,other,,39,1024,0,no,0.75,0.75,0.75,void Kokkos::Impl::cuda_parallel_launch_local_memory<Kokkos::Impl::ParallelFor<K...
b200,sm_100,other,,39,1024,0,no,0.75,0.75,0.75,void Kokkos::Impl::cuda_parallel_launch_local_memory<Kokkos::Impl::ParallelFor<K...
b200,sm_100,other,,39,1024,0,no,0.75,0.75,0.75,void Kokkos::Impl::cuda_parallel_launch_constant_memory<Kokkos::Impl::ParallelFo...
b200,sm_100,other,,38,1032,0,no,0.75,0.75,0.75,void Kokkos::Impl::cuda_parallel_launch_constant_memory<Kokkos::Impl::ParallelFo...
b200,sm_100,other,,38,0,0,no,0.75,0.75,0.75,void Kokkos::Impl::cuda_parallel_launch_local_memory<Kokkos::Impl::ParallelFor<p...
b200,sm_100,other,,38,0,0,no,0.75,0.75,0.75,void Kokkos::Impl::cuda_parallel_launch_local_memory<Kokkos::Impl::ParallelFor<K...
b200,sm_100,other,,38,1024,0,no,0.75,0.75,0.75,void Kokkos::Impl::cuda_parallel_launch_local_memory<Kokkos::Impl::ParallelFor<K...
b200,sm_100,other,,38,0,0,no,0.75,0.75,0.75,void Kokkos::Impl::cuda_parallel_launch_local_memory<Kokkos::Impl::ParallelFor<K...
b200,sm_100,other,,38,0,0,no,0.75,0.75,0.75,void Kokkos::Impl::cuda_parallel_launch_local_memory<Kokkos::Impl::ParallelFor<K...
b200,sm_100,other,,38,0,0,no,0.75,0.75,0.75,void Kokkos::Impl::cuda_parallel_launch_local_memory<Kokkos::Impl::ParallelFor<K...
b200,sm_100,other,,38,0,0,no,0.75,0.75,0.75,void Kokkos::Impl::cuda_parallel_launch_local_memory<Kokkos::Impl::ParallelFor<K...
b200,sm_100,other,,38,0,0,no,0.75,0.75,0.75,void Kokkos::Impl::cuda_parallel_launch_local_memory<Kokkos::Impl::ParallelFor<K...
b200,sm_100,other,,38,0,0,no,0.75,0.75,0.75,void Kokkos::Impl::cuda_parallel_launch_local_memory<Kokkos::Impl::ParallelFor<p...
b200,sm_100,other,,38,0,0,no,0.75,0.75,0.75,void Kokkos::Impl::cuda_parallel_launch_local_memory<Kokkos::Impl::ParallelFor<K...
b200,sm_100,other,,38,0,0,no,0.75,0.75,0.75,void Kokkos::Impl::cuda_parallel_launch_local_memory<Kokkos::Impl::ParallelFor<K...
b200,sm_100,other,,38,0,0,no,0.75,0.75,0.75,void Kokkos::Impl::cuda_parallel_launch_local_memory<Kokkos::Impl::ParallelFor<K...
b200,sm_100,other,,38,0,0,no,0.75,0.75,0.75,void Kokkos::Impl::cuda_parallel_launch_local_memory<Kokkos::Impl::ParallelFor<K...
b200,sm_100,other,,38,0,0,no,0.75,0.75,0.75,void Kokkos::Impl::cuda_parallel_launch_local_memory<Kokkos::Impl::ParallelFor<p...
b200,sm_100,other,,38,0,0,no,0.75,0.75,0.75,void Kokkos::Impl::cuda_parallel_launch_local_memory<Kokkos::Impl::ParallelFor<p...
b200,sm_100,other,,38,0,0,no,0.75,0.75,0.75,void Kokkos::Impl::cuda_parallel_launch_local_memory<Kokkos::Impl::ParallelFor<K...
b200,sm_100,other,,38,0,0,no,0.75,0.75,0.75,void Kokkos::Impl::cuda_parallel_launch_local_memory<Kokkos::Impl::ParallelFor<K...
b200,sm_100,other,,38,0,0,no,0.75,0.75,0.75,void Kokkos::Impl::cuda_parallel_launch_local_memory<Kokkos::Impl::ParallelFor<K...
b200,sm_100,other,,38,0,0,no,0.75,0.75,0.75,void Kokkos::Impl::cuda_parallel_launch_local_memory<Kokkos::Impl::ParallelFor<p...
b200,sm_100,other,,38,0,0,no,0.75,0.75,0.75,void Kokkos::Impl::cuda_parallel_launch_local_memory<Kokkos::Impl::ParallelFor<K...
b200,sm_100,other,,38,0,0,no,0.75,0.75,0.75,void Kokkos::Impl::cuda_parallel_launch_local_memory<Kokkos::Impl::ParallelFor<K...
b200,sm_100,other,,38,0,0,no,0.75,0.75,0.75,void Kokkos::Impl::cuda_parallel_launch_local_memory<Kokkos::Impl::ParallelFor<K...
b200,sm_100,other,,38,0,0,no,0.75,0.75,0.75,void Kokkos::Impl::cuda_parallel_launch_local_memory<Kokkos::Impl::ParallelFor<K...
b200,sm_100,other,,38,1024,0,no,0.75,0.75,0.75,void Kokkos::Impl::cuda_parallel_launch_local_memory<Kokkos::Impl::ParallelFor<K...
b200,sm_100,other,,38,1024,0,no,0.75,0.75,0.75,void Kokkos::Impl::cuda_parallel_launch_local_memory<Kokkos::Impl::ParallelFor<p...
b200,sm_100,other,,38,1024,0,no,0.75,0.75,0.75,void Kokkos::Impl::cuda_parallel_launch_local_memory<Kokkos::Impl::ParallelReduc...
b200,sm_100,other,,38,1024,0,no,0.75,0.75,0.75,void Kokkos::Impl::cuda_parallel_launch_local_memory<Kokkos::Impl::ParallelFor<K...
b200,sm_100,other,,38,1024,0,no,0.75,0.75,0.75,void Kokkos::Impl::cuda_parallel_launch_local_memory<Kokkos::Impl::ParallelFor<K...
b200,sm_100,other,,38,1024,0,no,0.75,0.75,0.75,void Kokkos::Impl::cuda_parallel_launch_local_memory<Kokkos::Impl::ParallelFor<K...
b200,sm_100,other,,38,1024,0,no,0.75,0.75,0.75,void Kokkos::Impl::cuda_parallel_launch_local_memory<Kokkos::Impl::ParallelFor<K...
b200,sm_100,other,,38,0,408,yes,0.75,0.75,0.75,void Kokkos::Impl::cuda_parallel_launch_local_memory<Kokkos::Impl::ParallelFor<p...
b200,sm_100,other,,38,1024,0,no,0.75,0.75,0.75,void Kokkos::Impl::cuda_parallel_launch_local_memory<Kokkos::Impl::ParallelReduc...
b200,sm_100,other,,38,1024,40,yes,0.75,0.75,0.75,void Kokkos::Impl::cuda_parallel_launch_local_memory<Kokkos::Impl::ParallelFor<p...
b200,sm_100,other,,38,1024,0,no,0.75,0.75,0.75,void Kokkos::Impl::cuda_parallel_launch_local_memory<Kokkos::Impl::ParallelFor<K...
b200,sm_100,other,,38,0,0,no,0.75,0.75,0.75,void Kokkos::Impl::cuda_parallel_launch_local_memory<Kokkos::Impl::ParallelFor<K...
b200,sm_100,other,,38,0,0,no,0.75,0.75,0.75,void Kokkos::Impl::cuda_parallel_launch_local_memory<Kokkos::Impl::ParallelFor<K...
b200,sm_100,other,,38,0,0,no,0.75,0.75,0.75,void Kokkos::Impl::cuda_parallel_launch_local_memory<Kokkos::Impl::ParallelFor<K...
b200,sm_100,other,,38,0,0,no,0.75,0.75,0.75,void Kokkos::Impl::cuda_parallel_launch_local_memory<Kokkos::Impl::ParallelFor<K...
b200,sm_100,other,,38,1024,0,no,0.75,0.75,0.75,void Kokkos::Impl::cuda_parallel_launch_local_memory<Kokkos::Impl::ParallelFor<K...
b200,sm_100,other,,38,0,0,no,0.75,0.75,0.75,void Kokkos::Impl::cuda_parallel_launch_local_memory<Kokkos::Impl::ParallelFor<K...
b200,sm_100,other,,38,0,0,no,0.75,0.75,0.75,void Kokkos::Impl::cuda_parallel_launch_local_memory<Kokkos::Impl::ParallelFor<K...
b200,sm_100,other,,38,0,0,no,0.75,0.75,0.75,void Kokkos::Impl::cuda_parallel_launch_local_memory<Kokkos::Impl::ParallelFor<K...
b200,sm_100,other,,38,0,0,no,0.75,0.75,0.75,void Kokkos::Impl::cuda_parallel_launch_local_memory<Kokkos::Impl::ParallelFor<p...
b200,sm_100,other,,38,0,0,no,0.75,0.75,0.75,void Kokkos::Impl::cuda_parallel_launch_constant_memory<Kokkos::Impl::ParallelFo...
b200,sm_100,other,,38,0,0,no,0.75,0.75,0.75,void Kokkos::Impl::cuda_parallel_launch_local_memory<Kokkos::Impl::ParallelFor<K...
b200,sm_100,other,,37,0,0,no,0.75,0.75,0.75,void Kokkos::Impl::cuda_parallel_launch_local_memory<Kokkos::Impl::ParallelFor<K...
b200,sm_100,other,,37,1024,0,no,0.75,0.75,0.75,void Kokkos::Impl::cuda_parallel_launch_local_memory<Kokkos::Impl::ParallelReduc...
b200,sm_100,other,,37,1024,0,no,0.75,0.75,0.75,void Kokkos::Impl::cuda_parallel_launch_local_memory<Kokkos::Impl::ParallelFor<K...
b200,sm_100,other,,37,0,0,no,0.75,0.75,0.75,void Kokkos::Impl::cuda_parallel_launch_local_memory<Kokkos::Impl::ParallelFor<K...
b200,sm_100,other,,37,0,0,no,0.75,0.75,0.75,void Kokkos::Impl::cuda_parallel_launch_local_memory<Kokkos::Impl::ParallelFor<K...
b200,sm_100,other,,37,0,0,no,0.75,0.75,0.75,void Kokkos::Impl::cuda_parallel_launch_local_memory<Kokkos::Impl::ParallelFor<K...
b200,sm_100,other,,37,0,0,no,0.75,0.75,0.75,void Kokkos::Impl::cuda_parallel_launch_local_memory<Kokkos::Impl::ParallelFor<K...
b200,sm_100,other,,37,0,0,no,0.75,0.75,0.75,void Kokkos::Impl::cuda_parallel_launch_local_memory<Kokkos::Impl::ParallelFor<p...
b200,sm_100,other,,37,0,0,no,0.75,0.75,0.75,void Kokkos::Impl::cuda_parallel_launch_local_memory<Kokkos::Impl::ParallelFor<p...
b200,sm_100,other,,37,0,0,no,0.75,0.75,0.75,void Kokkos::Impl::cuda_parallel_launch_local_memory<Kokkos::Impl::ParallelFor<K...
b200,sm_100,other,,37,0,0,no,0.75,0.75,0.75,void Kokkos::Impl::cuda_parallel_launch_local_memory<Kokkos::Impl::ParallelFor<K...
b200,sm_100,other,,37,0,0,no,0.75,0.75,0.75,void Kokkos::Impl::cuda_parallel_launch_local_memory<Kokkos::Impl::ParallelFor<K...
b200,sm_100,other,,37,0,40,yes,0.75,0.75,0.75,void Kokkos::Impl::cuda_parallel_launch_local_memory<Kokkos::Impl::ParallelFor<p...
b200,sm_100,other,,37,0,0,no,0.75,0.75,0.75,void Kokkos::Impl::cuda_parallel_launch_local_memory<Kokkos::Impl::ParallelFor<K...
b200,sm_100,other,,37,0,0,no,0.75,0.75,0.75,void Kokkos::Impl::cuda_parallel_launch_local_memory<Kokkos::Impl::ParallelFor<K...
b200,sm_100,other,,37,0,0,no,0.75,0.75,0.75,void Kokkos::Impl::cuda_parallel_launch_local_memory<Kokkos::Impl::ParallelFor<K...
b200,sm_100,other,,37,0,0,no,0.75,0.75,0.75,void Kokkos::Impl::cuda_parallel_launch_local_memory<Kokkos::Impl::ParallelFor<K...
b200,sm_100,other,,37,0,0,no,0.75,0.75,0.75,void Kokkos::Impl::cuda_parallel_launch_local_memory<Kokkos::Impl::ParallelFor<K...
b200,sm_100,other,,37,0,0,no,0.75,0.75,0.75,void Kokkos::Impl::cuda_parallel_launch_local_memory<Kokkos::Impl::ParallelFor<K...
b200,sm_100,other,,37,0,0,no,0.75,0.75,0.75,void Kokkos::Impl::cuda_parallel_launch_local_memory<Kokkos::Impl::ParallelFor<K...
b200,sm_100,other,,37,0,0,no,0.75,0.75,0.75,void Kokkos::Impl::cuda_parallel_launch_local_memory<Kokkos::Impl::ParallelFor<K...
b200,sm_100,other,,37,0,0,no,0.75,0.75,0.75,void Kokkos::Impl::cuda_parallel_launch_local_memory<Kokkos::Impl::ParallelFor<p...
b200,sm_100,other,,37,0,0,no,0.75,0.75,0.75,void Kokkos::Impl::cuda_parallel_launch_local_memory<Kokkos::Impl::ParallelFor<K...
b200,sm_100,other,,37,0,0,no,0.75,0.75,0.75,void Kokkos::Impl::cuda_parallel_launch_local_memory<Kokkos::Impl::ParallelFor<K...
b200,sm_100,other,,37,1024,0,no,0.75,0.75,0.75,void Kokkos::Impl::cuda_parallel_launch_local_memory<Kokkos::Impl::ParallelReduc...
b200,sm_100,other,,37,0,0,no,0.75,0.75,0.75,void Kokkos::Impl::cuda_parallel_launch_local_memory<Kokkos::Impl::ParallelFor<K...
b200,sm_100,other,,37,0,0,no,0.75,0.75,0.75,void Kokkos::Impl::cuda_parallel_launch_local_memory<Kokkos::Impl::ParallelFor<K...
b200,sm_100,other,,36,0,0,no,0.75,0.75,0.75,void Kokkos::Impl::cuda_parallel_launch_local_memory<Kokkos::Impl::ParallelFor<K...
b200,sm_100,other,,36,0,0,no,0.75,0.75,0.75,void Kokkos::Impl::cuda_parallel_launch_local_memory<Kokkos::Impl::ParallelFor<p...
b200,sm_100,other,,36,0,0,no,0.75,0.75,0.75,void Kokkos::Impl::cuda_parallel_launch_local_memory<Kokkos::Impl::ParallelFor<p...
b200,sm_100,other,,36,0,0,no,0.75,0.75,0.75,void Kokkos::Impl::cuda_parallel_launch_local_memory<Kokkos::Impl::ParallelFor<p...
b200,sm_100,other,,36,0,0,no,0.75,0.75,0.75,void Kokkos::Impl::cuda_parallel_launch_local_memory<Kokkos::Impl::ParallelFor<K...
b200,sm_100,other,,36,1024,40,yes,0.75,0.75,0.75,void Kokkos::Impl::cuda_parallel_launch_local_memory<Kokkos::Impl::ParallelFor<p...
b200,sm_100,other,,36,1024,40,yes,0.75,0.75,0.75,void Kokkos::Impl::cuda_parallel_launch_local_memory<Kokkos::Impl::ParallelFor<p...
b200,sm_100,other,,34,1032,0,no,0.75,0.75,0.75,void Kokkos::Impl::cuda_parallel_launch_global_memory<Kokkos::Impl::ParallelFor<...
b200,sm_100,other,,34,1024,0,no,0.75,0.75,0.75,void Kokkos::Impl::cuda_parallel_launch_local_memory<Kokkos::Impl::ParallelFor<K...
b200,sm_100,other,,34,0,0,no,0.75,0.75,0.75,void Kokkos::Impl::cuda_parallel_launch_local_memory<Kokkos::Impl::ParallelFor<p...
b200,sm_100,other,,34,0,0,no,0.75,0.75,0.75,void Kokkos::Impl::cuda_parallel_launch_local_memory<Kokkos::Impl::ParallelFor<K...
b200,sm_100,other,,34,0,0,no,0.75,0.75,0.75,void Kokkos::Impl::cuda_parallel_launch_local_memory<Kokkos::Impl::ParallelFor<p...
b200,sm_100,other,,34,0,0,no,0.75,0.75,0.75,void Kokkos::Impl::cuda_parallel_launch_local_memory<Kokkos::Impl::ParallelFor<p...
b200,sm_100,other,,34,1024,0,no,0.75,0.75,0.75,void Kokkos::Impl::cuda_parallel_launch_local_memory<Kokkos::Impl::ParallelReduc...
b200,sm_100,other,,34,1024,0,no,0.75,0.75,0.75,void Kokkos::Impl::cuda_parallel_launch_local_memory<Kokkos::Impl::ParallelFor<p...
b200,sm_100,other,,34,0,0,no,0.75,0.75,0.75,void Kokkos::Impl::cuda_parallel_launch_local_memory<Kokkos::Impl::ParallelFor<p...
b200,sm_100,other,,32,0,0,no,1.0,1.0,1.0,void Kokkos::Impl::cuda_parallel_launch_local_memory<Kokkos::Impl::ParallelFor<p...
b200,sm_100,other,,32,0,0,no,1.0,1.0,1.0,void Kokkos::Impl::cuda_parallel_launch_local_memory<Kokkos::Impl::ParallelFor<p...
b200,sm_100,other,,32,0,0,no,1.0,1.0,1.0,void Kokkos::Impl::cuda_parallel_launch_local_memory<Kokkos::Impl::ParallelFor<p...
b200,sm_100,other,,32,0,0,no,1.0,1.0,1.0,void Kokkos::Impl::cuda_parallel_launch_local_memory<Kokkos::Impl::ParallelFor<p...
b200,sm_100,other,,32,0,0,no,1.0,1.0,1.0,void Kokkos::Impl::cuda_parallel_launch_local_memory<Kokkos::Impl::ParallelFor<p...
b200,sm_100,other,,32,0,0,no,1.0,1.0,1.0,void Kokkos::Impl::cuda_parallel_launch_local_memory<Kokkos::Impl::ParallelFor<p...
b200,sm_100,other,,32,0,0,no,1.0,1.0,1.0,void Kokkos::Impl::cuda_parallel_launch_local_memory<Kokkos::Impl::ParallelFor<p...
b200,sm_100,other,,32,0,0,no,1.0,1.0,1.0,void Kokkos::Impl::cuda_parallel_launch_local_memory<Kokkos::Impl::ParallelFor<p...
b200,sm_100,other,,32,0,0,no,1.0,1.0,1.0,void Kokkos::Impl::cuda_parallel_launch_local_memory<Kokkos::Impl::ParallelFor<p...
b200,sm_100,other,,32,0,0,no,1.0,1.0,1.0,void Kokkos::Impl::cuda_parallel_launch_local_memory<Kokkos::Impl::ParallelFor<p...
b200,sm_100,other,,32,0,0,no,1.0,1.0,1.0,void Kokkos::Impl::cuda_parallel_launch_local_memory<Kokkos::Impl::ParallelFor<K...
b200,sm_100,other,,32,0,0,no,1.0,1.0,1.0,void Kokkos::Impl::cuda_parallel_launch_local_memory<Kokkos::Impl::ParallelFor<K...
b200,sm_100,other,,32,0,0,no,1.0,1.0,1.0,void Kokkos::Impl::cuda_parallel_launch_local_memory<Kokkos::Impl::ParallelFor<K...
b200,sm_100,other,,32,0,0,no,1.0,1.0,1.0,void Kokkos::Impl::cuda_parallel_launch_local_memory<Kokkos::Impl::ParallelFor<K...
b200,sm_100,other,,32,0,0,no,1.0,1.0,1.0,void Kokkos::Impl::cuda_parallel_launch_local_memory<Kokkos::Impl::ParallelFor<K...
b200,sm_100,other,,32,0,0,no,1.0,1.0,1.0,void Kokkos::Impl::cuda_parallel_launch_local_memory<Kokkos::Impl::ParallelFor<K...
b200,sm_100,other,,32,0,0,no,1.0,1.0,1.0,void Kokkos::Impl::cuda_parallel_launch_local_memory<Kokkos::Impl::ParallelFor<K...
b200,sm_100,other,,32,0,0,no,1.0,1.0,1.0,void Kokkos::Impl::cuda_parallel_launch_local_memory<Kokkos::Impl::ParallelFor<K...
b200,sm_100,other,,32,0,0,no,1.0,1.0,1.0,void Kokkos::Impl::cuda_parallel_launch_local_memory<Kokkos::Impl::ParallelFor<K...
b200,sm_100,other,,32,0,0,no,1.0,1.0,1.0,void Kokkos::Impl::cuda_parallel_launch_local_memory<Kokkos::Impl::ParallelFor<K...
b200,sm_100,other,,32,0,0,no,1.0,1.0,1.0,void Kokkos::Impl::cuda_parallel_launch_local_memory<Kokkos::Impl::ParallelFor<K...
b200,sm_100,other,,32,1032,0,no,1.0,1.0,1.0,void Kokkos::Impl::cuda_parallel_launch_local_memory<Kokkos::Impl::ParallelFor<M...
b200,sm_100,other,,32,1032,0,no,1.0,1.0,1.0,void Kokkos::Impl::cuda_parallel_launch_local_memory<Kokkos::Impl::ParallelFor<M...
b200,sm_100,other,,32,0,0,no,1.0,1.0,1.0,void Kokkos::Impl::cuda_parallel_launch_local_memory<Kokkos::Impl::ParallelFor<K...
b200,sm_100,other,,32,0,0,no,1.0,1.0,1.0,void Kokkos::Impl::cuda_parallel_launch_local_memory<Kokkos::Impl::ParallelFor<K...
b200,sm_100,other,,32,0,0,no,1.0,1.0,1.0,void Kokkos::Impl::cuda_parallel_launch_local_memory<Kokkos::Impl::ParallelFor<K...
b200,sm_100,other,,32,0,0,no,1.0,1.0,1.0,void Kokkos::Impl::cuda_parallel_launch_local_memory<Kokkos::Impl::ParallelFor<K...
b200,sm_100,other,,32,0,0,no,1.0,1.0,1.0,void Kokkos::Impl::cuda_parallel_launch_local_memory<Kokkos::Impl::ParallelFor<K...
b200,sm_100,other,,32,0,0,no,1.0,1.0,1.0,void Kokkos::Impl::cuda_parallel_launch_local_memory<Kokkos::Impl::ParallelFor<K...
b200,sm_100,other,,32,0,0,no,1.0,1.0,1.0,void Kokkos::Impl::cuda_parallel_launch_local_memory<Kokkos::Impl::ParallelFor<K...
b200,sm_100,other,,32,0,0,no,1.0,1.0,1.0,void Kokkos::Impl::cuda_parallel_launch_local_memory<Kokkos::Impl::ParallelFor<K...
b200,sm_100,other,,32,0,0,no,1.0,1.0,1.0,void Kokkos::Impl::cuda_parallel_launch_local_memory<Kokkos::Impl::ParallelFor<K...
b200,sm_100,other,,32,0,0,no,1.0,1.0,1.0,void Kokkos::Impl::cuda_parallel_launch_local_memory<Kokkos::Impl::ParallelFor<K...
b200,sm_100,other,,32,0,0,no,1.0,1.0,1.0,void Kokkos::Impl::cuda_parallel_launch_local_memory<Kokkos::Impl::ParallelFor<K...
b200,sm_100,other,,32,0,0,no,1.0,1.0,1.0,void Kokkos::Impl::cuda_parallel_launch_local_memory<Kokkos::Impl::ParallelFor<K...
b200,sm_100,other,,32,0,0,no,1.0,1.0,1.0,void Kokkos::Impl::cuda_parallel_launch_local_memory<Kokkos::Impl::ParallelFor<K...
b200,sm_100,other,,32,0,0,no,1.0,1.0,1.0,void Kokkos::Impl::cuda_parallel_launch_local_memory<Kokkos::Impl::ParallelFor<p...
b200,sm_100,other,,32,0,0,no,1.0,1.0,1.0,void Kokkos::Impl::cuda_parallel_launch_local_memory<Kokkos::Impl::ParallelFor<p...
b200,sm_100,other,,32,0,0,no,1.0,1.0,1.0,void Kokkos::Impl::cuda_parallel_launch_local_memory<Kokkos::Impl::ParallelFor<p...
b200,sm_100,other,,32,0,0,no,1.0,1.0,1.0,void Kokkos::Impl::cuda_parallel_launch_local_memory<Kokkos::Impl::ParallelFor<p...
b200,sm_100,other,,32,0,0,no,1.0,1.0,1.0,void Kokkos::Impl::cuda_parallel_launch_local_memory<Kokkos::Impl::ParallelFor<K...
b200,sm_100,other,,32,0,0,no,1.0,1.0,1.0,void Kokkos::Impl::cuda_parallel_launch_local_memory<Kokkos::Impl::ParallelFor<K...
b200,sm_100,other,,32,0,0,no,1.0,1.0,1.0,void Kokkos::Impl::cuda_parallel_launch_local_memory<Kokkos::Impl::ParallelFor<K...
b200,sm_100,other,,32,1064,0,no,1.0,1.0,1.0,void Kokkos::Impl::cuda_parallel_launch_local_memory<Kokkos::Impl::ParallelFor<p...
b200,sm_100,other,,32,1064,0,no,1.0,1.0,1.0,void Kokkos::Impl::cuda_parallel_launch_local_memory<Kokkos::Impl::ParallelFor<p...
b200,sm_100,other,,32,0,0,no,1.0,1.0,1.0,void Kokkos::Impl::cuda_parallel_launch_local_memory<Kokkos::Impl::ParallelFor<p...
b200,sm_100,other,,32,0,0,no,1.0,1.0,1.0,void Kokkos::Impl::cuda_parallel_launch_local_memory<Kokkos::Impl::ParallelFor<p...
b200,sm_100,other,,32,0,0,no,1.0,1.0,1.0,void Kokkos::Impl::cuda_parallel_launch_constant_memory<Kokkos::Impl::ParallelFo...
b200,sm_100,other,,32,0,0,no,1.0,1.0,1.0,void Kokkos::Impl::cuda_parallel_launch_local_memory<Kokkos::Impl::ParallelFor<p...
b200,sm_100,other,,32,0,0,no,1.0,1.0,1.0,void Kokkos::Impl::cuda_parallel_launch_local_memory<Kokkos::Impl::ParallelFor<K...
b200,sm_100,other,,32,0,0,no,1.0,1.0,1.0,void Kokkos::Impl::cuda_parallel_launch_local_memory<Kokkos::Impl::ParallelFor<K...
b200,sm_100,other,,32,0,0,no,1.0,1.0,1.0,void Kokkos::Impl::cuda_parallel_launch_local_memory<Kokkos::Impl::ParallelFor<K...
b200,sm_100,other,,32,0,0,no,1.0,1.0,1.0,void Kokkos::Impl::cuda_parallel_launch_local_memory<Kokkos::Impl::ParallelFor<K...
b200,sm_100,other,,32,0,0,no,1.0,1.0,1.0,void Kokkos::Impl::cuda_parallel_launch_local_memory<Kokkos::Impl::ParallelFor<p...
b200,sm_100,other,,32,0,0,no,1.0,1.0,1.0,void Kokkos::Impl::cuda_parallel_launch_local_memory<Kokkos::Impl::ParallelFor<p...
b200,sm_100,other,,32,0,0,no,1.0,1.0,1.0,void Kokkos::Impl::cuda_parallel_launch_local_memory<Kokkos::Impl::ParallelFor<p...
b200,sm_100,other,,32,0,0,no,1.0,1.0,1.0,void Kokkos::Impl::cuda_parallel_launch_local_memory<Kokkos::Impl::ParallelFor<K...
b200,sm_100,other,,32,0,0,no,1.0,1.0,1.0,void Kokkos::Impl::cuda_parallel_launch_local_memory<Kokkos::Impl::ParallelFor<C...
b200,sm_100,other,,32,0,0,no,1.0,1.0,1.0,void Kokkos::Impl::cuda_parallel_launch_local_memory<Kokkos::Impl::ParallelFor<K...
b200,sm_100,other,,32,0,0,no,1.0,1.0,1.0,void Kokkos::Impl::cuda_parallel_launch_local_memory<Kokkos::Impl::ParallelFor<K...
b200,sm_100,other,,32,0,0,no,1.0,1.0,1.0,void Kokkos::Impl::cuda_parallel_launch_local_memory<Kokkos::Impl::ParallelFor<K...
b200,sm_100,other,,32,0,0,no,1.0,1.0,1.0,void Kokkos::Impl::cuda_parallel_launch_local_memory<Kokkos::Impl::ParallelFor<K...
b200,sm_100,other,,32,0,0,no,1.0,1.0,1.0,void Kokkos::Impl::cuda_parallel_launch_local_memory<Kokkos::Impl::ParallelFor<K...
b200,sm_100,other,,32,1024,0,no,1.0,1.0,1.0,void Kokkos::Impl::cuda_parallel_launch_local_memory<Kokkos::Impl::ParallelFor<p...
b200,sm_100,other,,32,0,0,no,1.0,1.0,1.0,void Kokkos::Impl::cuda_parallel_launch_constant_memory<Kokkos::Impl::ParallelFo...
b200,sm_100,other,,32,0,0,no,1.0,1.0,1.0,void Kokkos::Impl::cuda_parallel_launch_local_memory<Kokkos::Impl::ParallelFor<K...
b200,sm_100,other,,32,0,0,no,1.0,1.0,1.0,void Kokkos::Impl::cuda_parallel_launch_local_memory<Kokkos::Impl::ParallelFor<p...
b200,sm_100,other,,32,0,0,no,1.0,1.0,1.0,void Kokkos::Impl::cuda_parallel_launch_local_memory<Kokkos::Impl::ParallelFor<p...
b200,sm_100,other,,32,0,0,no,1.0,1.0,1.0,void Kokkos::Impl::cuda_parallel_launch_local_memory<Kokkos::Impl::ParallelFor<p...
b200,sm_100,other,,32,0,0,no,1.0,1.0,1.0,void Kokkos::Impl::cuda_parallel_launch_local_memory<Kokkos::Impl::ParallelFor<p...
b200,sm_100,other,,32,1024,0,no,1.0,1.0,1.0,void Kokkos::Impl::cuda_parallel_launch_local_memory<Kokkos::Impl::ParallelFor<p...
b200,sm_100,other,,32,0,0,no,1.0,1.0,1.0,void Kokkos::Impl::cuda_parallel_launch_local_memory<Kokkos::Impl::ParallelFor<p...
b200,sm_100,other,,32,0,0,no,1.0,1.0,1.0,void Kokkos::Impl::cuda_parallel_launch_local_memory<Kokkos::Impl::ParallelFor<p...
b200,sm_100,other,,32,0,0,no,1.0,1.0,1.0,void Kokkos::Impl::cuda_parallel_launch_local_memory<Kokkos::Impl::ParallelFor<p...
b200,sm_100,other,,32,0,0,no,1.0,1.0,1.0,void Kokkos::Impl::cuda_parallel_launch_local_memory<Kokkos::Impl::ParallelFor<p...
b200,sm_100,other,,32,0,0,no,1.0,1.0,1.0,void Kokkos::Impl::cuda_parallel_launch_local_memory<Kokkos::Impl::ParallelFor<K...
b200,sm_100,other,,32,0,0,no,1.0,1.0,1.0,void Kokkos::Impl::cuda_parallel_launch_local_memory<Kokkos::Impl::ParallelFor<p...
b200,sm_100,other,,32,0,0,no,1.0,1.0,1.0,void Kokkos::Impl::cuda_parallel_launch_local_memory<Kokkos::Impl::ParallelFor<K...
b200,sm_100,other,,32,0,0,no,1.0,1.0,1.0,void Kokkos::Impl::cuda_parallel_launch_local_memory<Kokkos::Impl::ParallelFor<K...
b200,sm_100,other,,32,0,0,no,1.0,1.0,1.0,void Kokkos::Impl::cuda_parallel_launch_local_memory<Kokkos::Impl::ParallelFor<K...
b200,sm_100,other,,32,0,0,no,1.0,1.0,1.0,void Kokkos::Impl::cuda_parallel_launch_local_memory<Kokkos::Impl::ParallelFor<K...
b200,sm_100,other,,32,0,0,no,1.0,1.0,1.0,void Kokkos::Impl::cuda_parallel_launch_local_memory<Kokkos::Impl::ParallelFor<K...
b200,sm_100,other,,32,0,0,no,1.0,1.0,1.0,void Kokkos::Impl::cuda_parallel_launch_local_memory<Kokkos::Impl::ParallelFor<K...
b200,sm_100,other,,32,0,0,no,1.0,1.0,1.0,void Kokkos::Impl::cuda_parallel_launch_local_memory<Kokkos::Impl::ParallelFor<K...
b200,sm_100,other,,32,0,0,no,1.0,1.0,1.0,void Kokkos::Impl::cuda_parallel_launch_local_memory<Kokkos::Impl::ParallelFor<K...
b200,sm_100,other,,32,0,0,no,1.0,1.0,1.0,void Kokkos::Impl::cuda_parallel_launch_local_memory<Kokkos::Impl::ParallelFor<K...
b200,sm_100,other,,32,0,0,no,1.0,1.0,1.0,void Kokkos::Impl::cuda_parallel_launch_local_memory<Kokkos::Impl::ParallelFor<K...
b200,sm_100,other,,32,1024,0,no,1.0,1.0,1.0,void Kokkos::Impl::cuda_parallel_launch_local_memory<Kokkos::Impl::ParallelFor<p...
b200,sm_100,other,,32,1024,0,no,1.0,1.0,1.0,void Kokkos::Impl::cuda_parallel_launch_local_memory<Kokkos::Impl::ParallelFor<p...
b200,sm_100,other,,32,1024,0,no,1.0,1.0,1.0,void Kokkos::Impl::cuda_parallel_launch_local_memory<Kokkos::Impl::ParallelFor<p...
b200,sm_100,other,,32,0,0,no,1.0,1.0,1.0,void Kokkos::Impl::cuda_parallel_launch_local_memory<Kokkos::Impl::ParallelFor<p...
b200,sm_100,other,,32,0,0,no,1.0,1.0,1.0,void Kokkos::Impl::cuda_parallel_launch_local_memory<Kokkos::Impl::ParallelFor<K...
b200,sm_100,other,,32,0,0,no,1.0,1.0,1.0,void Kokkos::Impl::cuda_parallel_launch_local_memory<Kokkos::Impl::ParallelFor<K...
b200,sm_100,other,,32,0,0,no,1.0,1.0,1.0,void Kokkos::Impl::cuda_parallel_launch_local_memory<Kokkos::Impl::ParallelFor<p...
b200,sm_100,other,,32,0,0,no,1.0,1.0,1.0,void Kokkos::Impl::cuda_parallel_launch_local_memory<Kokkos::Impl::ParallelFor<p...
b200,sm_100,other,,32,0,0,no,1.0,1.0,1.0,void Kokkos::Impl::cuda_parallel_launch_local_memory<Kokkos::Impl::ParallelFor<K...
b200,sm_100,other,,32,0,0,no,1.0,1.0,1.0,void Kokkos::Impl::cuda_parallel_launch_local_memory<Kokkos::Impl::ParallelFor<K...
b200,sm_100,other,,32,0,0,no,1.0,1.0,1.0,void Kokkos::Impl::cuda_parallel_launch_local_memory<Kokkos::Impl::ParallelFor<K...
b200,sm_100,other,,32,0,0,no,1.0,1.0,1.0,void Kokkos::Impl::cuda_parallel_launch_local_memory<Kokkos::Impl::ParallelFor<K...
b200,sm_100,other,,32,0,0,no,1.0,1.0,1.0,void Kokkos::Impl::cuda_parallel_launch_local_memory<Kokkos::Impl::ParallelFor<K...
b200,sm_100,other,,32,0,0,no,1.0,1.0,1.0,void Kokkos::Impl::cuda_parallel_launch_local_memory<Kokkos::Impl::ParallelFor<K...
b200,sm_100,other,,32,0,0,no,1.0,1.0,1.0,void Kokkos::Impl::cuda_parallel_launch_local_memory<Kokkos::Impl::ParallelFor<p...
b200,sm_100,other,,32,1024,0,no,1.0,1.0,1.0,void Kokkos::Impl::cuda_parallel_launch_local_memory<Kokkos::Impl::ParallelReduc...
b200,sm_100,other,,32,0,0,no,1.0,1.0,1.0,void Kokkos::Impl::cuda_parallel_launch_local_memory<Kokkos::Impl::ParallelFor<K...
b200,sm_100,other,,31,1032,0,no,1.0,1.0,1.0,void Kokkos::Impl::cuda_parallel_launch_constant_memory<Kokkos::Impl::ParallelFo...
b200,sm_100,other,,31,0,0,no,1.0,1.0,1.0,void Kokkos::Impl::cuda_parallel_launch_local_memory<Kokkos::Impl::ParallelFor<K...
b200,sm_100,other,,31,0,0,no,1.0,1.0,1.0,void Kokkos::Impl::cuda_parallel_launch_local_memory<Kokkos::Impl::ParallelFor<K...
b200,sm_100,other,,31,0,0,no,1.0,1.0,1.0,void Kokkos::Impl::cuda_parallel_launch_local_memory<Kokkos::Impl::ParallelFor<K...
b200,sm_100,other,,31,0,0,no,1.0,1.0,1.0,void Kokkos::Impl::cuda_parallel_launch_local_memory<Kokkos::Impl::ParallelFor<K...
b200,sm_100,other,,31,0,0,no,1.0,1.0,1.0,void Kokkos::Impl::cuda_parallel_launch_local_memory<Kokkos::Impl::ParallelFor<K...
b200,sm_100,other,,31,0,0,no,1.0,1.0,1.0,void Kokkos::Impl::cuda_parallel_launch_local_memory<Kokkos::Impl::ParallelFor<K...
b200,sm_100,other,,31,0,0,no,1.0,1.0,1.0,void Kokkos::Impl::cuda_parallel_launch_local_memory<Kokkos::Impl::ParallelFor<K...
b200,sm_100,other,,31,0,0,no,1.0,1.0,1.0,void Kokkos::Impl::cuda_parallel_launch_local_memory<Kokkos::Impl::ParallelFor<K...
b200,sm_100,other,,31,0,0,no,1.0,1.0,1.0,void Kokkos::Impl::cuda_parallel_launch_local_memory<Kokkos::Impl::ParallelFor<K...
b200,sm_100,other,,31,0,0,no,1.0,1.0,1.0,void Kokkos::Impl::cuda_parallel_launch_local_memory<Kokkos::Impl::ParallelFor<K...
b200,sm_100,other,,31,1024,0,no,1.0,1.0,1.0,void Kokkos::Impl::cuda_parallel_launch_local_memory<Kokkos::Impl::ParallelFor<K...
b200,sm_100,other,,31,1024,0,no,1.0,1.0,1.0,void Kokkos::Impl::cuda_parallel_launch_local_memory<Kokkos::Impl::ParallelFor<K...
b200,sm_100,other,,31,1024,0,no,1.0,1.0,1.0,void Kokkos::Impl::cuda_parallel_launch_local_memory<Kokkos::Impl::ParallelFor<K...
b200,sm_100,other,,31,0,0,no,1.0,1.0,1.0,void Kokkos::Impl::cuda_parallel_launch_local_memory<Kokkos::Impl::ParallelFor<K...
b200,sm_100,other,,30,0,0,no,1.0,1.0,1.0,void Kokkos::Impl::cuda_parallel_launch_local_memory<Kokkos::Impl::ParallelFor<K...
b200,sm_100,other,,30,0,0,no,1.0,1.0,1.0,void Kokkos::Impl::cuda_parallel_launch_local_memory<Kokkos::Impl::ParallelFor<K...
b200,sm_100,other,,30,0,0,no,1.0,1.0,1.0,void Kokkos::Impl::cuda_parallel_launch_local_memory<Kokkos::Impl::ParallelFor<K...
b200,sm_100,other,,30,0,0,no,1.0,1.0,1.0,void Kokkos::Impl::cuda_parallel_launch_local_memory<Kokkos::Impl::ParallelFor<K...
b200,sm_100,other,,30,0,0,no,1.0,1.0,1.0,void Kokkos::Impl::cuda_parallel_launch_local_memory<Kokkos::Impl::ParallelFor<K...
b200,sm_100,other,,30,0,0,no,1.0,1.0,1.0,void Kokkos::Impl::cuda_parallel_launch_local_memory<Kokkos::Impl::ParallelFor<K...
b200,sm_100,other,,30,0,0,no,1.0,1.0,1.0,void Kokkos::Impl::cuda_parallel_launch_local_memory<Kokkos::Impl::ParallelFor<K...
b200,sm_100,other,,30,0,0,no,1.0,1.0,1.0,void Kokkos::Impl::cuda_parallel_launch_local_memory<Kokkos::Impl::ParallelFor<K...
b200,sm_100,other,,30,0,0,no,1.0,1.0,1.0,void Kokkos::Impl::cuda_parallel_launch_local_memory<Kokkos::Impl::ParallelFor<K...
b200,sm_100,other,,30,0,0,no,1.0,1.0,1.0,void Kokkos::Impl::cuda_parallel_launch_local_memory<Kokkos::Impl::ParallelFor<K...
b200,sm_100,other,,30,0,0,no,1.0,1.0,1.0,void Kokkos::Impl::cuda_parallel_launch_local_memory<Kokkos::Impl::ParallelFor<K...
b200,sm_100,other,,30,0,0,no,1.0,1.0,1.0,void Kokkos::Impl::cuda_parallel_launch_local_memory<Kokkos::Impl::ParallelFor<K...
b200,sm_100,other,,30,0,0,no,1.0,1.0,1.0,void Kokkos::Impl::cuda_parallel_launch_local_memory<Kokkos::Impl::ParallelFor<K...
b200,sm_100,other,,30,0,0,no,1.0,1.0,1.0,void Kokkos::Impl::cuda_parallel_launch_local_memory<Kokkos::Impl::ParallelFor<K...
b200,sm_100,other,,30,0,0,no,1.0,1.0,1.0,void Kokkos::Impl::cuda_parallel_launch_local_memory<Kokkos::Impl::ParallelFor<K...
b200,sm_100,other,,30,0,0,no,1.0,1.0,1.0,void Kokkos::Impl::cuda_parallel_launch_local_memory<Kokkos::Impl::ParallelFor<K...
b200,sm_100,other,,30,0,0,no,1.0,1.0,1.0,void Kokkos::Impl::cuda_parallel_launch_local_memory<Kokkos::Impl::ParallelFor<K...
b200,sm_100,other,,30,0,0,no,1.0,1.0,1.0,void Kokkos::Impl::cuda_parallel_launch_local_memory<Kokkos::Impl::ParallelFor<K...
b200,sm_100,other,,30,0,0,no,1.0,1.0,1.0,void Kokkos::Impl::cuda_parallel_launch_local_memory<Kokkos::Impl::ParallelFor<K...
b200,sm_100,other,,30,0,0,no,1.0,1.0,1.0,void Kokkos::Impl::cuda_parallel_launch_local_memory<Kokkos::Impl::ParallelFor<K...
b200,sm_100,other,,30,0,0,no,1.0,1.0,1.0,void Kokkos::Impl::cuda_parallel_launch_local_memory<Kokkos::Impl::ParallelFor<K...
b200,sm_100,other,,30,0,0,no,1.0,1.0,1.0,void Kokkos::Impl::cuda_parallel_launch_local_memory<Kokkos::Impl::ParallelFor<K...
b200,sm_100,other,,30,0,0,no,1.0,1.0,1.0,void Kokkos::Impl::cuda_parallel_launch_local_memory<Kokkos::Impl::ParallelFor<K...
b200,sm_100,other,,30,0,0,no,1.0,1.0,1.0,void Kokkos::Impl::cuda_parallel_launch_local_memory<Kokkos::Impl::ParallelFor<K...
b200,sm_100,other,,30,0,0,no,1.0,1.0,1.0,void Kokkos::Impl::cuda_parallel_launch_local_memory<Kokkos::Impl::ParallelFor<K...
b200,sm_100,other,,30,0,0,no,1.0,1.0,1.0,void Kokkos::Impl::cuda_parallel_launch_local_memory<Kokkos::Impl::ParallelFor<K...
b200,sm_100,other,,30,0,0,no,1.0,1.0,1.0,void Kokkos::Impl::cuda_parallel_launch_local_memory<Kokkos::Impl::ParallelFor<K...
b200,sm_100,other,,30,0,0,no,1.0,1.0,1.0,void Kokkos::Impl::cuda_parallel_launch_local_memory<Kokkos::Impl::ParallelFor<K...
b200,sm_100,other,,30,0,0,no,1.0,1.0,1.0,void Kokkos::Impl::cuda_parallel_launch_local_memory<Kokkos::Impl::ParallelFor<K...
b200,sm_100,other,,30,0,0,no,1.0,1.0,1.0,void Kokkos::Impl::cuda_parallel_launch_local_memory<Kokkos::Impl::ParallelFor<p...
b200,sm_100,other,,30,0,0,no,1.0,1.0,1.0,void Kokkos::Impl::cuda_parallel_launch_local_memory<Kokkos::Impl::ParallelFor<K...
b200,sm_100,other,,30,0,0,no,1.0,1.0,1.0,void Kokkos::Impl::cuda_parallel_launch_local_memory<Kokkos::Impl::ParallelFor<K...
b200,sm_100,other,,30,0,0,no,1.0,1.0,1.0,void Kokkos::Impl::cuda_parallel_launch_local_memory<Kokkos::Impl::ParallelFor<K...
b200,sm_100,other,,30,0,0,no,1.0,1.0,1.0,void Kokkos::Impl::cuda_parallel_launch_local_memory<Kokkos::Impl::ParallelFor<K...
b200,sm_100,other,,30,0,0,no,1.0,1.0,1.0,void Kokkos::Impl::cuda_parallel_launch_local_memory<Kokkos::Impl::ParallelFor<K...
b200,sm_100,other,,30,0,0,no,1.0,1.0,1.0,void Kokkos::Impl::cuda_parallel_launch_local_memory<Kokkos::Impl::ParallelFor<K...
b200,sm_100,other,,30,0,0,no,1.0,1.0,1.0,void Kokkos::Impl::cuda_parallel_launch_local_memory<Kokkos::Impl::ParallelFor<K...
b200,sm_100,other,,30,0,0,no,1.0,1.0,1.0,void Kokkos::Impl::cuda_parallel_launch_local_memory<Kokkos::Impl::ParallelFor<K...
b200,sm_100,other,,30,0,0,no,1.0,1.0,1.0,void Kokkos::Impl::cuda_parallel_launch_local_memory<Kokkos::Impl::ParallelFor<K...
b200,sm_100,other,,30,0,0,no,1.0,1.0,1.0,void Kokkos::Impl::cuda_parallel_launch_local_memory<Kokkos::Impl::ParallelFor<K...
b200,sm_100,other,,30,0,0,no,1.0,1.0,1.0,void Kokkos::Impl::cuda_parallel_launch_local_memory<Kokkos::Impl::ParallelFor<K...
b200,sm_100,other,,30,0,0,no,1.0,1.0,1.0,void Kokkos::Impl::cuda_parallel_launch_local_memory<Kokkos::Impl::ParallelFor<K...
b200,sm_100,other,,30,0,0,no,1.0,1.0,1.0,void Kokkos::Impl::cuda_parallel_launch_local_memory<Kokkos::Impl::ParallelFor<K...
b200,sm_100,other,,30,0,0,no,1.0,1.0,1.0,void Kokkos::Impl::cuda_parallel_launch_local_memory<Kokkos::Impl::ParallelFor<K...
b200,sm_100,other,,30,1024,0,no,1.0,1.0,1.0,void Kokkos::Impl::cuda_parallel_launch_local_memory<Kokkos::Impl::ParallelFor<K...
b200,sm_100,other,,30,1024,0,no,1.0,1.0,1.0,void Kokkos::Impl::cuda_parallel_launch_local_memory<Kokkos::Impl::ParallelFor<K...
b200,sm_100,other,,30,1024,0,no,1.0,1.0,1.0,void Kokkos::Impl::cuda_parallel_launch_local_memory<Kokkos::Impl::ParallelFor<K...
b200,sm_100,other,,30,1024,0,no,1.0,1.0,1.0,void Kokkos::Impl::cuda_parallel_launch_local_memory<Kokkos::Impl::ParallelFor<K...
b200,sm_100,other,,30,1024,0,no,1.0,1.0,1.0,void Kokkos::Impl::cuda_parallel_launch_local_memory<Kokkos::Impl::ParallelFor<K...
b200,sm_100,other,,30,1024,0,no,1.0,1.0,1.0,void Kokkos::Impl::cuda_parallel_launch_local_memory<Kokkos::Impl::ParallelFor<K...
b200,sm_100,other,,30,0,0,no,1.0,1.0,1.0,void Kokkos::Impl::cuda_parallel_launch_local_memory<Kokkos::Impl::ParallelFor<K...
b200,sm_100,other,,30,0,0,no,1.0,1.0,1.0,void Kokkos::Impl::cuda_parallel_launch_local_memory<Kokkos::Impl::ParallelFor<K...
b200,sm_100,other,,30,1024,0,no,1.0,1.0,1.0,void Kokkos::Impl::cuda_parallel_launch_local_memory<Kokkos::Impl::ParallelFor<K...
b200,sm_100,other,,30,1024,0,no,1.0,1.0,1.0,void Kokkos::Impl::cuda_parallel_launch_local_memory<Kokkos::Impl::ParallelFor<K...
b200,sm_100,other,,30,1024,0,no,1.0,1.0,1.0,void Kokkos::Impl::cuda_parallel_launch_local_memory<Kokkos::Impl::ParallelFor<K...
b200,sm_100,other,,30,1024,0,no,1.0,1.0,1.0,void Kokkos::Impl::cuda_parallel_launch_local_memory<Kokkos::Impl::ParallelFor<K...
b200,sm_100,other,,30,1024,0,no,1.0,1.0,1.0,void Kokkos::Impl::cuda_parallel_launch_local_memory<Kokkos::Impl::ParallelFor<K...
b200,sm_100,other,,30,1024,0,no,1.0,1.0,1.0,void Kokkos::Impl::cuda_parallel_launch_local_memory<Kokkos::Impl::ParallelFor<K...
b200,sm_100,other,,30,1024,0,no,1.0,1.0,1.0,void Kokkos::Impl::cuda_parallel_launch_local_memory<Kokkos::Impl::ParallelFor<K...
b200,sm_100,other,,30,1024,0,no,1.0,1.0,1.0,void Kokkos::Impl::cuda_parallel_launch_local_memory<Kokkos::Impl::ParallelFor<K...
b200,sm_100,other,,30,0,0,no,1.0,1.0,1.0,void Kokkos::Impl::cuda_parallel_launch_local_memory<Kokkos::Impl::ParallelFor<K...
b200,sm_100,other,,30,0,0,no,1.0,1.0,1.0,void Kokkos::Impl::cuda_parallel_launch_local_memory<Kokkos::Impl::ParallelFor<K...
b200,sm_100,other,,30,1024,0,no,1.0,1.0,1.0,void Kokkos::Impl::cuda_parallel_launch_local_memory<Kokkos::Impl::ParallelFor<K...
b200,sm_100,other,,30,1024,0,no,1.0,1.0,1.0,void Kokkos::Impl::cuda_parallel_launch_local_memory<Kokkos::Impl::ParallelFor<K...
b200,sm_100,other,,30,1024,0,no,1.0,1.0,1.0,void Kokkos::Impl::cuda_parallel_launch_local_memory<Kokkos::Impl::ParallelFor<K...
b200,sm_100,other,,30,1024,0,no,1.0,1.0,1.0,void Kokkos::Impl::cuda_parallel_launch_local_memory<Kokkos::Impl::ParallelFor<K...
b200,sm_100,other,,30,1024,0,no,1.0,1.0,1.0,void Kokkos::Impl::cuda_parallel_launch_local_memory<Kokkos::Impl::ParallelFor<K...
b200,sm_100,other,,30,1024,0,no,1.0,1.0,1.0,void Kokkos::Impl::cuda_parallel_launch_local_memory<Kokkos::Impl::ParallelFor<K...
b200,sm_100,other,,30,1024,0,no,1.0,1.0,1.0,void Kokkos::Impl::cuda_parallel_launch_local_memory<Kokkos::Impl::ParallelFor<K...
b200,sm_100,other,,30,1024,0,no,1.0,1.0,1.0,void Kokkos::Impl::cuda_parallel_launch_local_memory<Kokkos::Impl::ParallelFor<K...
b200,sm_100,other,,30,1024,0,no,1.0,1.0,1.0,void Kokkos::Impl::cuda_parallel_launch_local_memory<Kokkos::Impl::ParallelFor<K...
b200,sm_100,other,,30,1024,0,no,1.0,1.0,1.0,void Kokkos::Impl::cuda_parallel_launch_local_memory<Kokkos::Impl::ParallelFor<K...
b200,sm_100,other,,30,1024,0,no,1.0,1.0,1.0,void Kokkos::Impl::cuda_parallel_launch_local_memory<Kokkos::Impl::ParallelFor<K...
b200,sm_100,other,,30,1024,0,no,1.0,1.0,1.0,void Kokkos::Impl::cuda_parallel_launch_local_memory<Kokkos::Impl::ParallelFor<K...
b200,sm_100,other,,30,1024,0,no,1.0,1.0,1.0,void Kokkos::Impl::cuda_parallel_launch_local_memory<Kokkos::Impl::ParallelFor<K...
b200,sm_100,other,,30,1024,0,no,1.0,1.0,1.0,void Kokkos::Impl::cuda_parallel_launch_local_memory<Kokkos::Impl::ParallelFor<K...
b200,sm_100,other,,30,1024,0,no,1.0,1.0,1.0,void Kokkos::Impl::cuda_parallel_launch_local_memory<Kokkos::Impl::ParallelFor<K...
b200,sm_100,other,,30,1024,0,no,1.0,1.0,1.0,void Kokkos::Impl::cuda_parallel_launch_local_memory<Kokkos::Impl::ParallelFor<K...
b200,sm_100,other,,30,0,0,no,1.0,1.0,1.0,void Kokkos::Impl::cuda_parallel_launch_local_memory<Kokkos::Impl::ParallelFor<K...
b200,sm_100,other,,30,0,0,no,1.0,1.0,1.0,void Kokkos::Impl::cuda_parallel_launch_local_memory<Kokkos::Impl::ParallelFor<K...
b200,sm_100,other,,30,0,0,no,1.0,1.0,1.0,void Kokkos::Impl::cuda_parallel_launch_local_memory<Kokkos::Impl::ParallelFor<K...
b200,sm_100,other,,30,0,0,no,1.0,1.0,1.0,void Kokkos::Impl::cuda_parallel_launch_local_memory<Kokkos::Impl::ParallelFor<K...
b200,sm_100,other,,30,0,0,no,1.0,1.0,1.0,void Kokkos::Impl::cuda_parallel_launch_local_memory<Kokkos::Impl::ParallelFor<K...
b200,sm_100,other,,30,0,0,no,1.0,1.0,1.0,void Kokkos::Impl::cuda_parallel_launch_local_memory<Kokkos::Impl::ParallelFor<K...
b200,sm_100,other,,30,0,0,no,1.0,1.0,1.0,void Kokkos::Impl::cuda_parallel_launch_local_memory<Kokkos::Impl::ParallelFor<K...
b200,sm_100,other,,30,0,0,no,1.0,1.0,1.0,void Kokkos::Impl::cuda_parallel_launch_local_memory<Kokkos::Impl::ParallelFor<K...
b200,sm_100,other,,30,0,0,no,1.0,1.0,1.0,void Kokkos::Impl::cuda_parallel_launch_local_memory<Kokkos::Impl::ParallelFor<K...
b200,sm_100,other,,30,0,0,no,1.0,1.0,1.0,void Kokkos::Impl::cuda_parallel_launch_local_memory<Kokkos::Impl::ParallelFor<K...
b200,sm_100,other,,30,0,0,no,1.0,1.0,1.0,void Kokkos::Impl::cuda_parallel_launch_local_memory<Kokkos::Impl::ParallelFor<K...
b200,sm_100,other,,30,0,0,no,1.0,1.0,1.0,void Kokkos::Impl::cuda_parallel_launch_local_memory<Kokkos::Impl::ParallelFor<K...
b200,sm_100,other,,30,0,0,no,1.0,1.0,1.0,void Kokkos::Impl::cuda_parallel_launch_local_memory<Kokkos::Impl::ParallelFor<K...
b200,sm_100,other,,30,0,0,no,1.0,1.0,1.0,void Kokkos::Impl::cuda_parallel_launch_local_memory<Kokkos::Impl::ParallelFor<K...
b200,sm_100,other,,30,0,0,no,1.0,1.0,1.0,void Kokkos::Impl::cuda_parallel_launch_local_memory<Kokkos::Impl::ParallelFor<K...
b200,sm_100,other,,30,0,0,no,1.0,1.0,1.0,void Kokkos::Impl::cuda_parallel_launch_local_memory<Kokkos::Impl::ParallelFor<K...
b200,sm_100,other,,30,0,0,no,1.0,1.0,1.0,void Kokkos::Impl::cuda_parallel_launch_local_memory<Kokkos::Impl::ParallelFor<K...
b200,sm_100,other,,30,1024,0,no,1.0,1.0,1.0,void Kokkos::Impl::cuda_parallel_launch_local_memory<Kokkos::Impl::ParallelFor<K...
b200,sm_100,other,,30,1024,0,no,1.0,1.0,1.0,void Kokkos::Impl::cuda_parallel_launch_local_memory<Kokkos::Impl::ParallelFor<K...
b200,sm_100,other,,30,0,0,no,1.0,1.0,1.0,void Kokkos::Impl::cuda_parallel_launch_local_memory<Kokkos::Impl::ParallelFor<K...
b200,sm_100,other,,30,0,0,no,1.0,1.0,1.0,void Kokkos::Impl::cuda_parallel_launch_local_memory<Kokkos::Impl::ParallelFor<K...
b200,sm_100,other,,30,1024,0,no,1.0,1.0,1.0,void Kokkos::Impl::cuda_parallel_launch_local_memory<Kokkos::Impl::ParallelFor<K...
b200,sm_100,other,,30,1024,0,no,1.0,1.0,1.0,void Kokkos::Impl::cuda_parallel_launch_local_memory<Kokkos::Impl::ParallelFor<K...
b200,sm_100,other,,30,0,0,no,1.0,1.0,1.0,void Kokkos::Impl::cuda_parallel_launch_local_memory<Kokkos::Impl::ParallelFor<K...
b200,sm_100,other,,30,0,0,no,1.0,1.0,1.0,void Kokkos::Impl::cuda_parallel_launch_local_memory<Kokkos::Impl::ParallelFor<K...
b200,sm_100,other,,30,1024,0,no,1.0,1.0,1.0,void Kokkos::Impl::cuda_parallel_launch_local_memory<Kokkos::Impl::ParallelFor<K...
b200,sm_100,other,,30,1024,0,no,1.0,1.0,1.0,void Kokkos::Impl::cuda_parallel_launch_local_memory<Kokkos::Impl::ParallelFor<K...
b200,sm_100,other,,30,0,0,no,1.0,1.0,1.0,void Kokkos::Impl::cuda_parallel_launch_local_memory<Kokkos::Impl::ParallelFor<K...
b200,sm_100,other,,30,0,0,no,1.0,1.0,1.0,void Kokkos::Impl::cuda_parallel_launch_local_memory<Kokkos::Impl::ParallelFor<K...
b200,sm_100,other,,30,0,0,no,1.0,1.0,1.0,void Kokkos::Impl::cuda_parallel_launch_local_memory<Kokkos::Impl::ParallelFor<K...
b200,sm_100,other,,30,0,0,no,1.0,1.0,1.0,void Kokkos::Impl::cuda_parallel_launch_local_memory<Kokkos::Impl::ParallelFor<K...
b200,sm_100,other,,30,0,0,no,1.0,1.0,1.0,void Kokkos::Impl::cuda_parallel_launch_local_memory<Kokkos::Impl::ParallelFor<K...
b200,sm_100,other,,30,0,0,no,1.0,1.0,1.0,void Kokkos::Impl::cuda_parallel_launch_local_memory<Kokkos::Impl::ParallelFor<K...
b200,sm_100,other,,30,0,0,no,1.0,1.0,1.0,void Kokkos::Impl::cuda_parallel_launch_local_memory<Kokkos::Impl::ParallelFor<K...
b200,sm_100,other,,30,1032,0,no,1.0,1.0,1.0,void Kokkos::Impl::cuda_parallel_launch_local_memory<Kokkos::Impl::ParallelFor<M...
b200,sm_100,other,,30,1032,0,no,1.0,1.0,1.0,void Kokkos::Impl::cuda_parallel_launch_local_memory<Kokkos::Impl::ParallelFor<M...
b200,sm_100,other,,30,0,0,no,1.0,1.0,1.0,void Kokkos::Impl::cuda_parallel_launch_local_memory<Kokkos::Impl::ParallelFor<K...
b200,sm_100,other,,30,0,0,no,1.0,1.0,1.0,void Kokkos::Impl::cuda_parallel_launch_local_memory<Kokkos::Impl::ParallelFor<K...
b200,sm_100,other,,30,0,0,no,1.0,1.0,1.0,void Kokkos::Impl::cuda_parallel_launch_local_memory<Kokkos::Impl::ParallelFor<K...
b200,sm_100,other,,30,0,0,no,1.0,1.0,1.0,void Kokkos::Impl::cuda_parallel_launch_local_memory<Kokkos::Impl::ParallelFor<K...
b200,sm_100,other,,30,0,0,no,1.0,1.0,1.0,void Kokkos::Impl::cuda_parallel_launch_local_memory<Kokkos::Impl::ParallelFor<K...
b200,sm_100,other,,30,0,0,no,1.0,1.0,1.0,void Kokkos::Impl::cuda_parallel_launch_local_memory<Kokkos::Impl::ParallelFor<K...
b200,sm_100,other,,30,0,0,no,1.0,1.0,1.0,void Kokkos::Impl::cuda_parallel_launch_local_memory<Kokkos::Impl::ParallelFor<K...
b200,sm_100,other,,30,0,0,no,1.0,1.0,1.0,void Kokkos::Impl::cuda_parallel_launch_local_memory<Kokkos::Impl::ParallelFor<K...
b200,sm_100,other,,30,0,0,no,1.0,1.0,1.0,void Kokkos::Impl::cuda_parallel_launch_local_memory<Kokkos::Impl::ParallelFor<K...
b200,sm_100,other,,30,0,0,no,1.0,1.0,1.0,void Kokkos::Impl::cuda_parallel_launch_local_memory<Kokkos::Impl::ParallelFor<K...
b200,sm_100,other,,30,0,0,no,1.0,1.0,1.0,void Kokkos::Impl::cuda_parallel_launch_local_memory<Kokkos::Impl::ParallelFor<K...
b200,sm_100,other,,30,0,0,no,1.0,1.0,1.0,void Kokkos::Impl::cuda_parallel_launch_local_memory<Kokkos::Impl::ParallelFor<K...
b200,sm_100,other,,30,0,0,no,1.0,1.0,1.0,void Kokkos::Impl::cuda_parallel_launch_local_memory<Kokkos::Impl::ParallelFor<K...
b200,sm_100,other,,30,0,0,no,1.0,1.0,1.0,void Kokkos::Impl::cuda_parallel_launch_local_memory<Kokkos::Impl::ParallelFor<K...
b200,sm_100,other,,30,0,0,no,1.0,1.0,1.0,void Kokkos::Impl::cuda_parallel_launch_local_memory<Kokkos::Impl::ParallelFor<K...
b200,sm_100,other,,30,0,0,no,1.0,1.0,1.0,void Kokkos::Impl::cuda_parallel_launch_local_memory<Kokkos::Impl::ParallelFor<K...
b200,sm_100,other,,30,0,0,no,1.0,1.0,1.0,void Kokkos::Impl::cuda_parallel_launch_local_memory<Kokkos::Impl::ParallelFor<K...
b200,sm_100,other,,30,0,0,no,1.0,1.0,1.0,void Kokkos::Impl::cuda_parallel_launch_local_memory<Kokkos::Impl::ParallelFor<K...
b200,sm_100,other,,30,0,0,no,1.0,1.0,1.0,void Kokkos::Impl::cuda_parallel_launch_local_memory<Kokkos::Impl::ParallelFor<K...
b200,sm_100,other,,30,0,0,no,1.0,1.0,1.0,void Kokkos::Impl::cuda_parallel_launch_local_memory<Kokkos::Impl::ParallelFor<K...
b200,sm_100,other,,30,0,0,no,1.0,1.0,1.0,void Kokkos::Impl::cuda_parallel_launch_local_memory<Kokkos::Impl::ParallelFor<K...
b200,sm_100,other,,30,0,0,no,1.0,1.0,1.0,void Kokkos::Impl::cuda_parallel_launch_local_memory<Kokkos::Impl::ParallelFor<K...
b200,sm_100,other,,30,0,0,no,1.0,1.0,1.0,void Kokkos::Impl::cuda_parallel_launch_local_memory<Kokkos::Impl::ParallelFor<K...
b200,sm_100,other,,30,0,0,no,1.0,1.0,1.0,void Kokkos::Impl::cuda_parallel_launch_local_memory<Kokkos::Impl::ParallelFor<K...
b200,sm_100,other,,30,0,0,no,1.0,1.0,1.0,void Kokkos::Impl::cuda_parallel_launch_local_memory<Kokkos::Impl::ParallelFor<K...
b200,sm_100,other,,30,0,0,no,1.0,1.0,1.0,void Kokkos::Impl::cuda_parallel_launch_local_memory<Kokkos::Impl::ParallelFor<K...
b200,sm_100,other,,30,0,0,no,1.0,1.0,1.0,void Kokkos::Impl::cuda_parallel_launch_local_memory<Kokkos::Impl::ParallelFor<K...
b200,sm_100,other,,30,0,0,no,1.0,1.0,1.0,void Kokkos::Impl::cuda_parallel_launch_local_memory<Kokkos::Impl::ParallelFor<K...
b200,sm_100,other,,30,1024,0,no,1.0,1.0,1.0,void Kokkos::Impl::cuda_parallel_launch_local_memory<Kokkos::Impl::ParallelFor<K...
b200,sm_100,other,,30,1024,0,no,1.0,1.0,1.0,void Kokkos::Impl::cuda_parallel_launch_local_memory<Kokkos::Impl::ParallelFor<K...
b200,sm_100,other,,30,0,0,no,1.0,1.0,1.0,void Kokkos::Impl::cuda_parallel_launch_local_memory<Kokkos::Impl::ParallelFor<K...
b200,sm_100,other,,30,0,0,no,1.0,1.0,1.0,void Kokkos::Impl::cuda_parallel_launch_local_memory<Kokkos::Impl::ParallelFor<K...
b200,sm_100,other,,30,1024,0,no,1.0,1.0,1.0,void Kokkos::Impl::cuda_parallel_launch_local_memory<Kokkos::Impl::ParallelFor<K...
b200,sm_100,other,,30,1024,0,no,1.0,1.0,1.0,void Kokkos::Impl::cuda_parallel_launch_local_memory<Kokkos::Impl::ParallelFor<K...
b200,sm_100,other,,30,0,0,no,1.0,1.0,1.0,void Kokkos::Impl::cuda_parallel_launch_local_memory<Kokkos::Impl::ParallelFor<K...
b200,sm_100,other,,30,0,0,no,1.0,1.0,1.0,void Kokkos::Impl::cuda_parallel_launch_local_memory<Kokkos::Impl::ParallelFor<K...
b200,sm_100,other,,30,0,0,no,1.0,1.0,1.0,void Kokkos::Impl::cuda_parallel_launch_local_memory<Kokkos::Impl::ParallelFor<K...
b200,sm_100,other,,30,1024,0,no,1.0,1.0,1.0,void Kokkos::Impl::cuda_parallel_launch_local_memory<Kokkos::Impl::ParallelFor<K...
b200,sm_100,other,,30,1024,0,no,1.0,1.0,1.0,void Kokkos::Impl::cuda_parallel_launch_local_memory<Kokkos::Impl::ParallelFor<K...
b200,sm_100,other,,30,0,0,no,1.0,1.0,1.0,void Kokkos::Impl::cuda_parallel_launch_local_memory<Kokkos::Impl::ParallelFor<K...
b200,sm_100,other,,30,0,0,no,1.0,1.0,1.0,void Kokkos::Impl::cuda_parallel_launch_local_memory<Kokkos::Impl::ParallelFor<K...
b200,sm_100,other,,30,0,0,no,1.0,1.0,1.0,void Kokkos::Impl::cuda_parallel_launch_local_memory<Kokkos::Impl::ParallelFor<K...
b200,sm_100,other,,30,0,0,no,1.0,1.0,1.0,void Kokkos::Impl::cuda_parallel_launch_local_memory<Kokkos::Impl::ParallelFor<K...
b200,sm_100,other,,30,0,0,no,1.0,1.0,1.0,void Kokkos::Impl::cuda_parallel_launch_local_memory<Kokkos::Impl::ParallelFor<K...
b200,sm_100,other,,30,0,0,no,1.0,1.0,1.0,void Kokkos::Impl::cuda_parallel_launch_local_memory<Kokkos::Impl::ParallelFor<K...
b200,sm_100,other,,30,0,0,no,1.0,1.0,1.0,void Kokkos::Impl::cuda_parallel_launch_local_memory<Kokkos::Impl::ParallelFor<K...
b200,sm_100,other,,30,0,0,no,1.0,1.0,1.0,void Kokkos::Impl::cuda_parallel_launch_local_memory<Kokkos::Impl::ParallelFor<p...
b200,sm_100,other,,30,0,0,no,1.0,1.0,1.0,void Kokkos::Impl::cuda_parallel_launch_local_memory<Kokkos::Impl::ParallelFor<K...
b200,sm_100,other,,30,0,0,no,1.0,1.0,1.0,void Kokkos::Impl::cuda_parallel_launch_local_memory<Kokkos::Impl::ParallelFor<K...
b200,sm_100,other,,30,0,0,no,1.0,1.0,1.0,void Kokkos::Impl::cuda_parallel_launch_local_memory<Kokkos::Impl::ParallelFor<K...
b200,sm_100,other,,30,0,0,no,1.0,1.0,1.0,void Kokkos::Impl::cuda_parallel_launch_local_memory<Kokkos::Impl::ParallelFor<K...
b200,sm_100,other,,30,0,0,no,1.0,1.0,1.0,void Kokkos::Impl::cuda_parallel_launch_local_memory<Kokkos::Impl::ParallelFor<K...
b200,sm_100,other,,30,0,0,no,1.0,1.0,1.0,void Kokkos::Impl::cuda_parallel_launch_local_memory<Kokkos::Impl::ParallelFor<K...
b200,sm_100,other,,30,0,0,no,1.0,1.0,1.0,void Kokkos::Impl::cuda_parallel_launch_local_memory<Kokkos::Impl::ParallelFor<K...
b200,sm_100,other,,30,0,0,no,1.0,1.0,1.0,void Kokkos::Impl::cuda_parallel_launch_local_memory<Kokkos::Impl::ParallelFor<K...
b200,sm_100,other,,30,0,0,no,1.0,1.0,1.0,void Kokkos::Impl::cuda_parallel_launch_local_memory<Kokkos::Impl::ParallelFor<K...
b200,sm_100,other,,30,1024,0,no,1.0,1.0,1.0,void Kokkos::Impl::cuda_parallel_launch_local_memory<Kokkos::Impl::ParallelFor<K...
b200,sm_100,other,,30,1024,0,no,1.0,1.0,1.0,void Kokkos::Impl::cuda_parallel_launch_local_memory<Kokkos::Impl::ParallelFor<K...
b200,sm_100,other,,30,0,0,no,1.0,1.0,1.0,void Kokkos::Impl::cuda_parallel_launch_local_memory<Kokkos::Impl::ParallelFor<K...
b200,sm_100,other,,30,0,0,no,1.0,1.0,1.0,void Kokkos::Impl::cuda_parallel_launch_local_memory<Kokkos::Impl::ParallelFor<K...
b200,sm_100,other,,30,0,0,no,1.0,1.0,1.0,void Kokkos::Impl::cuda_parallel_launch_local_memory<Kokkos::Impl::ParallelFor<K...
b200,sm_100,other,,30,0,0,no,1.0,1.0,1.0,void Kokkos::Impl::cuda_parallel_launch_local_memory<Kokkos::Impl::ParallelFor<K...
b200,sm_100,other,,30,0,0,no,1.0,1.0,1.0,void Kokkos::Impl::cuda_parallel_launch_local_memory<Kokkos::Impl::ParallelFor<K...
b200,sm_100,other,,30,0,0,no,1.0,1.0,1.0,void Kokkos::Impl::cuda_parallel_launch_local_memory<Kokkos::Impl::ParallelFor<K...
b200,sm_100,other,,30,0,0,no,1.0,1.0,1.0,void Kokkos::Impl::cuda_parallel_launch_local_memory<Kokkos::Impl::ParallelFor<K...
b200,sm_100,other,,30,0,0,no,1.0,1.0,1.0,void Kokkos::Impl::cuda_parallel_launch_local_memory<Kokkos::Impl::ParallelFor<K...
b200,sm_100,other,,30,0,0,no,1.0,1.0,1.0,void Kokkos::Impl::cuda_parallel_launch_local_memory<Kokkos::Impl::ParallelFor<C...
b200,sm_100,other,,30,0,0,no,1.0,1.0,1.0,void Kokkos::Impl::cuda_parallel_launch_local_memory<Kokkos::Impl::ParallelFor<K...
b200,sm_100,other,,30,0,0,no,1.0,1.0,1.0,void Kokkos::Impl::cuda_parallel_launch_local_memory<Kokkos::Impl::ParallelFor<K...
b200,sm_100,other,,30,0,0,no,1.0,1.0,1.0,void Kokkos::Impl::cuda_parallel_launch_local_memory<Kokkos::Impl::ParallelFor<K...
b200,sm_100,other,,30,0,0,no,1.0,1.0,1.0,void Kokkos::Impl::cuda_parallel_launch_local_memory<Kokkos::Impl::ParallelFor<K...
b200,sm_100,other,,30,0,0,no,1.0,1.0,1.0,void Kokkos::Impl::cuda_parallel_launch_local_memory<Kokkos::Impl::ParallelFor<K...
b200,sm_100,other,,30,0,0,no,1.0,1.0,1.0,void Kokkos::Impl::cuda_parallel_launch_local_memory<Kokkos::Impl::ParallelFor<K...
b200,sm_100,other,,30,0,0,no,1.0,1.0,1.0,void Kokkos::Impl::cuda_parallel_launch_local_memory<Kokkos::Impl::ParallelFor<K...
b200,sm_100,other,,30,0,0,no,1.0,1.0,1.0,void Kokkos::Impl::cuda_parallel_launch_local_memory<Kokkos::Impl::ParallelFor<K...
b200,sm_100,other,,30,0,0,no,1.0,1.0,1.0,void Kokkos::Impl::cuda_parallel_launch_local_memory<Kokkos::Impl::ParallelFor<K...
b200,sm_100,other,,30,0,0,no,1.0,1.0,1.0,void Kokkos::Impl::cuda_parallel_launch_local_memory<Kokkos::Impl::ParallelFor<K...
b200,sm_100,other,,30,0,0,no,1.0,1.0,1.0,void Kokkos::Impl::cuda_parallel_launch_local_memory<Kokkos::Impl::ParallelFor<K...
b200,sm_100,other,,30,0,0,no,1.0,1.0,1.0,void Kokkos::Impl::cuda_parallel_launch_local_memory<Kokkos::Impl::ParallelFor<K...
b200,sm_100,other,,30,0,0,no,1.0,1.0,1.0,void Kokkos::Impl::cuda_parallel_launch_local_memory<Kokkos::Impl::ParallelFor<p...
b200,sm_100,other,,30,0,0,no,1.0,1.0,1.0,void Kokkos::Impl::cuda_parallel_launch_local_memory<Kokkos::Impl::ParallelFor<K...
b200,sm_100,other,,30,0,0,no,1.0,1.0,1.0,void Kokkos::Impl::cuda_parallel_launch_local_memory<Kokkos::Impl::ParallelFor<K...
b200,sm_100,other,,30,0,0,no,1.0,1.0,1.0,void Kokkos::Impl::cuda_parallel_launch_local_memory<Kokkos::Impl::ParallelFor<K...
b200,sm_100,other,,30,0,0,no,1.0,1.0,1.0,void Kokkos::Impl::cuda_parallel_launch_local_memory<Kokkos::Impl::ParallelFor<K...
b200,sm_100,other,,30,0,0,no,1.0,1.0,1.0,void Kokkos::Impl::cuda_parallel_launch_local_memory<Kokkos::Impl::ParallelFor<K...
b200,sm_100,other,,30,0,0,no,1.0,1.0,1.0,void Kokkos::Impl::cuda_parallel_launch_local_memory<Kokkos::Impl::ParallelFor<K...
b200,sm_100,other,,30,1024,0,no,1.0,1.0,1.0,void Kokkos::Impl::cuda_parallel_launch_local_memory<Kokkos::Impl::ParallelFor<K...
b200,sm_100,other,,30,1024,0,no,1.0,1.0,1.0,void Kokkos::Impl::cuda_parallel_launch_local_memory<Kokkos::Impl::ParallelFor<K...
b200,sm_100,other,,30,0,0,no,1.0,1.0,1.0,void Kokkos::Impl::cuda_parallel_launch_local_memory<Kokkos::Impl::ParallelFor<K...
b200,sm_100,other,,30,0,0,no,1.0,1.0,1.0,void Kokkos::Impl::cuda_parallel_launch_local_memory<Kokkos::Impl::ParallelFor<K...
b200,sm_100,other,,30,1024,0,no,1.0,1.0,1.0,void Kokkos::Impl::cuda_parallel_launch_local_memory<Kokkos::Impl::ParallelFor<K...
b200,sm_100,other,,30,1024,0,no,1.0,1.0,1.0,void Kokkos::Impl::cuda_parallel_launch_local_memory<Kokkos::Impl::ParallelFor<K...
b200,sm_100,other,,30,1024,0,no,1.0,1.0,1.0,void Kokkos::Impl::cuda_parallel_launch_local_memory<Kokkos::Impl::ParallelFor<K...
b200,sm_100,other,,30,0,0,no,1.0,1.0,1.0,void Kokkos::Impl::cuda_parallel_launch_local_memory<Kokkos::Impl::ParallelFor<K...
b200,sm_100,other,,30,0,0,no,1.0,1.0,1.0,void Kokkos::Impl::cuda_parallel_launch_local_memory<Kokkos::Impl::ParallelFor<K...
b200,sm_100,other,,30,0,0,no,1.0,1.0,1.0,void Kokkos::Impl::cuda_parallel_launch_local_memory<Kokkos::Impl::ParallelFor<K...
b200,sm_100,other,,30,0,0,no,1.0,1.0,1.0,void Kokkos::Impl::cuda_parallel_launch_local_memory<Kokkos::Impl::ParallelFor<K...
b200,sm_100,other,,30,0,0,no,1.0,1.0,1.0,void Kokkos::Impl::cuda_parallel_launch_local_memory<Kokkos::Impl::ParallelFor<K...
b200,sm_100,other,,30,0,0,no,1.0,1.0,1.0,void Kokkos::Impl::cuda_parallel_launch_local_memory<Kokkos::Impl::ParallelFor<K...
b200,sm_100,other,,30,0,0,no,1.0,1.0,1.0,void Kokkos::Impl::cuda_parallel_launch_local_memory<Kokkos::Impl::ParallelFor<K...
b200,sm_100,other,,30,0,0,no,1.0,1.0,1.0,void Kokkos::Impl::cuda_parallel_launch_local_memory<Kokkos::Impl::ParallelFor<K...
b200,sm_100,other,,30,0,0,no,1.0,1.0,1.0,void Kokkos::Impl::cuda_parallel_launch_local_memory<Kokkos::Impl::ParallelFor<K...
b200,sm_100,other,,30,0,0,no,1.0,1.0,1.0,void Kokkos::Impl::cuda_parallel_launch_local_memory<Kokkos::Impl::ParallelFor<K...
b200,sm_100,other,,30,0,0,no,1.0,1.0,1.0,void Kokkos::Impl::cuda_parallel_launch_local_memory<Kokkos::Impl::ParallelFor<K...
b200,sm_100,other,,30,0,0,no,1.0,1.0,1.0,void Kokkos::Impl::cuda_parallel_launch_local_memory<Kokkos::Impl::ParallelFor<K...
b200,sm_100,other,,30,0,0,no,1.0,1.0,1.0,void Kokkos::Impl::cuda_parallel_launch_local_memory<Kokkos::Impl::ParallelFor<K...
b200,sm_100,other,,30,0,0,no,1.0,1.0,1.0,void Kokkos::Impl::cuda_parallel_launch_local_memory<Kokkos::Impl::ParallelFor<K...
b200,sm_100,other,,30,0,0,no,1.0,1.0,1.0,void Kokkos::Impl::cuda_parallel_launch_local_memory<Kokkos::Impl::ParallelFor<K...
b200,sm_100,other,,30,0,0,no,1.0,1.0,1.0,void Kokkos::Impl::cuda_parallel_launch_local_memory<Kokkos::Impl::ParallelFor<K...
b200,sm_100,other,,30,1024,0,no,1.0,1.0,1.0,void Kokkos::Impl::cuda_parallel_launch_local_memory<Kokkos::Impl::ParallelFor<K...
b200,sm_100,other,,30,1024,0,no,1.0,1.0,1.0,void Kokkos::Impl::cuda_parallel_launch_local_memory<Kokkos::Impl::ParallelFor<K...
b200,sm_100,other,,30,0,0,no,1.0,1.0,1.0,void Kokkos::Impl::cuda_parallel_launch_local_memory<Kokkos::Impl::ParallelFor<K...
b200,sm_100,other,,30,0,0,no,1.0,1.0,1.0,void Kokkos::Impl::cuda_parallel_launch_local_memory<Kokkos::Impl::ParallelFor<K...
b200,sm_100,other,,30,1024,0,no,1.0,1.0,1.0,void Kokkos::Impl::cuda_parallel_launch_local_memory<Kokkos::Impl::ParallelFor<p...
b200,sm_100,other,,30,1024,0,no,1.0,1.0,1.0,void Kokkos::Impl::cuda_parallel_launch_local_memory<Kokkos::Impl::ParallelFor<K...
b200,sm_100,other,,30,1024,0,no,1.0,1.0,1.0,void Kokkos::Impl::cuda_parallel_launch_local_memory<Kokkos::Impl::ParallelFor<K...
b200,sm_100,other,,30,1024,0,no,1.0,1.0,1.0,void Kokkos::Impl::cuda_parallel_launch_local_memory<Kokkos::Impl::ParallelFor<K...
b200,sm_100,other,,30,0,0,no,1.0,1.0,1.0,void Kokkos::Impl::cuda_parallel_launch_local_memory<Kokkos::Impl::ParallelFor<K...
b200,sm_100,other,,30,0,0,no,1.0,1.0,1.0,void Kokkos::Impl::cuda_parallel_launch_local_memory<Kokkos::Impl::ParallelFor<K...
b200,sm_100,other,,30,0,0,no,1.0,1.0,1.0,void Kokkos::Impl::cuda_parallel_launch_local_memory<Kokkos::Impl::ParallelFor<K...
b200,sm_100,other,,30,0,0,no,1.0,1.0,1.0,void Kokkos::Impl::cuda_parallel_launch_local_memory<Kokkos::Impl::ParallelFor<K...
b200,sm_100,other,,30,0,0,no,1.0,1.0,1.0,void Kokkos::Impl::cuda_parallel_launch_local_memory<Kokkos::Impl::ParallelFor<K...
b200,sm_100,other,,30,0,0,no,1.0,1.0,1.0,void Kokkos::Impl::cuda_parallel_launch_local_memory<Kokkos::Impl::ParallelFor<K...
b200,sm_100,other,,30,0,0,no,1.0,1.0,1.0,void Kokkos::Impl::cuda_parallel_launch_local_memory<Kokkos::Impl::ParallelFor<K...
b200,sm_100,other,,30,0,0,no,1.0,1.0,1.0,void Kokkos::Impl::cuda_parallel_launch_local_memory<Kokkos::Impl::ParallelFor<K...
b200,sm_100,other,,30,0,0,no,1.0,1.0,1.0,void Kokkos::Impl::cuda_parallel_launch_local_memory<Kokkos::Impl::ParallelFor<K...
b200,sm_100,other,,30,0,0,no,1.0,1.0,1.0,void Kokkos::Impl::cuda_parallel_launch_local_memory<Kokkos::Impl::ParallelFor<K...
b200,sm_100,other,,30,0,0,no,1.0,1.0,1.0,void Kokkos::Impl::cuda_parallel_launch_local_memory<Kokkos::Impl::ParallelFor<K...
b200,sm_100,other,,30,0,0,no,1.0,1.0,1.0,void Kokkos::Impl::cuda_parallel_launch_local_memory<Kokkos::Impl::ParallelFor<K...
b200,sm_100,other,,30,0,0,no,1.0,1.0,1.0,void Kokkos::Impl::cuda_parallel_launch_local_memory<Kokkos::Impl::ParallelFor<K...
b200,sm_100,other,,30,0,0,no,1.0,1.0,1.0,void Kokkos::Impl::cuda_parallel_launch_local_memory<Kokkos::Impl::ParallelFor<K...
b200,sm_100,other,,30,0,0,no,1.0,1.0,1.0,void Kokkos::Impl::cuda_parallel_launch_local_memory<Kokkos::Impl::ParallelFor<p...
b200,sm_100,other,,30,0,0,no,1.0,1.0,1.0,void Kokkos::Impl::cuda_parallel_launch_local_memory<Kokkos::Impl::ParallelFor<K...
b200,sm_100,other,,30,0,0,no,1.0,1.0,1.0,void Kokkos::Impl::cuda_parallel_launch_local_memory<Kokkos::Impl::ParallelFor<K...
b200,sm_100,other,,30,0,0,no,1.0,1.0,1.0,void Kokkos::Impl::cuda_parallel_launch_local_memory<Kokkos::Impl::ParallelFor<K...
b200,sm_100,other,,30,0,0,no,1.0,1.0,1.0,void Kokkos::Impl::cuda_parallel_launch_local_memory<Kokkos::Impl::ParallelFor<K...
b200,sm_100,other,,30,1024,0,no,1.0,1.0,1.0,void Kokkos::Impl::cuda_parallel_launch_local_memory<Kokkos::Impl::ParallelFor<K...
b200,sm_100,other,,30,1024,0,no,1.0,1.0,1.0,void Kokkos::Impl::cuda_parallel_launch_local_memory<Kokkos::Impl::ParallelFor<K...
b200,sm_100,other,,30,1024,0,no,1.0,1.0,1.0,void Kokkos::Impl::cuda_parallel_launch_local_memory<Kokkos::Impl::ParallelFor<K...
b200,sm_100,other,,30,1024,0,no,1.0,1.0,1.0,void Kokkos::Impl::cuda_parallel_launch_local_memory<Kokkos::Impl::ParallelFor<K...
b200,sm_100,other,,30,0,0,no,1.0,1.0,1.0,void Kokkos::Impl::cuda_parallel_launch_local_memory<Kokkos::Impl::ParallelFor<K...
b200,sm_100,other,,30,0,0,no,1.0,1.0,1.0,void Kokkos::Impl::cuda_parallel_launch_local_memory<Kokkos::Impl::ParallelFor<K...
b200,sm_100,other,,30,0,0,no,1.0,1.0,1.0,void Kokkos::Impl::cuda_parallel_launch_local_memory<Kokkos::Impl::ParallelFor<K...
b200,sm_100,other,,30,0,0,no,1.0,1.0,1.0,void Kokkos::Impl::cuda_parallel_launch_local_memory<Kokkos::Impl::ParallelFor<K...
b200,sm_100,other,,30,0,0,no,1.0,1.0,1.0,void Kokkos::Impl::cuda_parallel_launch_local_memory<Kokkos::Impl::ParallelFor<K...
b200,sm_100,other,,30,0,0,no,1.0,1.0,1.0,void Kokkos::Impl::cuda_parallel_launch_local_memory<Kokkos::Impl::ParallelFor<K...
b200,sm_100,other,,30,0,0,no,1.0,1.0,1.0,void Kokkos::Impl::cuda_parallel_launch_local_memory<Kokkos::Impl::ParallelFor<K...
b200,sm_100,other,,30,0,0,no,1.0,1.0,1.0,void Kokkos::Impl::cuda_parallel_launch_local_memory<Kokkos::Impl::ParallelFor<K...
b200,sm_100,other,,30,0,0,no,1.0,1.0,1.0,void Kokkos::Impl::cuda_parallel_launch_local_memory<Kokkos::Impl::ParallelFor<K...
b200,sm_100,other,,30,0,0,no,1.0,1.0,1.0,void Kokkos::Impl::cuda_parallel_launch_local_memory<Kokkos::Impl::ParallelFor<K...
b200,sm_100,other,,30,0,0,no,1.0,1.0,1.0,void Kokkos::Impl::cuda_parallel_launch_local_memory<Kokkos::Impl::ParallelFor<K...
b200,sm_100,other,,30,0,0,no,1.0,1.0,1.0,void Kokkos::Impl::cuda_parallel_launch_local_memory<Kokkos::Impl::ParallelFor<K...
b200,sm_100,other,,30,0,0,no,1.0,1.0,1.0,void Kokkos::Impl::cuda_parallel_launch_local_memory<Kokkos::Impl::ParallelFor<K...
b200,sm_100,other,,30,0,0,no,1.0,1.0,1.0,void Kokkos::Impl::cuda_parallel_launch_local_memory<Kokkos::Impl::ParallelFor<K...
b200,sm_100,other,,30,0,0,no,1.0,1.0,1.0,void Kokkos::Impl::cuda_parallel_launch_local_memory<Kokkos::Impl::ParallelFor<K...
b200,sm_100,other,,30,0,0,no,1.0,1.0,1.0,void Kokkos::Impl::cuda_parallel_launch_local_memory<Kokkos::Impl::ParallelFor<K...
b200,sm_100,other,,30,0,0,no,1.0,1.0,1.0,void Kokkos::Impl::cuda_parallel_launch_local_memory<Kokkos::Impl::ParallelFor<K...
b200,sm_100,other,,30,0,0,no,1.0,1.0,1.0,void Kokkos::Impl::cuda_parallel_launch_local_memory<Kokkos::Impl::ParallelFor<K...
b200,sm_100,other,,30,1024,0,no,1.0,1.0,1.0,void Kokkos::Impl::cuda_parallel_launch_local_memory<Kokkos::Impl::ParallelFor<K...
b200,sm_100,other,,30,1024,0,no,1.0,1.0,1.0,void Kokkos::Impl::cuda_parallel_launch_local_memory<Kokkos::Impl::ParallelFor<K...
b200,sm_100,other,,30,0,0,no,1.0,1.0,1.0,void Kokkos::Impl::cuda_parallel_launch_local_memory<Kokkos::Impl::ParallelFor<K...
b200,sm_100,other,,30,0,0,no,1.0,1.0,1.0,void Kokkos::Impl::cuda_parallel_launch_local_memory<Kokkos::Impl::ParallelFor<K...
b200,sm_100,other,,30,0,0,no,1.0,1.0,1.0,void Kokkos::Impl::cuda_parallel_launch_local_memory<Kokkos::Impl::ParallelFor<K...
b200,sm_100,other,,30,0,0,no,1.0,1.0,1.0,void Kokkos::Impl::cuda_parallel_launch_local_memory<Kokkos::Impl::ParallelFor<K...
b200,sm_100,other,,30,0,0,no,1.0,1.0,1.0,void Kokkos::Impl::cuda_parallel_launch_local_memory<Kokkos::Impl::ParallelFor<K...
b200,sm_100,other,,30,0,0,no,1.0,1.0,1.0,void Kokkos::Impl::cuda_parallel_launch_local_memory<Kokkos::Impl::ParallelFor<K...
b200,sm_100,other,,30,0,0,no,1.0,1.0,1.0,void Kokkos::Impl::cuda_parallel_launch_local_memory<Kokkos::Impl::ParallelFor<K...
b200,sm_100,other,,30,0,0,no,1.0,1.0,1.0,void Kokkos::Impl::cuda_parallel_launch_local_memory<Kokkos::Impl::ParallelFor<K...
b200,sm_100,other,,30,0,0,no,1.0,1.0,1.0,void Kokkos::Impl::cuda_parallel_launch_local_memory<Kokkos::Impl::ParallelFor<K...
b200,sm_100,other,,30,0,0,no,1.0,1.0,1.0,void Kokkos::Impl::cuda_parallel_launch_local_memory<Kokkos::Impl::ParallelFor<K...
b200,sm_100,other,,30,0,0,no,1.0,1.0,1.0,void Kokkos::Impl::cuda_parallel_launch_local_memory<Kokkos::Impl::ParallelFor<K...
b200,sm_100,other,,30,0,0,no,1.0,1.0,1.0,void Kokkos::Impl::cuda_parallel_launch_local_memory<Kokkos::Impl::ParallelFor<K...
b200,sm_100,other,,30,0,0,no,1.0,1.0,1.0,void Kokkos::Impl::cuda_parallel_launch_local_memory<Kokkos::Impl::ParallelFor<K...
b200,sm_100,other,,30,1024,0,no,1.0,1.0,1.0,void Kokkos::Impl::cuda_parallel_launch_local_memory<Kokkos::Impl::ParallelFor<K...
b200,sm_100,other,,30,1024,0,no,1.0,1.0,1.0,void Kokkos::Impl::cuda_parallel_launch_local_memory<Kokkos::Impl::ParallelFor<K...
b200,sm_100,other,,30,1024,0,no,1.0,1.0,1.0,void Kokkos::Impl::cuda_parallel_launch_local_memory<Kokkos::Impl::ParallelFor<K...
b200,sm_100,other,,30,1024,0,no,1.0,1.0,1.0,void Kokkos::Impl::cuda_parallel_launch_local_memory<Kokkos::Impl::ParallelFor<K...
b200,sm_100,other,,30,1024,0,no,1.0,1.0,1.0,void Kokkos::Impl::cuda_parallel_launch_local_memory<Kokkos::Impl::ParallelFor<K...
b200,sm_100,other,,30,1024,0,no,1.0,1.0,1.0,void Kokkos::Impl::cuda_parallel_launch_local_memory<Kokkos::Impl::ParallelFor<K...
b200,sm_100,other,,30,1024,0,no,1.0,1.0,1.0,void Kokkos::Impl::cuda_parallel_launch_local_memory<Kokkos::Impl::ParallelFor<K...
b200,sm_100,other,,30,1024,0,no,1.0,1.0,1.0,void Kokkos::Impl::cuda_parallel_launch_local_memory<Kokkos::Impl::ParallelFor<K...
b200,sm_100,other,,30,0,0,no,1.0,1.0,1.0,void Kokkos::Impl::cuda_parallel_launch_local_memory<Kokkos::Impl::ParallelFor<K...
b200,sm_100,other,,30,0,0,no,1.0,1.0,1.0,void Kokkos::Impl::cuda_parallel_launch_local_memory<Kokkos::Impl::ParallelFor<K...
b200,sm_100,other,,30,0,0,no,1.0,1.0,1.0,void Kokkos::Impl::cuda_parallel_launch_local_memory<Kokkos::Impl::ParallelFor<K...
b200,sm_100,other,,30,0,0,no,1.0,1.0,1.0,void Kokkos::Impl::cuda_parallel_launch_local_memory<Kokkos::Impl::ParallelFor<K...
b200,sm_100,other,,30,1024,0,no,1.0,1.0,1.0,void Kokkos::Impl::cuda_parallel_launch_local_memory<Kokkos::Impl::ParallelFor<K...
b200,sm_100,other,,30,1024,0,no,1.0,1.0,1.0,void Kokkos::Impl::cuda_parallel_launch_local_memory<Kokkos::Impl::ParallelFor<K...
b200,sm_100,other,,30,0,0,no,1.0,1.0,1.0,void Kokkos::Impl::cuda_parallel_launch_local_memory<Kokkos::Impl::ParallelFor<K...
b200,sm_100,other,,30,0,0,no,1.0,1.0,1.0,void Kokkos::Impl::cuda_parallel_launch_local_memory<Kokkos::Impl::ParallelFor<K...
b200,sm_100,other,,30,1024,0,no,1.0,1.0,1.0,void Kokkos::Impl::cuda_parallel_launch_local_memory<Kokkos::Impl::ParallelFor<K...
b200,sm_100,other,,30,1024,0,no,1.0,1.0,1.0,void Kokkos::Impl::cuda_parallel_launch_local_memory<Kokkos::Impl::ParallelFor<K...
b200,sm_100,other,,30,1024,0,no,1.0,1.0,1.0,void Kokkos::Impl::cuda_parallel_launch_local_memory<Kokkos::Impl::ParallelFor<K...
b200,sm_100,other,,30,1024,0,no,1.0,1.0,1.0,void Kokkos::Impl::cuda_parallel_launch_local_memory<Kokkos::Impl::ParallelFor<K...
b200,sm_100,other,,30,1024,0,no,1.0,1.0,1.0,void Kokkos::Impl::cuda_parallel_launch_local_memory<Kokkos::Impl::ParallelFor<K...
b200,sm_100,other,,30,1024,0,no,1.0,1.0,1.0,void Kokkos::Impl::cuda_parallel_launch_local_memory<Kokkos::Impl::ParallelFor<K...
b200,sm_100,other,,30,1024,0,no,1.0,1.0,1.0,void Kokkos::Impl::cuda_parallel_launch_local_memory<Kokkos::Impl::ParallelFor<K...
b200,sm_100,other,,30,0,0,no,1.0,1.0,1.0,void Kokkos::Impl::cuda_parallel_launch_local_memory<Kokkos::Impl::ParallelFor<K...
b200,sm_100,other,,30,0,0,no,1.0,1.0,1.0,void Kokkos::Impl::cuda_parallel_launch_local_memory<Kokkos::Impl::ParallelFor<K...
b200,sm_100,other,,30,0,0,no,1.0,1.0,1.0,void Kokkos::Impl::cuda_parallel_launch_local_memory<Kokkos::Impl::ParallelFor<K...
b200,sm_100,other,,30,0,0,no,1.0,1.0,1.0,void Kokkos::Impl::cuda_parallel_launch_local_memory<Kokkos::Impl::ParallelFor<K...
b200,sm_100,other,,30,0,0,no,1.0,1.0,1.0,void Kokkos::Impl::cuda_parallel_launch_local_memory<Kokkos::Impl::ParallelFor<K...
b200,sm_100,other,,30,1024,0,no,1.0,1.0,1.0,void Kokkos::Impl::cuda_parallel_launch_local_memory<Kokkos::Impl::ParallelFor<K...
b200,sm_100,other,,30,1024,0,no,1.0,1.0,1.0,void Kokkos::Impl::cuda_parallel_launch_local_memory<Kokkos::Impl::ParallelFor<K...
b200,sm_100,other,,30,1024,0,no,1.0,1.0,1.0,void Kokkos::Impl::cuda_parallel_launch_local_memory<Kokkos::Impl::ParallelFor<K...
b200,sm_100,other,,30,1024,0,no,1.0,1.0,1.0,void Kokkos::Impl::cuda_parallel_launch_local_memory<Kokkos::Impl::ParallelFor<K...
b200,sm_100,other,,30,1040,0,no,1.0,1.0,1.0,void Kokkos::Impl::cuda_parallel_launch_constant_memory<Kokkos::Impl::ParallelFo...
b200,sm_100,other,,30,1024,0,no,1.0,1.0,1.0,void Kokkos::Impl::cuda_parallel_launch_local_memory<Kokkos::Impl::ParallelFor<K...
b200,sm_100,other,,30,1024,0,no,1.0,1.0,1.0,void Kokkos::Impl::cuda_parallel_launch_local_memory<Kokkos::Impl::ParallelFor<K...
b200,sm_100,other,,30,1024,0,no,1.0,1.0,1.0,void Kokkos::Impl::cuda_parallel_launch_local_memory<Kokkos::Impl::ParallelFor<K...
b200,sm_100,other,,30,1024,0,no,1.0,1.0,1.0,void Kokkos::Impl::cuda_parallel_launch_local_memory<Kokkos::Impl::ParallelFor<K...
b200,sm_100,other,,30,0,0,no,1.0,1.0,1.0,void Kokkos::Impl::cuda_parallel_launch_local_memory<Kokkos::Impl::ParallelFor<K...
b200,sm_100,other,,30,0,0,no,1.0,1.0,1.0,void Kokkos::Impl::cuda_parallel_launch_local_memory<Kokkos::Impl::ParallelFor<K...
b200,sm_100,other,,30,0,0,no,1.0,1.0,1.0,void Kokkos::Impl::cuda_parallel_launch_local_memory<Kokkos::Impl::ParallelFor<K...
b200,sm_100,other,,30,0,0,no,1.0,1.0,1.0,void Kokkos::Impl::cuda_parallel_launch_local_memory<Kokkos::Impl::ParallelFor<K...
b200,sm_100,other,,30,0,0,no,1.0,1.0,1.0,void Kokkos::Impl::cuda_parallel_launch_local_memory<Kokkos::Impl::ParallelFor<p...
b200,sm_100,other,,30,0,0,no,1.0,1.0,1.0,void Kokkos::Impl::cuda_parallel_launch_local_memory<Kokkos::Impl::ParallelFor<K...
b200,sm_100,other,,30,0,0,no,1.0,1.0,1.0,void Kokkos::Impl::cuda_parallel_launch_local_memory<Kokkos::Impl::ParallelFor<K...
b200,sm_100,other,,30,1024,0,no,1.0,1.0,1.0,void Kokkos::Impl::cuda_parallel_launch_local_memory<Kokkos::Impl::ParallelFor<K...
b200,sm_100,other,,30,1024,0,no,1.0,1.0,1.0,void Kokkos::Impl::cuda_parallel_launch_local_memory<Kokkos::Impl::ParallelFor<K...
b200,sm_100,other,,30,1024,0,no,1.0,1.0,1.0,void Kokkos::Impl::cuda_parallel_launch_local_memory<Kokkos::Impl::ParallelFor<p...
b200,sm_100,other,,30,1024,0,no,1.0,1.0,1.0,void Kokkos::Impl::cuda_parallel_launch_local_memory<Kokkos::Impl::ParallelFor<p...
b200,sm_100,other,,30,1024,0,no,1.0,1.0,1.0,void Kokkos::Impl::cuda_parallel_launch_local_memory<Kokkos::Impl::ParallelFor<K...
b200,sm_100,other,,30,1024,0,no,1.0,1.0,1.0,void Kokkos::Impl::cuda_parallel_launch_local_memory<Kokkos::Impl::ParallelFor<K...
b200,sm_100,other,,30,1024,0,no,1.0,1.0,1.0,void Kokkos::Impl::cuda_parallel_launch_local_memory<Kokkos::Impl::ParallelFor<K...
b200,sm_100,other,,30,0,0,no,1.0,1.0,1.0,void Kokkos::Impl::cuda_parallel_launch_local_memory<Kokkos::Impl::ParallelFor<K...
b200,sm_100,other,,30,0,0,no,1.0,1.0,1.0,void Kokkos::Impl::cuda_parallel_launch_local_memory<Kokkos::Impl::ParallelFor<K...
b200,sm_100,other,,30,0,0,no,1.0,1.0,1.0,void Kokkos::Impl::cuda_parallel_launch_local_memory<Kokkos::Impl::ParallelFor<K...
b200,sm_100,other,,30,0,0,no,1.0,1.0,1.0,void Kokkos::Impl::cuda_parallel_launch_local_memory<Kokkos::Impl::ParallelFor<K...
b200,sm_100,other,,30,0,0,no,1.0,1.0,1.0,void Kokkos::Impl::cuda_parallel_launch_local_memory<Kokkos::Impl::ParallelFor<K...
b200,sm_100,other,,30,0,0,no,1.0,1.0,1.0,void Kokkos::Impl::cuda_parallel_launch_local_memory<Kokkos::Impl::ParallelFor<K...
b200,sm_100,other,,30,0,0,no,1.0,1.0,1.0,void Kokkos::Impl::cuda_parallel_launch_local_memory<Kokkos::Impl::ParallelFor<K...
b200,sm_100,other,,30,0,0,no,1.0,1.0,1.0,void Kokkos::Impl::cuda_parallel_launch_local_memory<Kokkos::Impl::ParallelFor<K...
b200,sm_100,other,,30,0,0,no,1.0,1.0,1.0,void Kokkos::Impl::cuda_parallel_launch_local_memory<Kokkos::Impl::ParallelFor<K...
b200,sm_100,other,,30,0,0,no,1.0,1.0,1.0,void Kokkos::Impl::cuda_parallel_launch_local_memory<Kokkos::Impl::ParallelFor<K...
b200,sm_100,other,,30,0,0,no,1.0,1.0,1.0,void Kokkos::Impl::cuda_parallel_launch_local_memory<Kokkos::Impl::ParallelFor<K...
b200,sm_100,other,,30,0,0,no,1.0,1.0,1.0,void Kokkos::Impl::cuda_parallel_launch_local_memory<Kokkos::Impl::ParallelFor<K...
b200,sm_100,other,,30,0,0,no,1.0,1.0,1.0,void Kokkos::Impl::cuda_parallel_launch_local_memory<Kokkos::Impl::ParallelFor<K...
b200,sm_100,other,,30,0,0,no,1.0,1.0,1.0,void Kokkos::Impl::cuda_parallel_launch_local_memory<Kokkos::Impl::ParallelFor<K...
b200,sm_100,other,,30,0,0,no,1.0,1.0,1.0,void Kokkos::Impl::cuda_parallel_launch_local_memory<Kokkos::Impl::ParallelFor<K...
b200,sm_100,other,,30,1024,0,no,1.0,1.0,1.0,void Kokkos::Impl::cuda_parallel_launch_local_memory<Kokkos::Impl::ParallelFor<K...
b200,sm_100,other,,30,1024,0,no,1.0,1.0,1.0,void Kokkos::Impl::cuda_parallel_launch_local_memory<Kokkos::Impl::ParallelFor<K...
b200,sm_100,other,,30,1024,0,no,1.0,1.0,1.0,void Kokkos::Impl::cuda_parallel_launch_local_memory<Kokkos::Impl::ParallelFor<K...
b200,sm_100,other,,30,0,0,no,1.0,1.0,1.0,void Kokkos::Impl::cuda_parallel_launch_local_memory<Kokkos::Impl::ParallelFor<K...
b200,sm_100,other,,30,0,0,no,1.0,1.0,1.0,void Kokkos::Impl::cuda_parallel_launch_local_memory<Kokkos::Impl::ParallelFor<K...
b200,sm_100,other,,30,0,0,no,1.0,1.0,1.0,void Kokkos::Impl::cuda_parallel_launch_local_memory<Kokkos::Impl::ParallelFor<K...
b200,sm_100,other,,30,0,0,no,1.0,1.0,1.0,void Kokkos::Impl::cuda_parallel_launch_local_memory<Kokkos::Impl::ParallelFor<K...
b200,sm_100,other,,30,0,0,no,1.0,1.0,1.0,void Kokkos::Impl::cuda_parallel_launch_local_memory<Kokkos::Impl::ParallelFor<K...
b200,sm_100,other,,30,0,0,no,1.0,1.0,1.0,void Kokkos::Impl::cuda_parallel_launch_local_memory<Kokkos::Impl::ParallelFor<K...
b200,sm_100,other,,30,0,0,no,1.0,1.0,1.0,void Kokkos::Impl::cuda_parallel_launch_local_memory<Kokkos::Impl::ParallelFor<K...
b200,sm_100,other,,30,0,0,no,1.0,1.0,1.0,void Kokkos::Impl::cuda_parallel_launch_local_memory<Kokkos::Impl::ParallelFor<K...
b200,sm_100,other,,30,0,0,no,1.0,1.0,1.0,void Kokkos::Impl::cuda_parallel_launch_local_memory<Kokkos::Impl::ParallelFor<K...
b200,sm_100,other,,30,0,0,no,1.0,1.0,1.0,void Kokkos::Impl::cuda_parallel_launch_local_memory<Kokkos::Impl::ParallelFor<K...
b200,sm_100,other,,30,0,0,no,1.0,1.0,1.0,void Kokkos::Impl::cuda_parallel_launch_local_memory<Kokkos::Impl::ParallelFor<K...
b200,sm_100,other,,30,0,0,no,1.0,1.0,1.0,void Kokkos::Impl::cuda_parallel_launch_local_memory<Kokkos::Impl::ParallelFor<K...
b200,sm_100,other,,30,0,0,no,1.0,1.0,1.0,void Kokkos::Impl::cuda_parallel_launch_local_memory<Kokkos::Impl::ParallelFor<K...
b200,sm_100,other,,30,1024,0,no,1.0,1.0,1.0,void Kokkos::Impl::cuda_parallel_launch_local_memory<Kokkos::Impl::ParallelFor<K...
b200,sm_100,other,,30,1024,0,no,1.0,1.0,1.0,void Kokkos::Impl::cuda_parallel_launch_local_memory<Kokkos::Impl::ParallelFor<K...
b200,sm_100,other,,30,0,0,no,1.0,1.0,1.0,void Kokkos::Impl::cuda_parallel_launch_local_memory<Kokkos::Impl::ParallelFor<K...
b200,sm_100,other,,30,0,0,no,1.0,1.0,1.0,void Kokkos::Impl::cuda_parallel_launch_local_memory<Kokkos::Impl::ParallelFor<K...
b200,sm_100,other,,30,0,0,no,1.0,1.0,1.0,void Kokkos::Impl::cuda_parallel_launch_local_memory<Kokkos::Impl::ParallelFor<K...
b200,sm_100,other,,30,0,0,no,1.0,1.0,1.0,void Kokkos::Impl::cuda_parallel_launch_local_memory<Kokkos::Impl::ParallelFor<K...
b200,sm_100,other,,30,0,0,no,1.0,1.0,1.0,void Kokkos::Impl::cuda_parallel_launch_local_memory<Kokkos::Impl::ParallelFor<K...
b200,sm_100,other,,30,0,0,no,1.0,1.0,1.0,void Kokkos::Impl::cuda_parallel_launch_local_memory<Kokkos::Impl::ParallelFor<K...
b200,sm_100,other,,30,0,0,no,1.0,1.0,1.0,void Kokkos::Impl::cuda_parallel_launch_local_memory<Kokkos::Impl::ParallelFor<K...
b200,sm_100,other,,30,0,0,no,1.0,1.0,1.0,void Kokkos::Impl::cuda_parallel_launch_local_memory<Kokkos::Impl::ParallelFor<K...
b200,sm_100,other,,30,0,0,no,1.0,1.0,1.0,void Kokkos::Impl::cuda_parallel_launch_local_memory<Kokkos::Impl::ParallelFor<K...
b200,sm_100,other,,30,0,0,no,1.0,1.0,1.0,void Kokkos::Impl::cuda_parallel_launch_local_memory<Kokkos::Impl::ParallelFor<K...
b200,sm_100,other,,30,0,0,no,1.0,1.0,1.0,void Kokkos::Impl::cuda_parallel_launch_local_memory<Kokkos::Impl::ParallelFor<K...
b200,sm_100,other,,30,0,0,no,1.0,1.0,1.0,void Kokkos::Impl::cuda_parallel_launch_local_memory<Kokkos::Impl::ParallelFor<K...
b200,sm_100,other,,30,0,0,no,1.0,1.0,1.0,void Kokkos::Impl::cuda_parallel_launch_local_memory<Kokkos::Impl::ParallelFor<K...
b200,sm_100,other,,30,0,0,no,1.0,1.0,1.0,void Kokkos::Impl::cuda_parallel_launch_local_memory<Kokkos::Impl::ParallelFor<K...
b200,sm_100,other,,30,0,0,no,1.0,1.0,1.0,void Kokkos::Impl::cuda_parallel_launch_local_memory<Kokkos::Impl::ParallelFor<K...
b200,sm_100,other,,30,0,0,no,1.0,1.0,1.0,void Kokkos::Impl::cuda_parallel_launch_local_memory<Kokkos::Impl::ParallelFor<K...
b200,sm_100,other,,30,0,0,no,1.0,1.0,1.0,void Kokkos::Impl::cuda_parallel_launch_local_memory<Kokkos::Impl::ParallelFor<K...
b200,sm_100,other,,29,1032,0,no,1.0,1.0,1.0,void Kokkos::Impl::cuda_parallel_launch_constant_memory<Kokkos::Impl::ParallelFo...
b200,sm_100,other,,29,0,0,no,1.0,1.0,1.0,void Kokkos::Impl::cuda_parallel_launch_local_memory<Kokkos::Impl::ParallelFor<p...
b200,sm_100,other,,29,1064,0,no,1.0,1.0,1.0,void Kokkos::Impl::cuda_parallel_launch_local_memory<Kokkos::Impl::ParallelFor<p...
b200,sm_100,other,,28,0,0,no,1.0,1.0,1.0,void Kokkos::Impl::cuda_parallel_launch_local_memory<Kokkos::Impl::ParallelFor<K...
b200,sm_100,other,,28,0,0,no,1.0,1.0,1.0,void Kokkos::Impl::cuda_parallel_launch_local_memory<Kokkos::Impl::ParallelFor<K...
b200,sm_100,other,,28,0,0,no,1.0,1.0,1.0,void Kokkos::Impl::cuda_parallel_launch_local_memory<Kokkos::Impl::ParallelFor<K...
b200,sm_100,other,,28,0,0,no,1.0,1.0,1.0,void Kokkos::Impl::cuda_parallel_launch_local_memory<Kokkos::Impl::ParallelFor<K...
b200,sm_100,other,,28,0,0,no,1.0,1.0,1.0,void Kokkos::Impl::cuda_parallel_launch_local_memory<Kokkos::Impl::ParallelFor<K...
b200,sm_100,other,,28,1024,0,no,1.0,1.0,1.0,void Kokkos::Impl::cuda_parallel_launch_local_memory<Kokkos::Impl::ParallelFor<K...
b200,sm_100,other,,28,0,0,no,1.0,1.0,1.0,void Kokkos::Impl::cuda_parallel_launch_local_memory<Kokkos::Impl::ParallelFor<K...
b200,sm_100,other,,28,0,0,no,1.0,1.0,1.0,void Kokkos::Impl::cuda_parallel_launch_local_memory<Kokkos::Impl::ParallelFor<K...
b200,sm_100,other,,28,0,0,no,1.0,1.0,1.0,void Kokkos::Impl::cuda_parallel_launch_local_memory<Kokkos::Impl::ParallelFor<K...
b200,sm_100,other,,28,0,0,no,1.0,1.0,1.0,void Kokkos::Impl::cuda_parallel_launch_local_memory<Kokkos::Impl::ParallelFor<K...
b200,sm_100,other,,28,0,0,no,1.0,1.0,1.0,void Kokkos::Impl::cuda_parallel_launch_local_memory<Kokkos::Impl::ParallelFor<K...
b200,sm_100,other,,28,0,0,no,1.0,1.0,1.0,void Kokkos::Impl::cuda_parallel_launch_local_memory<Kokkos::Impl::ParallelFor<K...
b200,sm_100,other,,28,0,0,no,1.0,1.0,1.0,void Kokkos::Impl::cuda_parallel_launch_local_memory<Kokkos::Impl::ParallelFor<K...
b200,sm_100,other,,28,0,0,no,1.0,1.0,1.0,void Kokkos::Impl::cuda_parallel_launch_local_memory<Kokkos::Impl::ParallelFor<K...
b200,sm_100,other,,28,0,0,no,1.0,1.0,1.0,void Kokkos::Impl::cuda_parallel_launch_local_memory<Kokkos::Impl::ParallelFor<K...
b200,sm_100,other,,28,0,0,no,1.0,1.0,1.0,void Kokkos::Impl::cuda_parallel_launch_local_memory<Kokkos::Impl::ParallelFor<K...
b200,sm_100,other,,28,0,0,no,1.0,1.0,1.0,void Kokkos::Impl::cuda_parallel_launch_local_memory<Kokkos::Impl::ParallelFor<K...
b200,sm_100,other,,28,0,0,no,1.0,1.0,1.0,void Kokkos::Impl::cuda_parallel_launch_local_memory<Kokkos::Impl::ParallelFor<K...
b200,sm_100,other,,28,0,0,no,1.0,1.0,1.0,void Kokkos::Impl::cuda_parallel_launch_local_memory<Kokkos::Impl::ParallelFor<K...
b200,sm_100,other,,28,0,0,no,1.0,1.0,1.0,void Kokkos::Impl::cuda_parallel_launch_local_memory<Kokkos::Impl::ParallelFor<p...
b200,sm_100,other,,28,0,0,no,1.0,1.0,1.0,void Kokkos::Impl::cuda_parallel_launch_local_memory<Kokkos::Impl::ParallelFor<K...
b200,sm_100,other,,28,0,0,no,1.0,1.0,1.0,void Kokkos::Impl::cuda_parallel_launch_local_memory<Kokkos::Impl::ParallelFor<K...
b200,sm_100,other,,28,0,0,no,1.0,1.0,1.0,void Kokkos::Impl::cuda_parallel_launch_local_memory<Kokkos::Impl::ParallelFor<K...
b200,sm_100,other,,28,0,0,no,1.0,1.0,1.0,void Kokkos::Impl::cuda_parallel_launch_local_memory<Kokkos::Impl::ParallelFor<K...
b200,sm_100,other,,28,0,0,no,1.0,1.0,1.0,void Kokkos::Impl::cuda_parallel_launch_local_memory<Kokkos::Impl::ParallelFor<p...
b200,sm_100,other,,28,0,0,no,1.0,1.0,1.0,void Kokkos::Impl::cuda_parallel_launch_local_memory<Kokkos::Impl::ParallelFor<K...
b200,sm_100,other,,28,0,0,no,1.0,1.0,1.0,void Kokkos::Impl::cuda_parallel_launch_local_memory<Kokkos::Impl::ParallelFor<K...
b200,sm_100,other,,28,0,0,no,1.0,1.0,1.0,void Kokkos::Impl::cuda_parallel_launch_local_memory<Kokkos::Impl::ParallelFor<K...
b200,sm_100,other,,28,0,0,no,1.0,1.0,1.0,void Kokkos::Impl::cuda_parallel_launch_local_memory<Kokkos::Impl::ParallelFor<K...
b200,sm_100,other,,28,0,0,no,1.0,1.0,1.0,void Kokkos::Impl::cuda_parallel_launch_local_memory<Kokkos::Impl::ParallelFor<K...
b200,sm_100,other,,28,1024,0,no,1.0,1.0,1.0,void Kokkos::Impl::cuda_parallel_launch_local_memory<Kokkos::Impl::ParallelFor<K...
b200,sm_100,other,,28,0,0,no,1.0,1.0,1.0,void Kokkos::Impl::cuda_parallel_launch_local_memory<Kokkos::Impl::ParallelFor<K...
b200,sm_100,other,,28,0,0,no,1.0,1.0,1.0,void Kokkos::Impl::cuda_parallel_launch_local_memory<Kokkos::Impl::ParallelFor<K...
b200,sm_100,other,,28,0,0,no,1.0,1.0,1.0,void Kokkos::Impl::cuda_parallel_launch_local_memory<Kokkos::Impl::ParallelFor<K...
b200,sm_100,other,,28,0,0,no,1.0,1.0,1.0,void Kokkos::Impl::cuda_parallel_launch_local_memory<Kokkos::Impl::ParallelFor<K...
b200,sm_100,other,,28,0,0,no,1.0,1.0,1.0,void Kokkos::Impl::cuda_parallel_launch_local_memory<Kokkos::Impl::ParallelFor<K...
b200,sm_100,other,,28,0,0,no,1.0,1.0,1.0,void Kokkos::Impl::cuda_parallel_launch_local_memory<Kokkos::Impl::ParallelFor<K...
b200,sm_100,other,,28,0,0,no,1.0,1.0,1.0,void Kokkos::Impl::cuda_parallel_launch_local_memory<Kokkos::Impl::ParallelFor<K...
b200,sm_100,other,,28,0,0,no,1.0,1.0,1.0,void Kokkos::Impl::cuda_parallel_launch_local_memory<Kokkos::Impl::ParallelFor<K...
b200,sm_100,other,,28,1024,0,no,1.0,1.0,1.0,void Kokkos::Impl::cuda_parallel_launch_local_memory<Kokkos::Impl::ParallelFor<K...
b200,sm_100,other,,28,1072,0,no,1.0,1.0,1.0,void Kokkos::Impl::cuda_parallel_launch_local_memory<Kokkos::Impl::ParallelFor<p...
b200,sm_100,other,,28,0,0,no,1.0,1.0,1.0,void Kokkos::Impl::cuda_parallel_launch_local_memory<Kokkos::Impl::ParallelFor<K...
b200,sm_100,other,,28,0,0,no,1.0,1.0,1.0,void Kokkos::Impl::cuda_parallel_launch_local_memory<Kokkos::Impl::ParallelFor<K...
b200,sm_100,other,,28,0,0,no,1.0,1.0,1.0,void Kokkos::Impl::cuda_parallel_launch_local_memory<Kokkos::Impl::ParallelFor<K...
b200,sm_100,other,,28,0,0,no,1.0,1.0,1.0,void Kokkos::Impl::cuda_parallel_launch_local_memory<Kokkos::Impl::ParallelFor<K...
b200,sm_100,other,,28,0,0,no,1.0,1.0,1.0,void Kokkos::Impl::cuda_parallel_launch_local_memory<Kokkos::Impl::ParallelFor<K...
b200,sm_100,other,,28,0,0,no,1.0,1.0,1.0,void Kokkos::Impl::cuda_parallel_launch_local_memory<Kokkos::Impl::ParallelFor<K...
b200,sm_100,other,,28,0,0,no,1.0,1.0,1.0,void Kokkos::Impl::cuda_parallel_launch_local_memory<Kokkos::Impl::ParallelFor<K...
b200,sm_100,other,,28,1024,0,no,1.0,1.0,1.0,void Kokkos::Impl::cuda_parallel_launch_local_memory<Kokkos::Impl::ParallelFor<K...
b200,sm_100,other,,28,1024,0,no,1.0,1.0,1.0,void Kokkos::Impl::cuda_parallel_launch_local_memory<Kokkos::Impl::ParallelFor<K...
b200,sm_100,other,,28,1024,0,no,1.0,1.0,1.0,void Kokkos::Impl::cuda_parallel_launch_local_memory<Kokkos::Impl::ParallelReduc...
b200,sm_100,other,,28,1024,0,no,1.0,1.0,1.0,void Kokkos::Impl::cuda_parallel_launch_local_memory<Kokkos::Impl::ParallelFor<K...
b200,sm_100,other,,28,1040,0,no,1.0,1.0,1.0,void Kokkos::Impl::cuda_parallel_launch_constant_memory<Kokkos::Impl::ParallelFo...
b200,sm_100,other,,28,0,0,no,1.0,1.0,1.0,void Kokkos::Impl::cuda_parallel_launch_local_memory<Kokkos::Impl::ParallelFor<K...
b200,sm_100,other,,28,0,0,no,1.0,1.0,1.0,void Kokkos::Impl::cuda_parallel_launch_local_memory<Kokkos::Impl::ParallelFor<K...
b200,sm_100,other,,28,0,0,no,1.0,1.0,1.0,void Kokkos::Impl::cuda_parallel_launch_local_memory<Kokkos::Impl::ParallelFor<K...
b200,sm_100,other,,28,1024,0,no,1.0,1.0,1.0,void Kokkos::Impl::cuda_parallel_launch_local_memory<Kokkos::Impl::ParallelFor<K...
b200,sm_100,other,,28,1024,0,no,1.0,1.0,1.0,void Kokkos::Impl::cuda_parallel_launch_local_memory<Kokkos::Impl::ParallelFor<K...
b200,sm_100,other,,28,1064,0,no,1.0,1.0,1.0,void Kokkos::Impl::cuda_parallel_launch_local_memory<Kokkos::Impl::ParallelFor<p...
b200,sm_100,other,,27,0,0,no,1.0,1.0,1.0,void Kokkos::Impl::cuda_parallel_launch_local_memory<Kokkos::Impl::ParallelFor<K...
b200,sm_100,other,,27,1024,0,no,1.0,1.0,1.0,void Kokkos::Impl::cuda_parallel_launch_local_memory<Kokkos::Impl::ParallelFor<K...
b200,sm_100,other,,27,0,0,no,1.0,1.0,1.0,void Kokkos::Impl::cuda_parallel_launch_local_memory<Kokkos::Impl::ParallelFor<K...
b200,sm_100,other,,27,1064,0,no,1.0,1.0,1.0,void Kokkos::Impl::cuda_parallel_launch_local_memory<Kokkos::Impl::ParallelFor<p...
b200,sm_100,other,,27,1064,0,no,1.0,1.0,1.0,void Kokkos::Impl::cuda_parallel_launch_local_memory<Kokkos::Impl::ParallelFor<p...
b200,sm_100,other,,27,0,0,no,1.0,1.0,1.0,void Kokkos::Impl::cuda_parallel_launch_local_memory<Kokkos::Impl::ParallelFor<K...
b200,sm_100,other,,27,0,0,no,1.0,1.0,1.0,void Kokkos::Impl::cuda_parallel_launch_local_memory<Kokkos::Impl::ParallelFor<K...
b200,sm_100,other,,27,1040,0,no,1.0,1.0,1.0,void Kokkos::Impl::cuda_parallel_launch_constant_memory<Kokkos::Impl::ParallelFo...
b200,sm_100,other,,27,1040,0,no,1.0,1.0,1.0,void Kokkos::Impl::cuda_parallel_launch_constant_memory<Kokkos::Impl::ParallelFo...
b200,sm_100,other,,27,0,0,no,1.0,1.0,1.0,void Kokkos::Impl::cuda_parallel_launch_local_memory<Kokkos::Impl::ParallelFor<K...
b200,sm_100,other,,26,0,0,no,1.0,1.0,1.0,void Kokkos::Impl::cuda_parallel_launch_local_memory<Kokkos::Impl::ParallelFor<K...
b200,sm_100,other,,26,0,0,no,1.0,1.0,1.0,void Kokkos::Impl::cuda_parallel_launch_local_memory<Kokkos::Impl::ParallelFor<K...
b200,sm_100,other,,26,0,0,no,1.0,1.0,1.0,void Kokkos::Impl::cuda_parallel_launch_local_memory<Kokkos::Impl::ParallelFor<K...
b200,sm_100,other,,26,0,0,no,1.0,1.0,1.0,void Kokkos::Impl::cuda_parallel_launch_local_memory<Kokkos::Impl::ParallelFor<K...
b200,sm_100,other,,26,0,0,no,1.0,1.0,1.0,void Kokkos::Impl::cuda_parallel_launch_local_memory<Kokkos::Impl::ParallelFor<K...
b200,sm_100,other,,26,0,0,no,1.0,1.0,1.0,void Kokkos::Impl::cuda_parallel_launch_local_memory<Kokkos::Impl::ParallelFor<K...
b200,sm_100,other,,26,0,0,no,1.0,1.0,1.0,void Kokkos::Impl::cuda_parallel_launch_local_memory<Kokkos::Impl::ParallelFor<K...
b200,sm_100,other,,26,0,0,no,1.0,1.0,1.0,void Kokkos::Impl::cuda_parallel_launch_local_memory<Kokkos::Impl::ParallelFor<K...
b200,sm_100,other,,26,0,0,no,1.0,1.0,1.0,void Kokkos::Impl::cuda_parallel_launch_local_memory<Kokkos::Impl::ParallelFor<K...
b200,sm_100,other,,26,0,0,no,1.0,1.0,1.0,void Kokkos::Impl::cuda_parallel_launch_local_memory<Kokkos::Impl::ParallelFor<K...
b200,sm_100,other,,26,0,0,no,1.0,1.0,1.0,void Kokkos::Impl::cuda_parallel_launch_local_memory<Kokkos::Impl::ParallelFor<K...
b200,sm_100,other,,26,0,0,no,1.0,1.0,1.0,void Kokkos::Impl::cuda_parallel_launch_local_memory<Kokkos::Impl::ParallelFor<K...
b200,sm_100,other,,26,0,0,no,1.0,1.0,1.0,void Kokkos::Impl::cuda_parallel_launch_local_memory<Kokkos::Impl::ParallelFor<K...
b200,sm_100,other,,26,0,0,no,1.0,1.0,1.0,void Kokkos::Impl::cuda_parallel_launch_local_memory<Kokkos::Impl::ParallelFor<K...
b200,sm_100,other,,26,0,0,no,1.0,1.0,1.0,void Kokkos::Impl::cuda_parallel_launch_local_memory<Kokkos::Impl::ParallelFor<K...
b200,sm_100,other,,26,0,0,no,1.0,1.0,1.0,void Kokkos::Impl::cuda_parallel_launch_local_memory<Kokkos::Impl::ParallelFor<K...
b200,sm_100,other,,26,0,0,no,1.0,1.0,1.0,void Kokkos::Impl::cuda_parallel_launch_local_memory<Kokkos::Impl::ParallelFor<p...
b200,sm_100,other,,26,0,0,no,1.0,1.0,1.0,void Kokkos::Impl::cuda_parallel_launch_local_memory<Kokkos::Impl::ParallelFor<p...
b200,sm_100,other,,26,0,0,no,1.0,1.0,1.0,void Kokkos::Impl::cuda_parallel_launch_local_memory<Kokkos::Impl::ParallelFor<p...
b200,sm_100,other,,26,0,0,no,1.0,1.0,1.0,void Kokkos::Impl::cuda_parallel_launch_local_memory<Kokkos::Impl::ParallelFor<K...
b200,sm_100,other,,26,0,0,no,1.0,1.0,1.0,void Kokkos::Impl::cuda_parallel_launch_local_memory<Kokkos::Impl::ParallelFor<K...
b200,sm_100,other,,26,0,0,no,1.0,1.0,1.0,void Kokkos::Impl::cuda_parallel_launch_local_memory<Kokkos::Impl::ParallelFor<K...
b200,sm_100,other,,26,1024,0,no,1.0,1.0,1.0,void Kokkos::Impl::cuda_parallel_launch_local_memory<Kokkos::Impl::ParallelFor<K...
b200,sm_100,other,,26,0,0,no,1.0,1.0,1.0,void Kokkos::Impl::cuda_parallel_launch_local_memory<Kokkos::Impl::ParallelFor<K...
b200,sm_100,other,,26,0,0,no,1.0,1.0,1.0,void Kokkos::Impl::cuda_parallel_launch_local_memory<Kokkos::Impl::ParallelFor<K...
b200,sm_100,other,,26,0,0,no,1.0,1.0,1.0,void Kokkos::Impl::cuda_parallel_launch_local_memory<Kokkos::Impl::ParallelFor<K...
b200,sm_100,other,,25,0,0,no,1.0,1.0,1.0,void Kokkos::Impl::cuda_parallel_launch_local_memory<Kokkos::Impl::ParallelFor<K...
b200,sm_100,other,,25,0,0,no,1.0,1.0,1.0,void Kokkos::Impl::cuda_parallel_launch_local_memory<Kokkos::Impl::ParallelFor<K...
b200,sm_100,other,,25,0,0,no,1.0,1.0,1.0,void Kokkos::Impl::cuda_parallel_launch_local_memory<Kokkos::Impl::ParallelFor<K...
b200,sm_100,other,,25,0,0,no,1.0,1.0,1.0,void Kokkos::Impl::cuda_parallel_launch_local_memory<Kokkos::Impl::ParallelFor<K...
b200,sm_100,other,,25,0,0,no,1.0,1.0,1.0,void Kokkos::Impl::cuda_parallel_launch_local_memory<Kokkos::Impl::ParallelFor<K...
b200,sm_100,other,,25,0,0,no,1.0,1.0,1.0,void Kokkos::Impl::cuda_parallel_launch_local_memory<Kokkos::Impl::ParallelFor<K...
b200,sm_100,other,,25,1024,0,no,1.0,1.0,1.0,void Kokkos::Impl::cuda_parallel_launch_local_memory<Kokkos::Impl::ParallelFor<p...
b200,sm_100,other,,25,1024,0,no,1.0,1.0,1.0,void Kokkos::Impl::cuda_parallel_launch_local_memory<Kokkos::Impl::ParallelFor<K...
b200,sm_100,other,,25,0,0,no,1.0,1.0,1.0,void Kokkos::Impl::cuda_parallel_launch_local_memory<Kokkos::Impl::ParallelFor<K...
b200,sm_100,other,,25,0,0,no,1.0,1.0,1.0,void Kokkos::Impl::cuda_parallel_launch_local_memory<Kokkos::Impl::ParallelFor<K...
b200,sm_100,other,,24,0,0,no,1.0,1.0,1.0,void Kokkos::Impl::cuda_parallel_launch_local_memory<Kokkos::Impl::ParallelFor<p...
b200,sm_100,other,,24,0,0,no,1.0,1.0,1.0,void Kokkos::Impl::cuda_parallel_launch_local_memory<Kokkos::Impl::ParallelFor<K...
b200,sm_100,other,,24,0,0,no,1.0,1.0,1.0,void Kokkos::Impl::cuda_parallel_launch_local_memory<Kokkos::Impl::ParallelFor<K...
b200,sm_100,other,,24,0,0,no,1.0,1.0,1.0,void Kokkos::Impl::cuda_parallel_launch_local_memory<Kokkos::Impl::ParallelFor<p...
b200,sm_100,other,,24,0,0,no,1.0,1.0,1.0,void Kokkos::Impl::cuda_parallel_launch_local_memory<Kokkos::Impl::ParallelFor<K...
b200,sm_100,other,,24,0,0,no,1.0,1.0,1.0,void Kokkos::Impl::cuda_parallel_launch_local_memory<Kokkos::Impl::ParallelFor<K...
b200,sm_100,other,,24,0,0,no,1.0,1.0,1.0,void Kokkos::Impl::cuda_parallel_launch_local_memory<Kokkos::Impl::ParallelFor<K...
b200,sm_100,other,,24,0,0,no,1.0,1.0,1.0,void Kokkos::Impl::cuda_parallel_launch_local_memory<Kokkos::Impl::ParallelFor<K...
b200,sm_100,other,,24,0,0,no,1.0,1.0,1.0,void Kokkos::Impl::cuda_parallel_launch_local_memory<Kokkos::Impl::ParallelFor<p...
b200,sm_100,other,,24,1024,0,no,1.0,1.0,1.0,void Kokkos::Impl::cuda_parallel_launch_local_memory<Kokkos::Impl::ParallelFor<p...
b200,sm_100,other,,24,1024,0,no,1.0,1.0,1.0,void Kokkos::Impl::cuda_parallel_launch_local_memory<Kokkos::Impl::ParallelFor<p...
b200,sm_100,other,,23,0,0,no,1.0,1.0,1.0,void Kokkos::Impl::cuda_parallel_launch_local_memory<Kokkos::Impl::ParallelFor<p...
b200,sm_100,other,,23,0,0,no,1.0,1.0,1.0,void Kokkos::Impl::cuda_parallel_launch_local_memory<Kokkos::Impl::ParallelFor<p...
b200,sm_100,other,,23,0,0,no,1.0,1.0,1.0,void Kokkos::Impl::cuda_parallel_launch_local_memory<Kokkos::Impl::ParallelFor<p...
b200,sm_100,other,,22,0,0,no,1.0,1.0,1.0,void Kokkos::Impl::cuda_parallel_launch_local_memory<Kokkos::Impl::ParallelFor<K...
b200,sm_100,other,,22,0,0,no,1.0,1.0,1.0,void Kokkos::Impl::cuda_parallel_launch_local_memory<Kokkos::Impl::ParallelFor<K...
b200,sm_100,other,,22,0,0,no,1.0,1.0,1.0,void Kokkos::Impl::cuda_parallel_launch_local_memory<Kokkos::Impl::ParallelFor<K...
b200,sm_100,other,,22,0,0,no,1.0,1.0,1.0,void Kokkos::Impl::cuda_parallel_launch_local_memory<Kokkos::Impl::ParallelFor<K...
b200,sm_100,other,,22,0,0,no,1.0,1.0,1.0,void Kokkos::Impl::cuda_parallel_launch_constant_memory<Kokkos::Impl::ParallelFo...
b200,sm_100,other,,22,0,0,no,1.0,1.0,1.0,void Kokkos::Impl::cuda_parallel_launch_local_memory<Kokkos::Impl::ParallelFor<K...
b200,sm_100,other,,22,0,0,no,1.0,1.0,1.0,void Kokkos::Impl::cuda_parallel_launch_local_memory<Kokkos::Impl::ParallelFor<K...
b200,sm_100,other,,22,0,0,no,1.0,1.0,1.0,void Kokkos::Impl::cuda_parallel_launch_local_memory<Kokkos::Impl::ParallelFor<K...
b200,sm_100,other,,22,0,0,no,1.0,1.0,1.0,void Kokkos::Impl::cuda_parallel_launch_local_memory<Kokkos::Impl::ParallelFor<K...
b200,sm_100,other,,22,0,0,no,1.0,1.0,1.0,void Kokkos::Impl::cuda_parallel_launch_local_memory<Kokkos::Impl::ParallelFor<K...
b200,sm_100,other,,22,0,0,no,1.0,1.0,1.0,void Kokkos::Impl::cuda_parallel_launch_local_memory<Kokkos::Impl::ParallelFor<K...
b200,sm_100,other,,22,0,0,no,1.0,1.0,1.0,void Kokkos::Impl::cuda_parallel_launch_local_memory<Kokkos::Impl::ParallelFor<p...
b200,sm_100,other,,22,0,0,no,1.0,1.0,1.0,void Kokkos::Impl::cuda_parallel_launch_local_memory<Kokkos::Impl::ParallelFor<K...
b200,sm_100,other,,22,0,0,no,1.0,1.0,1.0,void Kokkos::Impl::cuda_parallel_launch_local_memory<Kokkos::Impl::ParallelFor<K...
b200,sm_100,other,,22,0,0,no,1.0,1.0,1.0,void Kokkos::Impl::cuda_parallel_launch_local_memory<Kokkos::Impl::ParallelFor<K...
b200,sm_100,other,,22,0,0,no,1.0,1.0,1.0,void Kokkos::Impl::cuda_parallel_launch_local_memory<Kokkos::Impl::ParallelFor<K...
b200,sm_100,other,,22,0,0,no,1.0,1.0,1.0,void Kokkos::Impl::cuda_parallel_launch_local_memory<Kokkos::Impl::ParallelFor<K...
b200,sm_100,other,,22,0,0,no,1.0,1.0,1.0,void Kokkos::Impl::cuda_parallel_launch_local_memory<Kokkos::Impl::ParallelFor<K...
b200,sm_100,other,,22,0,0,no,1.0,1.0,1.0,void Kokkos::Impl::cuda_parallel_launch_local_memory<Kokkos::Impl::ParallelFor<K...
b200,sm_100,other,,22,0,0,no,1.0,1.0,1.0,void Kokkos::Impl::cuda_parallel_launch_local_memory<Kokkos::Impl::ParallelFor<K...
b200,sm_100,other,,22,0,0,no,1.0,1.0,1.0,void Kokkos::Impl::cuda_parallel_launch_local_memory<Kokkos::Impl::ParallelFor<K...
b200,sm_100,other,,22,0,0,no,1.0,1.0,1.0,void Kokkos::Impl::cuda_parallel_launch_local_memory<Kokkos::Impl::ParallelFor<K...
b200,sm_100,other,,22,0,0,no,1.0,1.0,1.0,void Kokkos::Impl::cuda_parallel_launch_local_memory<Kokkos::Impl::ParallelFor<p...
b200,sm_100,other,,22,0,0,no,1.0,1.0,1.0,void Kokkos::Impl::cuda_parallel_launch_local_memory<Kokkos::Impl::ParallelFor<p...
b200,sm_100,other,,22,0,0,no,1.0,1.0,1.0,void Kokkos::Impl::cuda_parallel_launch_local_memory<Kokkos::Impl::ParallelFor<K...
b200,sm_100,other,,22,0,0,no,1.0,1.0,1.0,void Kokkos::Impl::cuda_parallel_launch_local_memory<Kokkos::Impl::ParallelFor<K...
b200,sm_100,other,,22,0,0,no,1.0,1.0,1.0,void Kokkos::Impl::cuda_parallel_launch_local_memory<Kokkos::Impl::ParallelFor<K...
b200,sm_100,other,,22,0,0,no,1.0,1.0,1.0,void Kokkos::Impl::cuda_parallel_launch_local_memory<Kokkos::Impl::ParallelFor<K...
b200,sm_100,other,,22,0,0,no,1.0,1.0,1.0,void Kokkos::Impl::cuda_parallel_launch_local_memory<Kokkos::Impl::ParallelFor<K...
b200,sm_100,other,,22,0,0,no,1.0,1.0,1.0,void Kokkos::Impl::cuda_parallel_launch_local_memory<Kokkos::Impl::ParallelFor<K...
b200,sm_100,other,,22,0,0,no,1.0,1.0,1.0,void Kokkos::Impl::cuda_parallel_launch_local_memory<Kokkos::Impl::ParallelFor<K...
b200,sm_100,other,,22,0,0,no,1.0,1.0,1.0,void Kokkos::Impl::cuda_parallel_launch_local_memory<Kokkos::Impl::ParallelFor<K...
b200,sm_100,other,,22,0,0,no,1.0,1.0,1.0,void Kokkos::Impl::cuda_parallel_launch_local_memory<Kokkos::Impl::ParallelFor<K...
b200,sm_100,other,,22,0,0,no,1.0,1.0,1.0,void Kokkos::Impl::cuda_parallel_launch_local_memory<Kokkos::Impl::ParallelFor<K...
b200,sm_100,other,,22,0,0,no,1.0,1.0,1.0,void Kokkos::Impl::cuda_parallel_launch_constant_memory<Kokkos::Impl::ParallelFo...
b200,sm_100,other,,22,0,0,no,1.0,1.0,1.0,void Kokkos::Impl::cuda_parallel_launch_local_memory<Kokkos::Impl::ParallelFor<p...
b200,sm_100,other,,21,0,0,no,1.0,1.0,1.0,void Kokkos::Impl::cuda_parallel_launch_local_memory<Kokkos::Impl::ParallelFor<K...
b200,sm_100,other,,21,0,0,no,1.0,1.0,1.0,void Kokkos::Impl::cuda_parallel_launch_local_memory<Kokkos::Impl::ParallelFor<K...
b200,sm_100,other,,21,0,0,no,1.0,1.0,1.0,void Kokkos::Impl::cuda_parallel_launch_local_memory<Kokkos::Impl::ParallelFor<K...
b200,sm_100,other,,21,0,0,no,1.0,1.0,1.0,void Kokkos::Impl::cuda_parallel_launch_local_memory<Kokkos::Impl::ParallelFor<K...
b200,sm_100,other,,21,0,0,no,1.0,1.0,1.0,void Kokkos::Impl::cuda_parallel_launch_local_memory<Kokkos::Impl::ParallelFor<p...
b200,sm_100,other,,21,0,0,no,1.0,1.0,1.0,void Kokkos::Impl::cuda_parallel_launch_local_memory<Kokkos::Impl::ParallelFor<p...
b200,sm_100,other,,21,0,0,no,1.0,1.0,1.0,void Kokkos::Impl::cuda_parallel_launch_local_memory<Kokkos::Impl::ParallelFor<p...
b200,sm_100,other,,21,0,0,no,1.0,1.0,1.0,void Kokkos::Impl::cuda_parallel_launch_local_memory<Kokkos::Impl::ParallelFor<p...
b200,sm_100,other,,21,0,0,no,1.0,1.0,1.0,void Kokkos::Impl::cuda_parallel_launch_local_memory<Kokkos::Impl::ParallelFor<K...
b200,sm_100,other,,21,0,0,no,1.0,1.0,1.0,void Kokkos::Impl::cuda_parallel_launch_local_memory<Kokkos::Impl::ParallelFor<K...
b200,sm_100,other,,21,1024,0,no,1.0,1.0,1.0,void Kokkos::Impl::cuda_parallel_launch_local_memory<Kokkos::Impl::ParallelFor<p...
b200,sm_100,other,,21,1024,0,no,1.0,1.0,1.0,void Kokkos::Impl::cuda_parallel_launch_local_memory<Kokkos::Impl::ParallelFor<p...
b200,sm_100,other,,21,1024,0,no,1.0,1.0,1.0,void Kokkos::Impl::cuda_parallel_launch_local_memory<Kokkos::Impl::ParallelFor<K...
b200,sm_100,other,,21,0,0,no,1.0,1.0,1.0,void Kokkos::Impl::cuda_parallel_launch_local_memory<Kokkos::Impl::ParallelFor<K...
b200,sm_100,other,,21,0,0,no,1.0,1.0,1.0,void Kokkos::Impl::cuda_parallel_launch_local_memory<Kokkos::Impl::ParallelFor<K...
b200,sm_100,other,,20,0,0,no,1.0,1.0,1.0,void Kokkos::Impl::cuda_parallel_launch_local_memory<Kokkos::Impl::ParallelFor<K...
b200,sm_100,other,,20,0,0,no,1.0,1.0,1.0,void Kokkos::Impl::cuda_parallel_launch_local_memory<Kokkos::Impl::ParallelFor<K...
b200,sm_100,other,,20,0,0,no,1.0,1.0,1.0,void Kokkos::Impl::cuda_parallel_launch_local_memory<Kokkos::Impl::ParallelFor<K...
b200,sm_100,other,,20,0,0,no,1.0,1.0,1.0,void Kokkos::Impl::cuda_parallel_launch_local_memory<Kokkos::Impl::ParallelFor<K...
b200,sm_100,other,,20,0,0,no,1.0,1.0,1.0,void Kokkos::Impl::cuda_parallel_launch_local_memory<Kokkos::Impl::ParallelFor<K...
b200,sm_100,other,,20,0,0,no,1.0,1.0,1.0,void Kokkos::Impl::cuda_parallel_launch_local_memory<Kokkos::Impl::ParallelFor<K...
b200,sm_100,other,,20,0,0,no,1.0,1.0,1.0,void Kokkos::Impl::cuda_parallel_launch_local_memory<Kokkos::Impl::ParallelFor<K...
b200,sm_100,other,,20,0,0,no,1.0,1.0,1.0,void Kokkos::Impl::cuda_parallel_launch_local_memory<Kokkos::Impl::ParallelFor<K...
b200,sm_100,other,,20,0,0,no,1.0,1.0,1.0,void Kokkos::Impl::cuda_parallel_launch_local_memory<Kokkos::Impl::ParallelFor<K...
b200,sm_100,other,,20,0,0,no,1.0,1.0,1.0,void Kokkos::Impl::cuda_parallel_launch_local_memory<Kokkos::Impl::ParallelFor<K...
b200,sm_100,other,,20,0,0,no,1.0,1.0,1.0,void Kokkos::Impl::cuda_parallel_launch_local_memory<Kokkos::Impl::ParallelFor<K...
b200,sm_100,other,,20,0,0,no,1.0,1.0,1.0,void Kokkos::Impl::cuda_parallel_launch_local_memory<Kokkos::Impl::ParallelFor<K...
b200,sm_100,other,,20,0,0,no,1.0,1.0,1.0,void Kokkos::Impl::cuda_parallel_launch_local_memory<Kokkos::Impl::ParallelFor<K...
b200,sm_100,other,,20,0,0,no,1.0,1.0,1.0,void Kokkos::Impl::cuda_parallel_launch_local_memory<Kokkos::Impl::ParallelFor<K...
b200,sm_100,other,,20,0,0,no,1.0,1.0,1.0,void Kokkos::Impl::cuda_parallel_launch_local_memory<Kokkos::Impl::ParallelFor<K...
b200,sm_100,other,,20,0,0,no,1.0,1.0,1.0,void Kokkos::Impl::cuda_parallel_launch_local_memory<Kokkos::Impl::ParallelFor<K...
b200,sm_100,other,,20,0,0,no,1.0,1.0,1.0,void Kokkos::Impl::cuda_parallel_launch_local_memory<Kokkos::Impl::ParallelFor<K...
b200,sm_100,other,,20,0,0,no,1.0,1.0,1.0,void Kokkos::Impl::cuda_parallel_launch_local_memory<Kokkos::Impl::ParallelFor<K...
b200,sm_100,other,,20,0,0,no,1.0,1.0,1.0,void Kokkos::Impl::cuda_parallel_launch_local_memory<Kokkos::Impl::ParallelFor<K...
b200,sm_100,other,,20,0,0,no,1.0,1.0,1.0,void Kokkos::Impl::cuda_parallel_launch_local_memory<Kokkos::Impl::ParallelFor<K...
b200,sm_100,other,,20,0,0,no,1.0,1.0,1.0,void Kokkos::Impl::cuda_parallel_launch_local_memory<Kokkos::Impl::ParallelFor<K...
b200,sm_100,other,,20,0,0,no,1.0,1.0,1.0,void Kokkos::Impl::cuda_parallel_launch_local_memory<Kokkos::Impl::ParallelFor<K...
b200,sm_100,other,,20,0,0,no,1.0,1.0,1.0,void Kokkos::Impl::cuda_parallel_launch_local_memory<Kokkos::Impl::ParallelFor<K...
b200,sm_100,other,,20,0,0,no,1.0,1.0,1.0,void Kokkos::Impl::cuda_parallel_launch_local_memory<Kokkos::Impl::ParallelFor<K...
b200,sm_100,other,,20,1024,0,no,1.0,1.0,1.0,void Kokkos::Impl::cuda_parallel_launch_local_memory<Kokkos::Impl::ParallelFor<K...
b200,sm_100,other,,20,1024,0,no,1.0,1.0,1.0,void Kokkos::Impl::cuda_parallel_launch_local_memory<Kokkos::Impl::ParallelFor<K...
b200,sm_100,other,,20,1024,0,no,1.0,1.0,1.0,void Kokkos::Impl::cuda_parallel_launch_local_memory<Kokkos::Impl::ParallelFor<K...
b200,sm_100,other,,20,0,0,no,1.0,1.0,1.0,void Kokkos::Impl::cuda_parallel_launch_local_memory<Kokkos::Impl::ParallelFor<K...
b200,sm_100,other,,20,1024,0,no,1.0,1.0,1.0,void Kokkos::Impl::cuda_parallel_launch_local_memory<Kokkos::Impl::ParallelFor<K...
b200,sm_100,other,,20,1024,0,no,1.0,1.0,1.0,void Kokkos::Impl::cuda_parallel_launch_local_memory<Kokkos::Impl::ParallelFor<K...
b200,sm_100,other,,20,1024,0,no,1.0,1.0,1.0,void Kokkos::Impl::cuda_parallel_launch_local_memory<Kokkos::Impl::ParallelFor<K...
b200,sm_100,other,,20,0,0,no,1.0,1.0,1.0,void Kokkos::Impl::cuda_parallel_launch_local_memory<Kokkos::Impl::ParallelFor<K...
b200,sm_100,other,,20,1024,0,no,1.0,1.0,1.0,void Kokkos::Impl::cuda_parallel_launch_local_memory<Kokkos::Impl::ParallelFor<K...
b200,sm_100,other,,20,1024,0,no,1.0,1.0,1.0,void Kokkos::Impl::cuda_parallel_launch_local_memory<Kokkos::Impl::ParallelFor<K...
b200,sm_100,other,,20,1024,0,no,1.0,1.0,1.0,void Kokkos::Impl::cuda_parallel_launch_local_memory<Kokkos::Impl::ParallelFor<K...
b200,sm_100,other,,20,1024,0,no,1.0,1.0,1.0,void Kokkos::Impl::cuda_parallel_launch_local_memory<Kokkos::Impl::ParallelFor<K...
b200,sm_100,other,,20,1024,0,no,1.0,1.0,1.0,void Kokkos::Impl::cuda_parallel_launch_local_memory<Kokkos::Impl::ParallelFor<K...
b200,sm_100,other,,20,1024,0,no,1.0,1.0,1.0,void Kokkos::Impl::cuda_parallel_launch_local_memory<Kokkos::Impl::ParallelFor<K...
b200,sm_100,other,,20,1024,0,no,1.0,1.0,1.0,void Kokkos::Impl::cuda_parallel_launch_local_memory<Kokkos::Impl::ParallelFor<K...
b200,sm_100,other,,20,1024,0,no,1.0,1.0,1.0,void Kokkos::Impl::cuda_parallel_launch_local_memory<Kokkos::Impl::ParallelFor<K...
b200,sm_100,other,,20,0,0,no,1.0,1.0,1.0,void Kokkos::Impl::cuda_parallel_launch_local_memory<Kokkos::Impl::ParallelFor<K...
b200,sm_100,other,,20,0,0,no,1.0,1.0,1.0,void Kokkos::Impl::cuda_parallel_launch_local_memory<Kokkos::Impl::ParallelFor<K...
b200,sm_100,other,,20,0,0,no,1.0,1.0,1.0,void Kokkos::Impl::cuda_parallel_launch_local_memory<Kokkos::Impl::ParallelFor<K...
b200,sm_100,other,,20,0,0,no,1.0,1.0,1.0,void Kokkos::Impl::cuda_parallel_launch_local_memory<Kokkos::Impl::ParallelFor<K...
b200,sm_100,other,,20,0,0,no,1.0,1.0,1.0,void Kokkos::Impl::cuda_parallel_launch_local_memory<Kokkos::Impl::ParallelFor<K...
b200,sm_100,other,,20,0,0,no,1.0,1.0,1.0,void Kokkos::Impl::cuda_parallel_launch_local_memory<Kokkos::Impl::ParallelFor<K...
b200,sm_100,other,,20,0,0,no,1.0,1.0,1.0,void Kokkos::Impl::cuda_parallel_launch_local_memory<Kokkos::Impl::ParallelFor<K...
b200,sm_100,other,,20,0,0,no,1.0,1.0,1.0,void Kokkos::Impl::cuda_parallel_launch_local_memory<Kokkos::Impl::ParallelFor<K...
b200,sm_100,other,,20,0,0,no,1.0,1.0,1.0,void Kokkos::Impl::cuda_parallel_launch_local_memory<Kokkos::Impl::ParallelFor<K...
b200,sm_100,other,,20,0,0,no,1.0,1.0,1.0,void Kokkos::Impl::cuda_parallel_launch_local_memory<Kokkos::Impl::ParallelFor<K...
b200,sm_100,other,,20,0,0,no,1.0,1.0,1.0,void Kokkos::Impl::cuda_parallel_launch_local_memory<Kokkos::Impl::ParallelFor<K...
b200,sm_100,other,,20,0,0,no,1.0,1.0,1.0,void Kokkos::Impl::cuda_parallel_launch_local_memory<Kokkos::Impl::ParallelFor<K...
b200,sm_100,other,,20,0,0,no,1.0,1.0,1.0,void Kokkos::Impl::cuda_parallel_launch_local_memory<Kokkos::Impl::ParallelFor<K...
b200,sm_100,other,,20,0,0,no,1.0,1.0,1.0,void Kokkos::Impl::cuda_parallel_launch_local_memory<Kokkos::Impl::ParallelFor<K...
b200,sm_100,other,,20,0,0,no,1.0,1.0,1.0,void Kokkos::Impl::cuda_parallel_launch_local_memory<Kokkos::Impl::ParallelFor<K...
b200,sm_100,other,,20,0,0,no,1.0,1.0,1.0,void Kokkos::Impl::cuda_parallel_launch_local_memory<Kokkos::Impl::ParallelFor<K...
b200,sm_100,other,,20,0,0,no,1.0,1.0,1.0,void Kokkos::Impl::cuda_parallel_launch_local_memory<Kokkos::Impl::ParallelFor<K...
b200,sm_100,other,,20,0,0,no,1.0,1.0,1.0,void Kokkos::Impl::cuda_parallel_launch_local_memory<Kokkos::Impl::ParallelFor<K...
b200,sm_100,other,,20,1024,0,no,1.0,1.0,1.0,void Kokkos::Impl::cuda_parallel_launch_local_memory<Kokkos::Impl::ParallelFor<K...
b200,sm_100,other,,20,0,0,no,1.0,1.0,1.0,void Kokkos::Impl::cuda_parallel_launch_local_memory<Kokkos::Impl::ParallelFor<K...
b200,sm_100,other,,20,1024,0,no,1.0,1.0,1.0,void Kokkos::Impl::cuda_parallel_launch_local_memory<Kokkos::Impl::ParallelFor<K...
b200,sm_100,other,,20,0,0,no,1.0,1.0,1.0,void Kokkos::Impl::cuda_parallel_launch_local_memory<Kokkos::Impl::ParallelFor<K...
b200,sm_100,other,,20,1024,0,no,1.0,1.0,1.0,void Kokkos::Impl::cuda_parallel_launch_local_memory<Kokkos::Impl::ParallelFor<K...
b200,sm_100,other,,20,0,0,no,1.0,1.0,1.0,void Kokkos::Impl::cuda_parallel_launch_local_memory<Kokkos::Impl::ParallelFor<K...
b200,sm_100,other,,20,0,0,no,1.0,1.0,1.0,void Kokkos::Impl::cuda_parallel_launch_local_memory<Kokkos::Impl::ParallelFor<K...
b200,sm_100,other,,20,0,0,no,1.0,1.0,1.0,void Kokkos::Impl::cuda_parallel_launch_local_memory<Kokkos::Impl::ParallelFor<K...
b200,sm_100,other,,20,0,0,no,1.0,1.0,1.0,void Kokkos::Impl::cuda_parallel_launch_local_memory<Kokkos::Impl::ParallelFor<K...
b200,sm_100,other,,20,0,0,no,1.0,1.0,1.0,void Kokkos::Impl::cuda_parallel_launch_local_memory<Kokkos::Impl::ParallelFor<K...
b200,sm_100,other,,20,0,0,no,1.0,1.0,1.0,void Kokkos::Impl::cuda_parallel_launch_local_memory<Kokkos::Impl::ParallelFor<K...
b200,sm_100,other,,20,0,0,no,1.0,1.0,1.0,void Kokkos::Impl::cuda_parallel_launch_local_memory<Kokkos::Impl::ParallelFor<K...
b200,sm_100,other,,20,0,0,no,1.0,1.0,1.0,void Kokkos::Impl::cuda_parallel_launch_local_memory<Kokkos::Impl::ParallelFor<K...
b200,sm_100,other,,20,0,0,no,1.0,1.0,1.0,void Kokkos::Impl::cuda_parallel_launch_local_memory<Kokkos::Impl::ParallelFor<K...
b200,sm_100,other,,20,0,0,no,1.0,1.0,1.0,void Kokkos::Impl::cuda_parallel_launch_local_memory<Kokkos::Impl::ParallelFor<K...
b200,sm_100,other,,20,0,0,no,1.0,1.0,1.0,void Kokkos::Impl::cuda_parallel_launch_local_memory<Kokkos::Impl::ParallelFor<K...
b200,sm_100,other,,20,0,0,no,1.0,1.0,1.0,void Kokkos::Impl::cuda_parallel_launch_local_memory<Kokkos::Impl::ParallelFor<K...
b200,sm_100,other,,20,0,0,no,1.0,1.0,1.0,void Kokkos::Impl::cuda_parallel_launch_local_memory<Kokkos::Impl::ParallelFor<K...
b200,sm_100,other,,20,0,0,no,1.0,1.0,1.0,void Kokkos::Impl::cuda_parallel_launch_local_memory<Kokkos::Impl::ParallelFor<K...
b200,sm_100,other,,20,0,0,no,1.0,1.0,1.0,void Kokkos::Impl::cuda_parallel_launch_local_memory<Kokkos::Impl::ParallelFor<K...
b200,sm_100,other,,20,0,0,no,1.0,1.0,1.0,void Kokkos::Impl::cuda_parallel_launch_local_memory<Kokkos::Impl::ParallelFor<K...
b200,sm_100,other,,20,1024,0,no,1.0,1.0,1.0,void Kokkos::Impl::cuda_parallel_launch_local_memory<Kokkos::Impl::ParallelFor<K...
b200,sm_100,other,,20,0,0,no,1.0,1.0,1.0,void Kokkos::Impl::cuda_parallel_launch_local_memory<Kokkos::Impl::ParallelFor<K...
b200,sm_100,other,,20,1024,0,no,1.0,1.0,1.0,void Kokkos::Impl::cuda_parallel_launch_local_memory<Kokkos::Impl::ParallelFor<K...
b200,sm_100,other,,20,0,0,no,1.0,1.0,1.0,void Kokkos::Impl::cuda_parallel_launch_local_memory<Kokkos::Impl::ParallelFor<K...
b200,sm_100,other,,20,1024,0,no,1.0,1.0,1.0,void Kokkos::Impl::cuda_parallel_launch_local_memory<Kokkos::Impl::ParallelFor<K...
b200,sm_100,other,,20,0,0,no,1.0,1.0,1.0,void Kokkos::Impl::cuda_parallel_launch_local_memory<Kokkos::Impl::ParallelFor<K...
b200,sm_100,other,,20,0,0,no,1.0,1.0,1.0,void Kokkos::Impl::cuda_parallel_launch_local_memory<Kokkos::Impl::ParallelFor<K...
b200,sm_100,other,,20,0,0,no,1.0,1.0,1.0,void Kokkos::Impl::cuda_parallel_launch_local_memory<Kokkos::Impl::ParallelFor<K...
b200,sm_100,other,,20,0,0,no,1.0,1.0,1.0,void Kokkos::Impl::cuda_parallel_launch_local_memory<Kokkos::Impl::ParallelFor<K...
b200,sm_100,other,,20,0,0,no,1.0,1.0,1.0,void Kokkos::Impl::cuda_parallel_launch_local_memory<Kokkos::Impl::ParallelFor<K...
b200,sm_100,other,,20,0,0,no,1.0,1.0,1.0,void Kokkos::Impl::cuda_parallel_launch_local_memory<Kokkos::Impl::ParallelFor<K...
b200,sm_100,other,,20,0,0,no,1.0,1.0,1.0,void Kokkos::Impl::cuda_parallel_launch_local_memory<Kokkos::Impl::ParallelFor<K...
b200,sm_100,other,,20,1024,0,no,1.0,1.0,1.0,void Kokkos::Impl::cuda_parallel_launch_local_memory<Kokkos::Impl::ParallelFor<K...
b200,sm_100,other,,20,0,0,no,1.0,1.0,1.0,void Kokkos::Impl::cuda_parallel_launch_local_memory<Kokkos::Impl::ParallelFor<K...
b200,sm_100,other,,20,0,0,no,1.0,1.0,1.0,void Kokkos::Impl::cuda_parallel_launch_local_memory<Kokkos::Impl::ParallelFor<K...
b200,sm_100,other,,20,0,0,no,1.0,1.0,1.0,void Kokkos::Impl::cuda_parallel_launch_local_memory<Kokkos::Impl::ParallelFor<K...
b200,sm_100,other,,20,0,0,no,1.0,1.0,1.0,void Kokkos::Impl::cuda_parallel_launch_local_memory<Kokkos::Impl::ParallelFor<K...
b200,sm_100,other,,20,0,0,no,1.0,1.0,1.0,void Kokkos::Impl::cuda_parallel_launch_local_memory<Kokkos::Impl::ParallelFor<K...
b200,sm_100,other,,20,0,0,no,1.0,1.0,1.0,void Kokkos::Impl::cuda_parallel_launch_local_memory<Kokkos::Impl::ParallelFor<K...
b200,sm_100,other,,20,0,0,no,1.0,1.0,1.0,void Kokkos::Impl::cuda_parallel_launch_local_memory<Kokkos::Impl::ParallelFor<K...
b200,sm_100,other,,20,0,0,no,1.0,1.0,1.0,void Kokkos::Impl::cuda_parallel_launch_local_memory<Kokkos::Impl::ParallelFor<K...
b200,sm_100,other,,20,0,0,no,1.0,1.0,1.0,void Kokkos::Impl::cuda_parallel_launch_local_memory<Kokkos::Impl::ParallelFor<K...
b200,sm_100,other,,20,0,0,no,1.0,1.0,1.0,void Kokkos::Impl::cuda_parallel_launch_local_memory<Kokkos::Impl::ParallelFor<K...
b200,sm_100,other,,20,0,0,no,1.0,1.0,1.0,void Kokkos::Impl::cuda_parallel_launch_local_memory<Kokkos::Impl::ParallelFor<K...
b200,sm_100,other,,20,0,0,no,1.0,1.0,1.0,void Kokkos::Impl::cuda_parallel_launch_local_memory<Kokkos::Impl::ParallelFor<K...
b200,sm_100,other,,20,0,0,no,1.0,1.0,1.0,void Kokkos::Impl::cuda_parallel_launch_local_memory<Kokkos::Impl::ParallelFor<K...
b200,sm_100,other,,20,0,0,no,1.0,1.0,1.0,void Kokkos::Impl::cuda_parallel_launch_local_memory<Kokkos::Impl::ParallelFor<K...
b200,sm_100,other,,20,0,0,no,1.0,1.0,1.0,void Kokkos::Impl::cuda_parallel_launch_local_memory<Kokkos::Impl::ParallelFor<K...
b200,sm_100,other,,20,0,0,no,1.0,1.0,1.0,void Kokkos::Impl::cuda_parallel_launch_local_memory<Kokkos::Impl::ParallelFor<K...
b200,sm_100,other,,20,1024,0,no,1.0,1.0,1.0,void Kokkos::Impl::cuda_parallel_launch_local_memory<Kokkos::Impl::ParallelFor<K...
b200,sm_100,other,,20,0,0,no,1.0,1.0,1.0,void Kokkos::Impl::cuda_parallel_launch_local_memory<Kokkos::Impl::ParallelFor<K...
b200,sm_100,other,,20,1024,0,no,1.0,1.0,1.0,void Kokkos::Impl::cuda_parallel_launch_local_memory<Kokkos::Impl::ParallelFor<K...
b200,sm_100,other,,20,0,0,no,1.0,1.0,1.0,void Kokkos::Impl::cuda_parallel_launch_local_memory<Kokkos::Impl::ParallelFor<K...
b200,sm_100,other,,20,0,0,no,1.0,1.0,1.0,void Kokkos::Impl::cuda_parallel_launch_local_memory<Kokkos::Impl::ParallelFor<K...
b200,sm_100,other,,20,0,0,no,1.0,1.0,1.0,void Kokkos::Impl::cuda_parallel_launch_local_memory<Kokkos::Impl::ParallelFor<K...
b200,sm_100,other,,20,0,0,no,1.0,1.0,1.0,void Kokkos::Impl::cuda_parallel_launch_local_memory<Kokkos::Impl::ParallelFor<K...
b200,sm_100,other,,20,0,0,no,1.0,1.0,1.0,void Kokkos::Impl::cuda_parallel_launch_local_memory<Kokkos::Impl::ParallelFor<K...
b200,sm_100,other,,20,0,0,no,1.0,1.0,1.0,void Kokkos::Impl::cuda_parallel_launch_local_memory<Kokkos::Impl::ParallelFor<K...
b200,sm_100,other,,20,0,0,no,1.0,1.0,1.0,void Kokkos::Impl::cuda_parallel_launch_local_memory<Kokkos::Impl::ParallelFor<K...
b200,sm_100,other,,20,0,0,no,1.0,1.0,1.0,void Kokkos::Impl::cuda_parallel_launch_local_memory<Kokkos::Impl::ParallelFor<K...
b200,sm_100,other,,20,0,0,no,1.0,1.0,1.0,void Kokkos::Impl::cuda_parallel_launch_local_memory<Kokkos::Impl::ParallelFor<K...
b200,sm_100,other,,20,0,0,no,1.0,1.0,1.0,void Kokkos::Impl::cuda_parallel_launch_local_memory<Kokkos::Impl::ParallelFor<K...
b200,sm_100,other,,20,0,0,no,1.0,1.0,1.0,void Kokkos::Impl::cuda_parallel_launch_local_memory<Kokkos::Impl::ParallelFor<K...
b200,sm_100,other,,20,0,0,no,1.0,1.0,1.0,void Kokkos::Impl::cuda_parallel_launch_local_memory<Kokkos::Impl::ParallelFor<K...
b200,sm_100,other,,20,0,0,no,1.0,1.0,1.0,void Kokkos::Impl::cuda_parallel_launch_local_memory<Kokkos::Impl::ParallelFor<K...
b200,sm_100,other,,20,1024,0,no,1.0,1.0,1.0,void Kokkos::Impl::cuda_parallel_launch_local_memory<Kokkos::Impl::ParallelFor<K...
b200,sm_100,other,,20,0,0,no,1.0,1.0,1.0,void Kokkos::Impl::cuda_parallel_launch_local_memory<Kokkos::Impl::ParallelFor<K...
b200,sm_100,other,,20,1024,0,no,1.0,1.0,1.0,void Kokkos::Impl::cuda_parallel_launch_local_memory<Kokkos::Impl::ParallelFor<K...
b200,sm_100,other,,20,0,0,no,1.0,1.0,1.0,void Kokkos::Impl::cuda_parallel_launch_local_memory<Kokkos::Impl::ParallelFor<K...
b200,sm_100,other,,20,0,0,no,1.0,1.0,1.0,void Kokkos::Impl::cuda_parallel_launch_local_memory<Kokkos::Impl::ParallelFor<K...
b200,sm_100,other,,20,0,0,no,1.0,1.0,1.0,void Kokkos::Impl::cuda_parallel_launch_local_memory<Kokkos::Impl::ParallelFor<K...
b200,sm_100,other,,20,0,0,no,1.0,1.0,1.0,void Kokkos::Impl::cuda_parallel_launch_local_memory<Kokkos::Impl::ParallelFor<K...
b200,sm_100,other,,20,0,0,no,1.0,1.0,1.0,void Kokkos::Impl::cuda_parallel_launch_local_memory<Kokkos::Impl::ParallelFor<K...
b200,sm_100,other,,20,0,0,no,1.0,1.0,1.0,void Kokkos::Impl::cuda_parallel_launch_local_memory<Kokkos::Impl::ParallelFor<K...
b200,sm_100,other,,20,0,0,no,1.0,1.0,1.0,void Kokkos::Impl::cuda_parallel_launch_local_memory<Kokkos::Impl::ParallelFor<K...
b200,sm_100,other,,20,1024,0,no,1.0,1.0,1.0,void Kokkos::Impl::cuda_parallel_launch_local_memory<Kokkos::Impl::ParallelFor<K...
b200,sm_100,other,,20,1024,0,no,1.0,1.0,1.0,void Kokkos::Impl::cuda_parallel_launch_local_memory<Kokkos::Impl::ParallelFor<K...
b200,sm_100,other,,20,0,0,no,1.0,1.0,1.0,void Kokkos::Impl::cuda_parallel_launch_local_memory<Kokkos::Impl::ParallelFor<K...
b200,sm_100,other,,20,0,0,no,1.0,1.0,1.0,void Kokkos::Impl::cuda_parallel_launch_local_memory<Kokkos::Impl::ParallelFor<K...
b200,sm_100,other,,20,0,0,no,1.0,1.0,1.0,void Kokkos::Impl::cuda_parallel_launch_local_memory<Kokkos::Impl::ParallelFor<K...
b200,sm_100,other,,20,0,0,no,1.0,1.0,1.0,void Kokkos::Impl::cuda_parallel_launch_local_memory<Kokkos::Impl::ParallelFor<K...
b200,sm_100,other,,20,0,0,no,1.0,1.0,1.0,void Kokkos::Impl::cuda_parallel_launch_local_memory<Kokkos::Impl::ParallelFor<K...
b200,sm_100,other,,20,0,0,no,1.0,1.0,1.0,void Kokkos::Impl::cuda_parallel_launch_local_memory<Kokkos::Impl::ParallelFor<K...
b200,sm_100,other,,20,0,0,no,1.0,1.0,1.0,void Kokkos::Impl::cuda_parallel_launch_local_memory<Kokkos::Impl::ParallelFor<K...
b200,sm_100,other,,20,0,0,no,1.0,1.0,1.0,void Kokkos::Impl::cuda_parallel_launch_local_memory<Kokkos::Impl::ParallelFor<K...
b200,sm_100,other,,20,0,0,no,1.0,1.0,1.0,void Kokkos::Impl::cuda_parallel_launch_local_memory<Kokkos::Impl::ParallelFor<K...
b200,sm_100,other,,20,0,0,no,1.0,1.0,1.0,void Kokkos::Impl::cuda_parallel_launch_local_memory<Kokkos::Impl::ParallelFor<K...
b200,sm_100,other,,20,0,0,no,1.0,1.0,1.0,void Kokkos::Impl::cuda_parallel_launch_local_memory<Kokkos::Impl::ParallelFor<K...
b200,sm_100,other,,20,1024,0,no,1.0,1.0,1.0,void Kokkos::Impl::cuda_parallel_launch_local_memory<Kokkos::Impl::ParallelFor<K...
b200,sm_100,other,,20,0,0,no,1.0,1.0,1.0,void Kokkos::Impl::cuda_parallel_launch_local_memory<Kokkos::Impl::ParallelFor<K...
b200,sm_100,other,,20,0,0,no,1.0,1.0,1.0,void Kokkos::Impl::cuda_parallel_launch_local_memory<Kokkos::Impl::ParallelFor<K...
b200,sm_100,other,,20,0,0,no,1.0,1.0,1.0,void Kokkos::Impl::cuda_parallel_launch_local_memory<Kokkos::Impl::ParallelFor<K...
b200,sm_100,other,,20,0,0,no,1.0,1.0,1.0,void Kokkos::Impl::cuda_parallel_launch_local_memory<Kokkos::Impl::ParallelFor<K...
b200,sm_100,other,,20,0,0,no,1.0,1.0,1.0,void Kokkos::Impl::cuda_parallel_launch_local_memory<Kokkos::Impl::ParallelFor<K...
b200,sm_100,other,,20,0,0,no,1.0,1.0,1.0,void Kokkos::Impl::cuda_parallel_launch_local_memory<Kokkos::Impl::ParallelFor<K...
b200,sm_100,other,,20,0,0,no,1.0,1.0,1.0,void Kokkos::Impl::cuda_parallel_launch_local_memory<Kokkos::Impl::ParallelFor<K...
b200,sm_100,other,,20,0,0,no,1.0,1.0,1.0,void Kokkos::Impl::cuda_parallel_launch_local_memory<Kokkos::Impl::ParallelFor<K...
b200,sm_100,other,,20,0,0,no,1.0,1.0,1.0,void Kokkos::Impl::cuda_parallel_launch_local_memory<Kokkos::Impl::ParallelFor<K...
b200,sm_100,other,,20,0,0,no,1.0,1.0,1.0,void Kokkos::Impl::cuda_parallel_launch_local_memory<Kokkos::Impl::ParallelFor<K...
b200,sm_100,other,,20,1024,0,no,1.0,1.0,1.0,void Kokkos::Impl::cuda_parallel_launch_local_memory<Kokkos::Impl::ParallelFor<K...
b200,sm_100,other,,20,1024,0,no,1.0,1.0,1.0,void Kokkos::Impl::cuda_parallel_launch_local_memory<Kokkos::Impl::ParallelFor<K...
b200,sm_100,other,,20,0,0,no,1.0,1.0,1.0,void Kokkos::Impl::cuda_parallel_launch_local_memory<Kokkos::Impl::ParallelFor<K...
b200,sm_100,other,,20,0,0,no,1.0,1.0,1.0,void Kokkos::Impl::cuda_parallel_launch_local_memory<Kokkos::Impl::ParallelFor<K...
b200,sm_100,other,,20,1024,0,no,1.0,1.0,1.0,void Kokkos::Impl::cuda_parallel_launch_local_memory<Kokkos::Impl::ParallelFor<K...
b200,sm_100,other,,20,0,0,no,1.0,1.0,1.0,void Kokkos::Impl::cuda_parallel_launch_local_memory<Kokkos::Impl::ParallelFor<K...
b200,sm_100,other,,20,1024,0,no,1.0,1.0,1.0,void Kokkos::Impl::cuda_parallel_launch_local_memory<Kokkos::Impl::ParallelFor<K...
b200,sm_100,other,,20,1024,0,no,1.0,1.0,1.0,void Kokkos::Impl::cuda_parallel_launch_local_memory<Kokkos::Impl::ParallelFor<K...
b200,sm_100,other,,20,0,0,no,1.0,1.0,1.0,void Kokkos::Impl::cuda_parallel_launch_local_memory<Kokkos::Impl::ParallelFor<K...
b200,sm_100,other,,20,0,0,no,1.0,1.0,1.0,void Kokkos::Impl::cuda_parallel_launch_local_memory<Kokkos::Impl::ParallelFor<K...
b200,sm_100,other,,20,0,0,no,1.0,1.0,1.0,void Kokkos::Impl::cuda_parallel_launch_local_memory<Kokkos::Impl::ParallelFor<K...
b200,sm_100,other,,20,1024,0,no,1.0,1.0,1.0,void Kokkos::Impl::cuda_parallel_launch_local_memory<Kokkos::Impl::ParallelFor<K...
b200,sm_100,other,,20,1024,0,no,1.0,1.0,1.0,void Kokkos::Impl::cuda_parallel_launch_local_memory<Kokkos::Impl::ParallelFor<K...
b200,sm_100,other,,20,0,0,no,1.0,1.0,1.0,void Kokkos::Impl::cuda_parallel_launch_local_memory<Kokkos::Impl::ParallelFor<K...
b200,sm_100,other,,20,0,0,no,1.0,1.0,1.0,void Kokkos::Impl::cuda_parallel_launch_local_memory<Kokkos::Impl::ParallelFor<K...
b200,sm_100,other,,20,0,0,no,1.0,1.0,1.0,void Kokkos::Impl::cuda_parallel_launch_local_memory<Kokkos::Impl::ParallelFor<K...
b200,sm_100,other,,20,1024,0,no,1.0,1.0,1.0,void Kokkos::Impl::cuda_parallel_launch_local_memory<Kokkos::Impl::ParallelFor<K...
b200,sm_100,other,,20,1024,0,no,1.0,1.0,1.0,void Kokkos::Impl::cuda_parallel_launch_local_memory<Kokkos::Impl::ParallelFor<K...
b200,sm_100,other,,20,1024,0,no,1.0,1.0,1.0,void Kokkos::Impl::cuda_parallel_launch_local_memory<Kokkos::Impl::ParallelFor<K...
b200,sm_100,other,,20,0,0,no,1.0,1.0,1.0,void Kokkos::Impl::cuda_parallel_launch_local_memory<Kokkos::Impl::ParallelFor<K...
b200,sm_100,other,,20,0,0,no,1.0,1.0,1.0,void Kokkos::Impl::cuda_parallel_launch_local_memory<Kokkos::Impl::ParallelFor<K...
b200,sm_100,other,,20,0,0,no,1.0,1.0,1.0,void Kokkos::Impl::cuda_parallel_launch_local_memory<Kokkos::Impl::ParallelFor<K...
b200,sm_100,other,,20,0,0,no,1.0,1.0,1.0,void Kokkos::Impl::cuda_parallel_launch_local_memory<Kokkos::Impl::ParallelFor<K...
b200,sm_100,other,,20,0,0,no,1.0,1.0,1.0,void Kokkos::Impl::cuda_parallel_launch_local_memory<Kokkos::Impl::ParallelFor<K...
b200,sm_100,other,,20,0,0,no,1.0,1.0,1.0,void Kokkos::Impl::cuda_parallel_launch_local_memory<Kokkos::Impl::ParallelFor<K...
b200,sm_100,other,,20,0,0,no,1.0,1.0,1.0,void Kokkos::Impl::cuda_parallel_launch_local_memory<Kokkos::Impl::ParallelFor<K...
b200,sm_100,other,,20,0,0,no,1.0,1.0,1.0,void Kokkos::Impl::cuda_parallel_launch_local_memory<Kokkos::Impl::ParallelFor<K...
b200,sm_100,other,,20,0,0,no,1.0,1.0,1.0,void Kokkos::Impl::cuda_parallel_launch_local_memory<Kokkos::Impl::ParallelFor<K...
b200,sm_100,other,,20,0,0,no,1.0,1.0,1.0,void Kokkos::Impl::cuda_parallel_launch_local_memory<Kokkos::Impl::ParallelFor<K...
b200,sm_100,other,,20,0,0,no,1.0,1.0,1.0,void Kokkos::Impl::cuda_parallel_launch_constant_memory<Kokkos::Impl::ParallelFo...
b200,sm_100,other,,20,0,0,no,1.0,1.0,1.0,void Kokkos::Impl::cuda_parallel_launch_local_memory<Kokkos::Impl::ParallelFor<K...
b200,sm_100,other,,20,1024,0,no,1.0,1.0,1.0,void Kokkos::Impl::cuda_parallel_launch_local_memory<Kokkos::Impl::ParallelFor<K...
b200,sm_100,other,,20,1024,0,no,1.0,1.0,1.0,void Kokkos::Impl::cuda_parallel_launch_local_memory<Kokkos::Impl::ParallelFor<K...
b200,sm_100,other,,20,1024,0,no,1.0,1.0,1.0,void Kokkos::Impl::cuda_parallel_launch_local_memory<Kokkos::Impl::ParallelReduc...
b200,sm_100,other,,20,1024,0,no,1.0,1.0,1.0,void Kokkos::Impl::cuda_parallel_launch_local_memory<Kokkos::Impl::ParallelFor<K...
b200,sm_100,other,,20,0,0,no,1.0,1.0,1.0,void Kokkos::Impl::cuda_parallel_launch_local_memory<Kokkos::Impl::ParallelFor<K...
b200,sm_100,other,,20,0,0,no,1.0,1.0,1.0,void Kokkos::Impl::cuda_parallel_launch_local_memory<Kokkos::Impl::ParallelFor<K...
b200,sm_100,other,,20,0,0,no,1.0,1.0,1.0,void Kokkos::Impl::cuda_parallel_launch_local_memory<Kokkos::Impl::ParallelFor<K...
b200,sm_100,other,,20,0,0,no,1.0,1.0,1.0,void Kokkos::Impl::cuda_parallel_launch_local_memory<Kokkos::Impl::ParallelFor<K...
b200,sm_100,other,,20,0,0,no,1.0,1.0,1.0,void Kokkos::Impl::cuda_parallel_launch_local_memory<Kokkos::Impl::ParallelFor<K...
b200,sm_100,other,,20,1024,0,no,1.0,1.0,1.0,void Kokkos::Impl::cuda_parallel_launch_local_memory<Kokkos::Impl::ParallelFor<K...
b200,sm_100,other,,20,0,0,no,1.0,1.0,1.0,void Kokkos::Impl::cuda_parallel_launch_local_memory<Kokkos::Impl::ParallelFor<K...
b200,sm_100,other,,20,0,0,no,1.0,1.0,1.0,void Kokkos::Impl::cuda_parallel_launch_local_memory<Kokkos::Impl::ParallelFor<K...
b200,sm_100,other,,20,0,0,no,1.0,1.0,1.0,void Kokkos::Impl::cuda_parallel_launch_local_memory<Kokkos::Impl::ParallelFor<K...
b200,sm_100,other,,20,0,0,no,1.0,1.0,1.0,void Kokkos::Impl::cuda_parallel_launch_local_memory<Kokkos::Impl::ParallelFor<K...
b200,sm_100,other,,20,0,0,no,1.0,1.0,1.0,void Kokkos::Impl::cuda_parallel_launch_local_memory<Kokkos::Impl::ParallelFor<K...
b200,sm_100,other,,20,0,0,no,1.0,1.0,1.0,void Kokkos::Impl::cuda_parallel_launch_local_memory<Kokkos::Impl::ParallelFor<K...
b200,sm_100,other,,20,0,0,no,1.0,1.0,1.0,void Kokkos::Impl::cuda_parallel_launch_local_memory<Kokkos::Impl::ParallelFor<K...
b200,sm_100,other,,20,0,0,no,1.0,1.0,1.0,void Kokkos::Impl::cuda_parallel_launch_local_memory<Kokkos::Impl::ParallelFor<K...
b200,sm_100,other,,19,0,0,no,1.0,1.0,1.0,void Kokkos::Impl::cuda_parallel_launch_local_memory<Kokkos::Impl::ParallelFor<p...
b200,sm_100,other,,18,0,0,no,1.0,1.0,1.0,void Kokkos::Impl::cuda_parallel_launch_local_memory<Kokkos::Impl::ParallelFor<K...
b200,sm_100,other,,18,0,0,no,1.0,1.0,1.0,void Kokkos::Impl::cuda_parallel_launch_local_memory<Kokkos::Impl::ParallelFor<K...
b200,sm_100,other,,18,0,0,no,1.0,1.0,1.0,void Kokkos::Impl::cuda_parallel_launch_local_memory<Kokkos::Impl::ParallelFor<K...
b200,sm_100,other,,18,0,0,no,1.0,1.0,1.0,void Kokkos::Impl::cuda_parallel_launch_local_memory<Kokkos::Impl::ParallelFor<K...
b200,sm_100,other,,18,0,0,no,1.0,1.0,1.0,void Kokkos::Impl::cuda_parallel_launch_local_memory<Kokkos::Impl::ParallelFor<K...
b200,sm_100,other,,18,0,0,no,1.0,1.0,1.0,void Kokkos::Impl::cuda_parallel_launch_local_memory<Kokkos::Impl::ParallelFor<K...
b200,sm_100,other,,18,0,0,no,1.0,1.0,1.0,void Kokkos::Impl::cuda_parallel_launch_local_memory<Kokkos::Impl::ParallelFor<K...
b200,sm_100,other,,18,0,0,no,1.0,1.0,1.0,void Kokkos::Impl::cuda_parallel_launch_local_memory<Kokkos::Impl::ParallelFor<K...
b200,sm_100,other,,18,0,0,no,1.0,1.0,1.0,void Kokkos::Impl::cuda_parallel_launch_local_memory<Kokkos::Impl::ParallelFor<K...
b200,sm_100,other,,18,0,0,no,1.0,1.0,1.0,void Kokkos::Impl::cuda_parallel_launch_local_memory<Kokkos::Impl::ParallelFor<K...
b200,sm_100,other,,18,0,0,no,1.0,1.0,1.0,void Kokkos::Impl::cuda_parallel_launch_local_memory<Kokkos::Impl::ParallelFor<K...
b200,sm_100,other,,18,0,0,no,1.0,1.0,1.0,void Kokkos::Impl::cuda_parallel_launch_local_memory<Kokkos::Impl::ParallelFor<K...
b200,sm_100,other,,18,0,0,no,1.0,1.0,1.0,void Kokkos::Impl::cuda_parallel_launch_local_memory<Kokkos::Impl::ParallelFor<K...
b200,sm_100,other,,18,0,0,no,1.0,1.0,1.0,void Kokkos::Impl::cuda_parallel_launch_local_memory<Kokkos::Impl::ParallelFor<K...
b200,sm_100,other,,18,0,0,no,1.0,1.0,1.0,void Kokkos::Impl::cuda_parallel_launch_local_memory<Kokkos::Impl::ParallelFor<K...
b200,sm_100,other,,18,0,0,no,1.0,1.0,1.0,void Kokkos::Impl::cuda_parallel_launch_local_memory<Kokkos::Impl::ParallelFor<K...
b200,sm_100,other,,18,0,0,no,1.0,1.0,1.0,void Kokkos::Impl::cuda_parallel_launch_local_memory<Kokkos::Impl::ParallelFor<K...
b200,sm_100,other,,18,0,0,no,1.0,1.0,1.0,void Kokkos::Impl::cuda_parallel_launch_local_memory<Kokkos::Impl::ParallelFor<K...
b200,sm_100,other,,18,0,0,no,1.0,1.0,1.0,void Kokkos::Impl::cuda_parallel_launch_local_memory<Kokkos::Impl::ParallelFor<K...
b200,sm_100,other,,18,0,0,no,1.0,1.0,1.0,void Kokkos::Impl::cuda_parallel_launch_local_memory<Kokkos::Impl::ParallelFor<K...
b200,sm_100,other,,18,0,0,no,1.0,1.0,1.0,void Kokkos::Impl::cuda_parallel_launch_local_memory<Kokkos::Impl::ParallelFor<K...
b200,sm_100,other,,18,0,0,no,1.0,1.0,1.0,void Kokkos::Impl::cuda_parallel_launch_local_memory<Kokkos::Impl::ParallelFor<K...
b200,sm_100,other,,18,0,0,no,1.0,1.0,1.0,void Kokkos::Impl::cuda_parallel_launch_local_memory<Kokkos::Impl::ParallelFor<K...
b200,sm_100,other,,18,0,0,no,1.0,1.0,1.0,void Kokkos::Impl::cuda_parallel_launch_local_memory<Kokkos::Impl::ParallelFor<K...
b200,sm_100,other,,18,0,0,no,1.0,1.0,1.0,void Kokkos::Impl::cuda_parallel_launch_local_memory<Kokkos::Impl::ParallelFor<K...
b200,sm_100,other,,18,0,0,no,1.0,1.0,1.0,void Kokkos::Impl::cuda_parallel_launch_local_memory<Kokkos::Impl::ParallelFor<K...
b200,sm_100,other,,18,0,0,no,1.0,1.0,1.0,void Kokkos::Impl::cuda_parallel_launch_local_memory<Kokkos::Impl::ParallelFor<K...
b200,sm_100,other,,18,0,0,no,1.0,1.0,1.0,void Kokkos::Impl::cuda_parallel_launch_local_memory<Kokkos::Impl::ParallelFor<K...
b200,sm_100,other,,18,1024,0,no,1.0,1.0,1.0,void Kokkos::Impl::cuda_parallel_launch_local_memory<Kokkos::Impl::ParallelFor<K...
b200,sm_100,other,,18,1024,0,no,1.0,1.0,1.0,void Kokkos::Impl::cuda_parallel_launch_local_memory<Kokkos::Impl::ParallelFor<K...
b200,sm_100,other,,18,1024,0,no,1.0,1.0,1.0,void Kokkos::Impl::cuda_parallel_launch_local_memory<Kokkos::Impl::ParallelFor<K...
b200,sm_100,other,,18,0,0,no,1.0,1.0,1.0,void Kokkos::Impl::cuda_parallel_launch_local_memory<Kokkos::Impl::ParallelFor<K...
b200,sm_100,other,,18,1024,0,no,1.0,1.0,1.0,void Kokkos::Impl::cuda_parallel_launch_local_memory<Kokkos::Impl::ParallelFor<K...
b200,sm_100,other,,18,1024,0,no,1.0,1.0,1.0,void Kokkos::Impl::cuda_parallel_launch_local_memory<Kokkos::Impl::ParallelFor<K...
b200,sm_100,other,,18,1024,0,no,1.0,1.0,1.0,void Kokkos::Impl::cuda_parallel_launch_local_memory<Kokkos::Impl::ParallelFor<K...
b200,sm_100,other,,18,0,0,no,1.0,1.0,1.0,void Kokkos::Impl::cuda_parallel_launch_local_memory<Kokkos::Impl::ParallelFor<K...
b200,sm_100,other,,18,1024,0,no,1.0,1.0,1.0,void Kokkos::Impl::cuda_parallel_launch_local_memory<Kokkos::Impl::ParallelFor<K...
b200,sm_100,other,,18,1024,0,no,1.0,1.0,1.0,void Kokkos::Impl::cuda_parallel_launch_local_memory<Kokkos::Impl::ParallelFor<K...
b200,sm_100,other,,18,1024,0,no,1.0,1.0,1.0,void Kokkos::Impl::cuda_parallel_launch_local_memory<Kokkos::Impl::ParallelFor<K...
b200,sm_100,other,,18,1024,0,no,1.0,1.0,1.0,void Kokkos::Impl::cuda_parallel_launch_local_memory<Kokkos::Impl::ParallelFor<K...
b200,sm_100,other,,18,1024,0,no,1.0,1.0,1.0,void Kokkos::Impl::cuda_parallel_launch_local_memory<Kokkos::Impl::ParallelFor<K...
b200,sm_100,other,,18,1024,0,no,1.0,1.0,1.0,void Kokkos::Impl::cuda_parallel_launch_local_memory<Kokkos::Impl::ParallelFor<K...
b200,sm_100,other,,18,1024,0,no,1.0,1.0,1.0,void Kokkos::Impl::cuda_parallel_launch_local_memory<Kokkos::Impl::ParallelFor<K...
b200,sm_100,other,,18,1024,0,no,1.0,1.0,1.0,void Kokkos::Impl::cuda_parallel_launch_local_memory<Kokkos::Impl::ParallelFor<K...
b200,sm_100,other,,18,0,0,no,1.0,1.0,1.0,void Kokkos::Impl::cuda_parallel_launch_local_memory<Kokkos::Impl::ParallelFor<K...
b200,sm_100,other,,18,0,0,no,1.0,1.0,1.0,void Kokkos::Impl::cuda_parallel_launch_local_memory<Kokkos::Impl::ParallelFor<K...
b200,sm_100,other,,18,0,0,no,1.0,1.0,1.0,void Kokkos::Impl::cuda_parallel_launch_local_memory<Kokkos::Impl::ParallelFor<K...
b200,sm_100,other,,18,0,0,no,1.0,1.0,1.0,void Kokkos::Impl::cuda_parallel_launch_local_memory<Kokkos::Impl::ParallelFor<K...
b200,sm_100,other,,18,0,0,no,1.0,1.0,1.0,void Kokkos::Impl::cuda_parallel_launch_local_memory<Kokkos::Impl::ParallelFor<K...
b200,sm_100,other,,18,0,0,no,1.0,1.0,1.0,void Kokkos::Impl::cuda_parallel_launch_local_memory<Kokkos::Impl::ParallelFor<K...
b200,sm_100,other,,18,0,0,no,1.0,1.0,1.0,void Kokkos::Impl::cuda_parallel_launch_local_memory<Kokkos::Impl::ParallelFor<K...
b200,sm_100,other,,18,0,0,no,1.0,1.0,1.0,void Kokkos::Impl::cuda_parallel_launch_local_memory<Kokkos::Impl::ParallelFor<K...
b200,sm_100,other,,18,0,0,no,1.0,1.0,1.0,void Kokkos::Impl::cuda_parallel_launch_local_memory<Kokkos::Impl::ParallelFor<K...
b200,sm_100,other,,18,0,0,no,1.0,1.0,1.0,void Kokkos::Impl::cuda_parallel_launch_local_memory<Kokkos::Impl::ParallelFor<K...
b200,sm_100,other,,18,0,0,no,1.0,1.0,1.0,void Kokkos::Impl::cuda_parallel_launch_local_memory<Kokkos::Impl::ParallelFor<K...
b200,sm_100,other,,18,0,0,no,1.0,1.0,1.0,void Kokkos::Impl::cuda_parallel_launch_local_memory<Kokkos::Impl::ParallelFor<K...
b200,sm_100,other,,18,0,0,no,1.0,1.0,1.0,void Kokkos::Impl::cuda_parallel_launch_local_memory<Kokkos::Impl::ParallelFor<K...
b200,sm_100,other,,18,0,0,no,1.0,1.0,1.0,void Kokkos::Impl::cuda_parallel_launch_local_memory<Kokkos::Impl::ParallelFor<K...
b200,sm_100,other,,18,0,0,no,1.0,1.0,1.0,void Kokkos::Impl::cuda_parallel_launch_local_memory<Kokkos::Impl::ParallelFor<K...
b200,sm_100,other,,18,1024,0,no,1.0,1.0,1.0,void Kokkos::Impl::cuda_parallel_launch_local_memory<Kokkos::Impl::ParallelFor<K...
b200,sm_100,other,,18,0,0,no,1.0,1.0,1.0,void Kokkos::Impl::cuda_parallel_launch_local_memory<Kokkos::Impl::ParallelFor<K...
b200,sm_100,other,,18,1024,0,no,1.0,1.0,1.0,void Kokkos::Impl::cuda_parallel_launch_local_memory<Kokkos::Impl::ParallelFor<K...
b200,sm_100,other,,18,0,0,no,1.0,1.0,1.0,void Kokkos::Impl::cuda_parallel_launch_local_memory<Kokkos::Impl::ParallelFor<K...
b200,sm_100,other,,18,1024,0,no,1.0,1.0,1.0,void Kokkos::Impl::cuda_parallel_launch_local_memory<Kokkos::Impl::ParallelFor<K...
b200,sm_100,other,,18,0,0,no,1.0,1.0,1.0,void Kokkos::Impl::cuda_parallel_launch_local_memory<Kokkos::Impl::ParallelFor<K...
b200,sm_100,other,,18,0,0,no,1.0,1.0,1.0,void Kokkos::Impl::cuda_parallel_launch_local_memory<Kokkos::Impl::ParallelFor<K...
b200,sm_100,other,,18,0,0,no,1.0,1.0,1.0,void Kokkos::Impl::cuda_parallel_launch_local_memory<Kokkos::Impl::ParallelFor<K...
b200,sm_100,other,,18,0,0,no,1.0,1.0,1.0,void Kokkos::Impl::cuda_parallel_launch_local_memory<Kokkos::Impl::ParallelFor<K...
b200,sm_100,other,,18,0,0,no,1.0,1.0,1.0,void Kokkos::Impl::cuda_parallel_launch_local_memory<Kokkos::Impl::ParallelFor<K...
b200,sm_100,other,,18,0,0,no,1.0,1.0,1.0,void Kokkos::Impl::cuda_parallel_launch_local_memory<Kokkos::Impl::ParallelFor<K...
b200,sm_100,other,,18,0,0,no,1.0,1.0,1.0,void Kokkos::Impl::cuda_parallel_launch_local_memory<Kokkos::Impl::ParallelFor<K...
b200,sm_100,other,,18,0,0,no,1.0,1.0,1.0,void Kokkos::Impl::cuda_parallel_launch_local_memory<Kokkos::Impl::ParallelFor<K...
b200,sm_100,other,,18,0,0,no,1.0,1.0,1.0,void Kokkos::Impl::cuda_parallel_launch_local_memory<Kokkos::Impl::ParallelFor<K...
b200,sm_100,other,,18,0,0,no,1.0,1.0,1.0,void Kokkos::Impl::cuda_parallel_launch_local_memory<Kokkos::Impl::ParallelFor<K...
b200,sm_100,other,,18,0,0,no,1.0,1.0,1.0,void Kokkos::Impl::cuda_parallel_launch_local_memory<Kokkos::Impl::ParallelFor<K...
b200,sm_100,other,,18,0,0,no,1.0,1.0,1.0,void Kokkos::Impl::cuda_parallel_launch_local_memory<Kokkos::Impl::ParallelFor<K...
b200,sm_100,other,,18,0,0,no,1.0,1.0,1.0,void Kokkos::Impl::cuda_parallel_launch_local_memory<Kokkos::Impl::ParallelFor<K...
b200,sm_100,other,,18,0,0,no,1.0,1.0,1.0,void Kokkos::Impl::cuda_parallel_launch_local_memory<Kokkos::Impl::ParallelFor<K...
b200,sm_100,other,,18,0,0,no,1.0,1.0,1.0,void Kokkos::Impl::cuda_parallel_launch_local_memory<Kokkos::Impl::ParallelFor<K...
b200,sm_100,other,,18,1024,0,no,1.0,1.0,1.0,void Kokkos::Impl::cuda_parallel_launch_local_memory<Kokkos::Impl::ParallelFor<K...
b200,sm_100,other,,18,0,0,no,1.0,1.0,1.0,void Kokkos::Impl::cuda_parallel_launch_local_memory<Kokkos::Impl::ParallelFor<K...
b200,sm_100,other,,18,1024,0,no,1.0,1.0,1.0,void Kokkos::Impl::cuda_parallel_launch_local_memory<Kokkos::Impl::ParallelFor<K...
b200,sm_100,other,,18,0,0,no,1.0,1.0,1.0,void Kokkos::Impl::cuda_parallel_launch_local_memory<Kokkos::Impl::ParallelFor<K...
b200,sm_100,other,,18,1024,0,no,1.0,1.0,1.0,void Kokkos::Impl::cuda_parallel_launch_local_memory<Kokkos::Impl::ParallelFor<K...
b200,sm_100,other,,18,0,0,no,1.0,1.0,1.0,void Kokkos::Impl::cuda_parallel_launch_local_memory<Kokkos::Impl::ParallelFor<K...
b200,sm_100,other,,18,0,0,no,1.0,1.0,1.0,void Kokkos::Impl::cuda_parallel_launch_local_memory<Kokkos::Impl::ParallelFor<K...
b200,sm_100,other,,18,0,0,no,1.0,1.0,1.0,void Kokkos::Impl::cuda_parallel_launch_local_memory<Kokkos::Impl::ParallelFor<K...
b200,sm_100,other,,18,0,0,no,1.0,1.0,1.0,void Kokkos::Impl::cuda_parallel_launch_local_memory<Kokkos::Impl::ParallelFor<K...
b200,sm_100,other,,18,0,0,no,1.0,1.0,1.0,void Kokkos::Impl::cuda_parallel_launch_local_memory<Kokkos::Impl::ParallelFor<K...
b200,sm_100,other,,18,0,0,no,1.0,1.0,1.0,void Kokkos::Impl::cuda_parallel_launch_local_memory<Kokkos::Impl::ParallelFor<K...
b200,sm_100,other,,18,0,0,no,1.0,1.0,1.0,void Kokkos::Impl::cuda_parallel_launch_local_memory<Kokkos::Impl::ParallelFor<K...
b200,sm_100,other,,18,1024,0,no,1.0,1.0,1.0,void Kokkos::Impl::cuda_parallel_launch_local_memory<Kokkos::Impl::ParallelFor<K...
b200,sm_100,other,,18,0,0,no,1.0,1.0,1.0,void Kokkos::Impl::cuda_parallel_launch_local_memory<Kokkos::Impl::ParallelFor<K...
b200,sm_100,other,,18,0,0,no,1.0,1.0,1.0,void Kokkos::Impl::cuda_parallel_launch_local_memory<Kokkos::Impl::ParallelFor<K...
b200,sm_100,other,,18,0,0,no,1.0,1.0,1.0,void Kokkos::Impl::cuda_parallel_launch_local_memory<Kokkos::Impl::ParallelFor<K...
b200,sm_100,other,,18,0,0,no,1.0,1.0,1.0,void Kokkos::Impl::cuda_parallel_launch_local_memory<Kokkos::Impl::ParallelFor<K...
b200,sm_100,other,,18,0,0,no,1.0,1.0,1.0,void Kokkos::Impl::cuda_parallel_launch_local_memory<Kokkos::Impl::ParallelFor<K...
b200,sm_100,other,,18,0,0,no,1.0,1.0,1.0,void Kokkos::Impl::cuda_parallel_launch_local_memory<Kokkos::Impl::ParallelFor<K...
b200,sm_100,other,,18,0,0,no,1.0,1.0,1.0,void Kokkos::Impl::cuda_parallel_launch_local_memory<Kokkos::Impl::ParallelFor<K...
b200,sm_100,other,,18,0,0,no,1.0,1.0,1.0,void Kokkos::Impl::cuda_parallel_launch_local_memory<Kokkos::Impl::ParallelFor<K...
b200,sm_100,other,,18,0,0,no,1.0,1.0,1.0,void Kokkos::Impl::cuda_parallel_launch_local_memory<Kokkos::Impl::ParallelFor<K...
b200,sm_100,other,,18,0,0,no,1.0,1.0,1.0,void Kokkos::Impl::cuda_parallel_launch_local_memory<Kokkos::Impl::ParallelFor<K...
b200,sm_100,other,,18,0,0,no,1.0,1.0,1.0,void Kokkos::Impl::cuda_parallel_launch_local_memory<Kokkos::Impl::ParallelFor<K...
b200,sm_100,other,,18,0,0,no,1.0,1.0,1.0,void Kokkos::Impl::cuda_parallel_launch_local_memory<Kokkos::Impl::ParallelFor<K...
b200,sm_100,other,,18,0,0,no,1.0,1.0,1.0,void Kokkos::Impl::cuda_parallel_launch_local_memory<Kokkos::Impl::ParallelFor<K...
b200,sm_100,other,,18,0,0,no,1.0,1.0,1.0,void Kokkos::Impl::cuda_parallel_launch_local_memory<Kokkos::Impl::ParallelFor<K...
b200,sm_100,other,,18,1024,0,no,1.0,1.0,1.0,void Kokkos::Impl::cuda_parallel_launch_local_memory<Kokkos::Impl::ParallelFor<K...
b200,sm_100,other,,18,0,0,no,1.0,1.0,1.0,void Kokkos::Impl::cuda_parallel_launch_local_memory<Kokkos::Impl::ParallelFor<K...
b200,sm_100,other,,18,1024,0,no,1.0,1.0,1.0,void Kokkos::Impl::cuda_parallel_launch_local_memory<Kokkos::Impl::ParallelFor<K...
b200,sm_100,other,,18,0,0,no,1.0,1.0,1.0,void Kokkos::Impl::cuda_parallel_launch_local_memory<Kokkos::Impl::ParallelFor<K...
b200,sm_100,other,,18,0,0,no,1.0,1.0,1.0,void Kokkos::Impl::cuda_parallel_launch_local_memory<Kokkos::Impl::ParallelFor<K...
b200,sm_100,other,,18,0,0,no,1.0,1.0,1.0,void Kokkos::Impl::cuda_parallel_launch_local_memory<Kokkos::Impl::ParallelFor<K...
b200,sm_100,other,,18,0,0,no,1.0,1.0,1.0,void Kokkos::Impl::cuda_parallel_launch_local_memory<Kokkos::Impl::ParallelFor<K...
b200,sm_100,other,,18,0,0,no,1.0,1.0,1.0,void Kokkos::Impl::cuda_parallel_launch_local_memory<Kokkos::Impl::ParallelFor<K...
b200,sm_100,other,,18,0,0,no,1.0,1.0,1.0,void Kokkos::Impl::cuda_parallel_launch_local_memory<Kokkos::Impl::ParallelFor<K...
b200,sm_100,other,,18,0,0,no,1.0,1.0,1.0,void Kokkos::Impl::cuda_parallel_launch_local_memory<Kokkos::Impl::ParallelFor<K...
b200,sm_100,other,,18,1024,0,no,1.0,1.0,1.0,void Kokkos::Impl::cuda_parallel_launch_local_memory<Kokkos::Impl::ParallelFor<K...
b200,sm_100,other,,18,0,0,no,1.0,1.0,1.0,void Kokkos::Impl::cuda_parallel_launch_local_memory<Kokkos::Impl::ParallelFor<K...
b200,sm_100,other,,18,1024,0,no,1.0,1.0,1.0,void Kokkos::Impl::cuda_parallel_launch_local_memory<Kokkos::Impl::ParallelFor<K...
b200,sm_100,other,,18,0,0,no,1.0,1.0,1.0,void Kokkos::Impl::cuda_parallel_launch_local_memory<Kokkos::Impl::ParallelFor<K...
b200,sm_100,other,,18,0,0,no,1.0,1.0,1.0,void Kokkos::Impl::cuda_parallel_launch_local_memory<Kokkos::Impl::ParallelFor<K...
b200,sm_100,other,,18,0,0,no,1.0,1.0,1.0,void Kokkos::Impl::cuda_parallel_launch_local_memory<Kokkos::Impl::ParallelFor<K...
b200,sm_100,other,,18,0,0,no,1.0,1.0,1.0,void Kokkos::Impl::cuda_parallel_launch_local_memory<Kokkos::Impl::ParallelFor<K...
b200,sm_100,other,,18,0,0,no,1.0,1.0,1.0,void Kokkos::Impl::cuda_parallel_launch_local_memory<Kokkos::Impl::ParallelFor<K...
b200,sm_100,other,,18,0,0,no,1.0,1.0,1.0,void Kokkos::Impl::cuda_parallel_launch_local_memory<Kokkos::Impl::ParallelFor<K...
b200,sm_100,other,,18,0,0,no,1.0,1.0,1.0,void Kokkos::Impl::cuda_parallel_launch_local_memory<Kokkos::Impl::ParallelFor<K...
b200,sm_100,other,,18,1024,0,no,1.0,1.0,1.0,void Kokkos::Impl::cuda_parallel_launch_local_memory<Kokkos::Impl::ParallelFor<K...
b200,sm_100,other,,18,1024,0,no,1.0,1.0,1.0,void Kokkos::Impl::cuda_parallel_launch_local_memory<Kokkos::Impl::ParallelFor<K...
b200,sm_100,other,,18,0,0,no,1.0,1.0,1.0,void Kokkos::Impl::cuda_parallel_launch_local_memory<Kokkos::Impl::ParallelFor<K...
b200,sm_100,other,,18,0,0,no,1.0,1.0,1.0,void Kokkos::Impl::cuda_parallel_launch_local_memory<Kokkos::Impl::ParallelFor<K...
b200,sm_100,other,,18,0,0,no,1.0,1.0,1.0,void Kokkos::Impl::cuda_parallel_launch_local_memory<Kokkos::Impl::ParallelFor<K...
b200,sm_100,other,,18,0,0,no,1.0,1.0,1.0,void Kokkos::Impl::cuda_parallel_launch_local_memory<Kokkos::Impl::ParallelFor<K...
b200,sm_100,other,,18,0,0,no,1.0,1.0,1.0,void Kokkos::Impl::cuda_parallel_launch_local_memory<Kokkos::Impl::ParallelFor<K...
b200,sm_100,other,,18,0,0,no,1.0,1.0,1.0,void Kokkos::Impl::cuda_parallel_launch_local_memory<Kokkos::Impl::ParallelFor<K...
b200,sm_100,other,,18,0,0,no,1.0,1.0,1.0,void Kokkos::Impl::cuda_parallel_launch_local_memory<Kokkos::Impl::ParallelFor<K...
b200,sm_100,other,,18,0,0,no,1.0,1.0,1.0,void Kokkos::Impl::cuda_parallel_launch_local_memory<Kokkos::Impl::ParallelFor<K...
b200,sm_100,other,,18,1024,0,no,1.0,1.0,1.0,void Kokkos::Impl::cuda_parallel_launch_local_memory<Kokkos::Impl::ParallelFor<K...
b200,sm_100,other,,18,0,0,no,1.0,1.0,1.0,void Kokkos::Impl::cuda_parallel_launch_local_memory<Kokkos::Impl::ParallelFor<K...
b200,sm_100,other,,18,0,0,no,1.0,1.0,1.0,void Kokkos::Impl::cuda_parallel_launch_local_memory<Kokkos::Impl::ParallelFor<K...
b200,sm_100,other,,18,0,0,no,1.0,1.0,1.0,void Kokkos::Impl::cuda_parallel_launch_local_memory<Kokkos::Impl::ParallelFor<K...
b200,sm_100,other,,18,0,0,no,1.0,1.0,1.0,void Kokkos::Impl::cuda_parallel_launch_local_memory<Kokkos::Impl::ParallelFor<K...
b200,sm_100,other,,18,0,0,no,1.0,1.0,1.0,void Kokkos::Impl::cuda_parallel_launch_local_memory<Kokkos::Impl::ParallelFor<K...
b200,sm_100,other,,18,1024,0,no,1.0,1.0,1.0,void Kokkos::Impl::cuda_parallel_launch_local_memory<Kokkos::Impl::ParallelFor<K...
b200,sm_100,other,,18,1024,0,no,1.0,1.0,1.0,void Kokkos::Impl::cuda_parallel_launch_local_memory<Kokkos::Impl::ParallelFor<K...
b200,sm_100,other,,18,0,0,no,1.0,1.0,1.0,void Kokkos::Impl::cuda_parallel_launch_local_memory<Kokkos::Impl::ParallelFor<K...
b200,sm_100,other,,18,0,0,no,1.0,1.0,1.0,void Kokkos::Impl::cuda_parallel_launch_local_memory<Kokkos::Impl::ParallelFor<K...
b200,sm_100,other,,18,1024,0,no,1.0,1.0,1.0,void Kokkos::Impl::cuda_parallel_launch_local_memory<Kokkos::Impl::ParallelFor<K...
b200,sm_100,other,,18,0,0,no,1.0,1.0,1.0,void Kokkos::Impl::cuda_parallel_launch_local_memory<Kokkos::Impl::ParallelFor<K...
b200,sm_100,other,,18,1024,0,no,1.0,1.0,1.0,void Kokkos::Impl::cuda_parallel_launch_local_memory<Kokkos::Impl::ParallelFor<K...
b200,sm_100,other,,18,1024,0,no,1.0,1.0,1.0,void Kokkos::Impl::cuda_parallel_launch_local_memory<Kokkos::Impl::ParallelFor<K...
b200,sm_100,other,,18,0,0,no,1.0,1.0,1.0,void Kokkos::Impl::cuda_parallel_launch_local_memory<Kokkos::Impl::ParallelFor<K...
b200,sm_100,other,,18,0,0,no,1.0,1.0,1.0,void Kokkos::Impl::cuda_parallel_launch_local_memory<Kokkos::Impl::ParallelFor<K...
b200,sm_100,other,,18,0,0,no,1.0,1.0,1.0,void Kokkos::Impl::cuda_parallel_launch_local_memory<Kokkos::Impl::ParallelFor<K...
b200,sm_100,other,,18,0,0,no,1.0,1.0,1.0,void Kokkos::Impl::cuda_parallel_launch_local_memory<Kokkos::Impl::ParallelFor<K...
b200,sm_100,other,,18,0,0,no,1.0,1.0,1.0,void Kokkos::Impl::cuda_parallel_launch_local_memory<Kokkos::Impl::ParallelFor<K...
b200,sm_100,other,,18,1024,0,no,1.0,1.0,1.0,void Kokkos::Impl::cuda_parallel_launch_local_memory<Kokkos::Impl::ParallelFor<K...
b200,sm_100,other,,18,1024,0,no,1.0,1.0,1.0,void Kokkos::Impl::cuda_parallel_launch_local_memory<Kokkos::Impl::ParallelFor<K...
b200,sm_100,other,,18,0,0,no,1.0,1.0,1.0,void Kokkos::Impl::cuda_parallel_launch_local_memory<Kokkos::Impl::ParallelFor<K...
b200,sm_100,other,,18,0,0,no,1.0,1.0,1.0,void Kokkos::Impl::cuda_parallel_launch_local_memory<Kokkos::Impl::ParallelFor<K...
b200,sm_100,other,,18,0,0,no,1.0,1.0,1.0,void Kokkos::Impl::cuda_parallel_launch_local_memory<Kokkos::Impl::ParallelFor<K...
b200,sm_100,other,,18,1024,0,no,1.0,1.0,1.0,void Kokkos::Impl::cuda_parallel_launch_local_memory<Kokkos::Impl::ParallelFor<K...
b200,sm_100,other,,18,1024,0,no,1.0,1.0,1.0,void Kokkos::Impl::cuda_parallel_launch_local_memory<Kokkos::Impl::ParallelFor<K...
b200,sm_100,other,,18,0,0,no,1.0,1.0,1.0,void Kokkos::Impl::cuda_parallel_launch_local_memory<Kokkos::Impl::ParallelFor<K...
b200,sm_100,other,,18,0,0,no,1.0,1.0,1.0,void Kokkos::Impl::cuda_parallel_launch_local_memory<Kokkos::Impl::ParallelFor<K...
b200,sm_100,other,,18,0,0,no,1.0,1.0,1.0,void Kokkos::Impl::cuda_parallel_launch_local_memory<Kokkos::Impl::ParallelFor<K...
b200,sm_100,other,,18,0,0,no,1.0,1.0,1.0,void Kokkos::Impl::cuda_parallel_launch_local_memory<Kokkos::Impl::ParallelFor<K...
b200,sm_100,other,,18,0,0,no,1.0,1.0,1.0,void Kokkos::Impl::cuda_parallel_launch_local_memory<Kokkos::Impl::ParallelFor<K...
b200,sm_100,other,,18,0,0,no,1.0,1.0,1.0,void Kokkos::Impl::cuda_parallel_launch_local_memory<Kokkos::Impl::ParallelFor<K...
b200,sm_100,other,,18,0,0,no,1.0,1.0,1.0,void Kokkos::Impl::cuda_parallel_launch_local_memory<Kokkos::Impl::ParallelFor<K...
b200,sm_100,other,,18,0,0,no,1.0,1.0,1.0,void Kokkos::Impl::cuda_parallel_launch_local_memory<Kokkos::Impl::ParallelFor<K...
b200,sm_100,other,,18,0,0,no,1.0,1.0,1.0,void Kokkos::Impl::cuda_parallel_launch_local_memory<Kokkos::Impl::ParallelFor<K...
b200,sm_100,other,,18,1024,0,no,1.0,1.0,1.0,void Kokkos::Impl::cuda_parallel_launch_local_memory<Kokkos::Impl::ParallelFor<K...
b200,sm_100,other,,18,0,0,no,1.0,1.0,1.0,void Kokkos::Impl::cuda_parallel_launch_local_memory<Kokkos::Impl::ParallelFor<K...
b200,sm_100,other,,18,0,0,no,1.0,1.0,1.0,void Kokkos::Impl::cuda_parallel_launch_local_memory<Kokkos::Impl::ParallelFor<K...
b200,sm_100,other,,18,0,0,no,1.0,1.0,1.0,void Kokkos::Impl::cuda_parallel_launch_local_memory<Kokkos::Impl::ParallelFor<K...
b200,sm_100,other,,18,0,0,no,1.0,1.0,1.0,void Kokkos::Impl::cuda_parallel_launch_local_memory<Kokkos::Impl::ParallelFor<K...
b200,sm_100,other,,18,0,0,no,1.0,1.0,1.0,void Kokkos::Impl::cuda_parallel_launch_local_memory<Kokkos::Impl::ParallelFor<K...
b200,sm_100,other,,18,1024,0,no,1.0,1.0,1.0,void Kokkos::Impl::cuda_parallel_launch_local_memory<Kokkos::Impl::ParallelFor<K...
b200,sm_100,other,,18,0,0,no,1.0,1.0,1.0,void Kokkos::Impl::cuda_parallel_launch_local_memory<Kokkos::Impl::ParallelFor<K...
b200,sm_100,other,,18,0,0,no,1.0,1.0,1.0,void Kokkos::Impl::cuda_parallel_launch_local_memory<Kokkos::Impl::ParallelFor<K...
b200,sm_100,other,,18,0,0,no,1.0,1.0,1.0,void Kokkos::Impl::cuda_parallel_launch_local_memory<Kokkos::Impl::ParallelFor<K...
b200,sm_100,other,,18,0,0,no,1.0,1.0,1.0,void Kokkos::Impl::cuda_parallel_launch_local_memory<Kokkos::Impl::ParallelFor<K...
b200,sm_100,other,,18,0,0,no,1.0,1.0,1.0,void Kokkos::Impl::cuda_parallel_launch_local_memory<Kokkos::Impl::ParallelFor<K...
b200,sm_100,other,,18,0,0,no,1.0,1.0,1.0,void Kokkos::Impl::cuda_parallel_launch_local_memory<Kokkos::Impl::ParallelFor<K...
b200,sm_100,other,,18,0,0,no,1.0,1.0,1.0,void Kokkos::Impl::cuda_parallel_launch_local_memory<Kokkos::Impl::ParallelFor<K...
b200,sm_100,other,,18,0,0,no,1.0,1.0,1.0,void Kokkos::Impl::cuda_parallel_launch_local_memory<Kokkos::Impl::ParallelFor<K...
b200,sm_100,other,,16,0,0,no,1.0,1.0,1.0,void Kokkos::Impl::cuda_parallel_launch_local_memory<Kokkos::Impl::ParallelFor<K...
b200,sm_100,other,,16,0,0,no,1.0,1.0,1.0,void Kokkos::Impl::cuda_parallel_launch_local_memory<Kokkos::Impl::ParallelFor<K...
b200,sm_100,other,,16,0,0,no,1.0,1.0,1.0,void Kokkos::Impl::cuda_parallel_launch_local_memory<Kokkos::Impl::ParallelFor<K...
b200,sm_100,other,,14,0,0,no,1.0,1.0,1.0,void Kokkos::Impl::cuda_parallel_launch_local_memory<Kokkos::Impl::ParallelFor<p...
b200,sm_100,other,,13,0,0,no,1.0,1.0,1.0,void Kokkos::Impl::cuda_parallel_launch_local_memory<Kokkos::Impl::ParallelFor<K...
b200,sm_100,other,,13,0,0,no,1.0,1.0,1.0,void Kokkos::Impl::cuda_parallel_launch_local_memory<Kokkos::Impl::ParallelFor<K...
b200,sm_100,other,,12,0,0,no,1.0,1.0,1.0,void Kokkos::Impl::cuda_parallel_launch_local_memory<Kokkos::Impl::ParallelFor<K...
b200,sm_100,other,,12,0,0,no,1.0,1.0,1.0,void Kokkos::Impl::cuda_parallel_launch_local_memory<Kokkos::Impl::ParallelFor<K...
b200,sm_100,other,,12,0,0,no,1.0,1.0,1.0,void Kokkos::Impl::cuda_parallel_launch_local_memory<Kokkos::Impl::ParallelFor<K...
b200,sm_100,other,,12,0,0,no,1.0,1.0,1.0,void Kokkos::Impl::cuda_parallel_launch_local_memory<Kokkos::Impl::ParallelFor<K...
b200,sm_100,other,,12,0,0,no,1.0,1.0,1.0,void Kokkos::Impl::cuda_parallel_launch_local_memory<Kokkos::Impl::ParallelFor<K...
b200,sm_100,other,,12,0,0,no,1.0,1.0,1.0,void Kokkos::Impl::cuda_parallel_launch_local_memory<Kokkos::Impl::ParallelFor<K...
b200,sm_100,other,,12,0,0,no,1.0,1.0,1.0,void Kokkos::Impl::cuda_parallel_launch_local_memory<Kokkos::Impl::ParallelFor<K...
b200,sm_100,other,,12,0,0,no,1.0,1.0,1.0,void Kokkos::Impl::cuda_parallel_launch_local_memory<Kokkos::Impl::ParallelFor<K...
b200,sm_100,other,,12,0,0,no,1.0,1.0,1.0,void Kokkos::Impl::cuda_parallel_launch_local_memory<Kokkos::Impl::ParallelFor<K...
b200,sm_100,other,,12,0,0,no,1.0,1.0,1.0,void Kokkos::Impl::cuda_parallel_launch_local_memory<Kokkos::Impl::ParallelFor<K...
b200,sm_100,other,,12,0,0,no,1.0,1.0,1.0,void Kokkos::Impl::cuda_parallel_launch_local_memory<Kokkos::Impl::ParallelFor<K...
b200,sm_100,other,,12,0,0,no,1.0,1.0,1.0,void Kokkos::Impl::cuda_parallel_launch_local_memory<Kokkos::Impl::ParallelFor<K...
b200,sm_100,other,,12,0,0,no,1.0,1.0,1.0,void Kokkos::Impl::cuda_parallel_launch_local_memory<Kokkos::Impl::ParallelFor<K...
b200,sm_100,other,,12,0,0,no,1.0,1.0,1.0,void Kokkos::Impl::cuda_parallel_launch_local_memory<Kokkos::Impl::ParallelFor<K...
b200,sm_100,other,,12,0,0,no,1.0,1.0,1.0,void Kokkos::Impl::cuda_parallel_launch_local_memory<Kokkos::Impl::ParallelFor<K...
b200,sm_100,other,,12,0,0,no,1.0,1.0,1.0,void Kokkos::Impl::cuda_parallel_launch_local_memory<Kokkos::Impl::ParallelFor<K...
b200,sm_100,other,,12,0,0,no,1.0,1.0,1.0,void Kokkos::Impl::cuda_parallel_launch_local_memory<Kokkos::Impl::ParallelFor<K...
b200,sm_100,other,,12,0,0,no,1.0,1.0,1.0,void Kokkos::Impl::cuda_parallel_launch_local_memory<Kokkos::Impl::ParallelFor<K...
b200,sm_100,other,,12,0,0,no,1.0,1.0,1.0,void Kokkos::Impl::cuda_parallel_launch_local_memory<Kokkos::Impl::ParallelFor<K...
b200,sm_100,other,,12,0,0,no,1.0,1.0,1.0,void Kokkos::Impl::cuda_parallel_launch_local_memory<Kokkos::Impl::ParallelFor<K...
b200,sm_100,other,,12,0,0,no,1.0,1.0,1.0,void Kokkos::Impl::cuda_parallel_launch_local_memory<Kokkos::Impl::ParallelFor<K...
b200,sm_100,other,,12,0,0,no,1.0,1.0,1.0,void Kokkos::Impl::cuda_parallel_launch_local_memory<Kokkos::Impl::ParallelFor<K...
b200,sm_100,other,,12,0,0,no,1.0,1.0,1.0,void Kokkos::Impl::cuda_parallel_launch_local_memory<Kokkos::Impl::ParallelFor<K...
b200,sm_100,other,,12,0,0,no,1.0,1.0,1.0,void Kokkos::Impl::cuda_parallel_launch_local_memory<Kokkos::Impl::ParallelFor<p...
b200,sm_100,other,,12,0,0,no,1.0,1.0,1.0,void Kokkos::Impl::cuda_parallel_launch_local_memory<Kokkos::Impl::ParallelFor<K...
b200,sm_100,other,,12,0,0,no,1.0,1.0,1.0,void Kokkos::Impl::cuda_parallel_launch_local_memory<Kokkos::Impl::ParallelFor<K...
b200,sm_100,other,,12,0,0,no,1.0,1.0,1.0,void Kokkos::Impl::cuda_parallel_launch_local_memory<Kokkos::Impl::ParallelFor<K...
b200,sm_100,other,,12,0,0,no,1.0,1.0,1.0,void Kokkos::Impl::cuda_parallel_launch_local_memory<Kokkos::Impl::ParallelFor<K...
b200,sm_100,other,,12,1024,0,no,1.0,1.0,1.0,void Kokkos::Impl::cuda_parallel_launch_local_memory<Kokkos::Impl::ParallelFor<K...
b200,sm_100,other,,12,1024,0,no,1.0,1.0,1.0,void Kokkos::Impl::cuda_parallel_launch_local_memory<Kokkos::Impl::ParallelFor<K...
b200,sm_100,other,,12,0,0,no,1.0,1.0,1.0,void Kokkos::Impl::cuda_parallel_launch_local_memory<Kokkos::Impl::ParallelFor<K...
b200,sm_100,other,,12,0,0,no,1.0,1.0,1.0,void Kokkos::Impl::cuda_parallel_launch_local_memory<Kokkos::Impl::ParallelFor<K...
b200,sm_100,other,,12,0,0,no,1.0,1.0,1.0,void Kokkos::Impl::cuda_parallel_launch_local_memory<Kokkos::Impl::ParallelFor<K...
b200,sm_100,other,,12,0,0,no,1.0,1.0,1.0,void Kokkos::Impl::cuda_parallel_launch_local_memory<Kokkos::Impl::ParallelFor<K...
b200,sm_100,other,,12,1024,0,no,1.0,1.0,1.0,void Kokkos::Impl::cuda_parallel_launch_local_memory<Kokkos::Impl::ParallelFor<K...
b200,sm_100,other,,12,1024,0,no,1.0,1.0,1.0,void Kokkos::Impl::cuda_parallel_launch_local_memory<Kokkos::Impl::ParallelFor<K...
b200,sm_100,other,,12,0,0,no,1.0,1.0,1.0,void Kokkos::Impl::cuda_parallel_launch_local_memory<Kokkos::Impl::ParallelFor<K...
b200,sm_100,other,,12,0,0,no,1.0,1.0,1.0,void Kokkos::Impl::cuda_parallel_launch_local_memory<Kokkos::Impl::ParallelFor<K...
b200,sm_100,other,,12,1024,0,no,1.0,1.0,1.0,void Kokkos::Impl::cuda_parallel_launch_local_memory<Kokkos::Impl::ParallelFor<K...
b200,sm_100,other,,12,1024,0,no,1.0,1.0,1.0,void Kokkos::Impl::cuda_parallel_launch_local_memory<Kokkos::Impl::ParallelFor<K...
b200,sm_100,other,,12,1024,0,no,1.0,1.0,1.0,void Kokkos::Impl::cuda_parallel_launch_local_memory<Kokkos::Impl::ParallelFor<K...
b200,sm_100,other,,12,1024,0,no,1.0,1.0,1.0,void Kokkos::Impl::cuda_parallel_launch_local_memory<Kokkos::Impl::ParallelFor<K...
b200,sm_100,other,,12,0,0,no,1.0,1.0,1.0,void Kokkos::Impl::cuda_parallel_launch_local_memory<Kokkos::Impl::ParallelFor<K...
b200,sm_100,other,,12,0,0,no,1.0,1.0,1.0,void Kokkos::Impl::cuda_parallel_launch_local_memory<Kokkos::Impl::ParallelFor<K...
b200,sm_100,other,,11,0,0,no,1.0,1.0,1.0,void Kokkos::Impl::cuda_parallel_launch_local_memory<Kokkos::Impl::ParallelFor<K...
b200,sm_100,other,,11,0,0,no,1.0,1.0,1.0,void Kokkos::Impl::cuda_parallel_launch_local_memory<Kokkos::Impl::ParallelFor<K...
b200,sm_100,other,,10,0,0,no,1.0,1.0,1.0,void Kokkos::Impl::cuda_parallel_launch_local_memory<Kokkos::Impl::ParallelFor<K...
b200,sm_100,other,,10,0,0,no,1.0,1.0,1.0,void Kokkos::Impl::cuda_parallel_launch_local_memory<Kokkos::Impl::ParallelFor<K...
b200,sm_100,other,,10,0,0,no,1.0,1.0,1.0,void Kokkos::Impl::cuda_parallel_launch_local_memory<Kokkos::Impl::ParallelFor<K...
b200,sm_100,other,,10,0,0,no,1.0,1.0,1.0,void Kokkos::Impl::cuda_parallel_launch_local_memory<Kokkos::Impl::ParallelFor<K...
b200,sm_100,other,,10,0,0,no,1.0,1.0,1.0,void Kokkos::Impl::cuda_parallel_launch_local_memory<Kokkos::Impl::ParallelFor<K...
b200,sm_100,other,,10,0,0,no,1.0,1.0,1.0,void Kokkos::Impl::cuda_parallel_launch_local_memory<Kokkos::Impl::ParallelFor<K...
b200,sm_100,other,,10,0,0,no,1.0,1.0,1.0,void Kokkos::Impl::cuda_parallel_launch_local_memory<Kokkos::Impl::ParallelFor<K...
b200,sm_100,other,,10,0,0,no,1.0,1.0,1.0,void Kokkos::Impl::cuda_parallel_launch_local_memory<Kokkos::Impl::ParallelFor<K...
b200,sm_100,other,,10,0,0,no,1.0,1.0,1.0,void Kokkos::Impl::cuda_parallel_launch_local_memory<Kokkos::Impl::ParallelFor<K...
b200,sm_100,other,,10,0,0,no,1.0,1.0,1.0,void Kokkos::Impl::cuda_parallel_launch_local_memory<Kokkos::Impl::ParallelFor<K...
b200,sm_100,other,,10,0,0,no,1.0,1.0,1.0,void Kokkos::Impl::cuda_parallel_launch_local_memory<Kokkos::Impl::ParallelFor<K...
b200,sm_100,other,,10,0,0,no,1.0,1.0,1.0,void Kokkos::Impl::cuda_parallel_launch_local_memory<Kokkos::Impl::ParallelFor<K...
b200,sm_100,other,,10,0,0,no,1.0,1.0,1.0,void Kokkos::Impl::cuda_parallel_launch_local_memory<Kokkos::Impl::ParallelFor<K...
b200,sm_100,other,,10,0,0,no,1.0,1.0,1.0,void Kokkos::Impl::cuda_parallel_launch_local_memory<Kokkos::Impl::ParallelFor<K...
b200,sm_100,other,,10,0,0,no,1.0,1.0,1.0,void Kokkos::Impl::cuda_parallel_launch_local_memory<Kokkos::Impl::ParallelFor<K...
b200,sm_100,other,,10,0,0,no,1.0,1.0,1.0,void Kokkos::Impl::cuda_parallel_launch_local_memory<Kokkos::Impl::ParallelFor<K...
b200,sm_100,other,,10,0,0,no,1.0,1.0,1.0,void Kokkos::Impl::cuda_parallel_launch_local_memory<Kokkos::Impl::ParallelFor<K...
b200,sm_100,other,,10,0,0,no,1.0,1.0,1.0,void Kokkos::Impl::cuda_parallel_launch_local_memory<Kokkos::Impl::ParallelFor<K...
b200,sm_100,other,,10,0,0,no,1.0,1.0,1.0,void Kokkos::Impl::cuda_parallel_launch_local_memory<Kokkos::Impl::ParallelFor<K...
b200,sm_100,other,,10,0,0,no,1.0,1.0,1.0,void Kokkos::Impl::cuda_parallel_launch_local_memory<Kokkos::Impl::ParallelFor<K...
b200,sm_100,other,,10,0,0,no,1.0,1.0,1.0,void Kokkos::Impl::cuda_parallel_launch_local_memory<Kokkos::Impl::ParallelFor<K...
b200,sm_100,other,,10,0,0,no,1.0,1.0,1.0,void Kokkos::Impl::cuda_parallel_launch_local_memory<Kokkos::Impl::ParallelFor<K...
b200,sm_100,other,,10,0,0,no,1.0,1.0,1.0,void Kokkos::Impl::cuda_parallel_launch_local_memory<Kokkos::Impl::ParallelFor<K...
b200,sm_100,other,,10,0,0,no,1.0,1.0,1.0,void Kokkos::Impl::cuda_parallel_launch_local_memory<Kokkos::Impl::ParallelFor<K...
b200,sm_100,other,,10,0,0,no,1.0,1.0,1.0,void Kokkos::Impl::cuda_parallel_launch_local_memory<Kokkos::Impl::ParallelFor<K...
b200,sm_100,other,,10,0,0,no,1.0,1.0,1.0,void Kokkos::Impl::cuda_parallel_launch_local_memory<Kokkos::Impl::ParallelFor<K...
b200,sm_100,other,,10,0,0,no,1.0,1.0,1.0,void Kokkos::Impl::cuda_parallel_launch_local_memory<Kokkos::Impl::ParallelFor<K...
b200,sm_100,other,,10,0,0,no,1.0,1.0,1.0,void Kokkos::Impl::cuda_parallel_launch_local_memory<Kokkos::Impl::ParallelFor<K...
b200,sm_100,other,,10,0,0,no,1.0,1.0,1.0,void Kokkos::Impl::cuda_parallel_launch_local_memory<Kokkos::Impl::ParallelFor<K...
b200,sm_100,other,,10,0,0,no,1.0,1.0,1.0,void Kokkos::Impl::cuda_parallel_launch_local_memory<Kokkos::Impl::ParallelFor<K...
b200,sm_100,other,,10,0,0,no,1.0,1.0,1.0,void Kokkos::Impl::cuda_parallel_launch_local_memory<Kokkos::Impl::ParallelFor<K...
b200,sm_100,other,,10,0,0,no,1.0,1.0,1.0,void Kokkos::Impl::cuda_parallel_launch_local_memory<Kokkos::Impl::ParallelFor<K...
b200,sm_100,other,,10,0,0,no,1.0,1.0,1.0,void Kokkos::Impl::cuda_parallel_launch_local_memory<Kokkos::Impl::ParallelFor<K...
b200,sm_100,other,,10,0,0,no,1.0,1.0,1.0,void Kokkos::Impl::cuda_parallel_launch_local_memory<Kokkos::Impl::ParallelFor<K...
b200,sm_100,other,,10,0,0,no,1.0,1.0,1.0,void Kokkos::Impl::cuda_parallel_launch_local_memory<Kokkos::Impl::ParallelFor<K...
b200,sm_100,other,,10,0,0,no,1.0,1.0,1.0,void Kokkos::Impl::cuda_parallel_launch_local_memory<Kokkos::Impl::ParallelFor<K...
b200,sm_100,other,,10,0,0,no,1.0,1.0,1.0,void Kokkos::Impl::cuda_parallel_launch_local_memory<Kokkos::Impl::ParallelFor<K...
b200,sm_100,other,,10,0,0,no,1.0,1.0,1.0,void Kokkos::Impl::cuda_parallel_launch_local_memory<Kokkos::Impl::ParallelFor<K...
b200,sm_100,other,,10,0,0,no,1.0,1.0,1.0,void Kokkos::Impl::cuda_parallel_launch_local_memory<Kokkos::Impl::ParallelFor<K...
b200,sm_100,other,,10,0,0,no,1.0,1.0,1.0,void Kokkos::Impl::cuda_parallel_launch_local_memory<Kokkos::Impl::ParallelFor<K...
b200,sm_100,other,,10,0,0,no,1.0,1.0,1.0,void Kokkos::Impl::cuda_parallel_launch_local_memory<Kokkos::Impl::ParallelFor<K...
b200,sm_100,other,,10,0,0,no,1.0,1.0,1.0,void Kokkos::Impl::cuda_parallel_launch_local_memory<Kokkos::Impl::ParallelFor<K...
b200,sm_100,other,,10,0,0,no,1.0,1.0,1.0,void Kokkos::Impl::cuda_parallel_launch_local_memory<Kokkos::Impl::ParallelFor<K...
b200,sm_100,other,,10,0,0,no,1.0,1.0,1.0,void Kokkos::Impl::cuda_parallel_launch_local_memory<Kokkos::Impl::ParallelFor<K...
b200,sm_100,other,,10,0,0,no,1.0,1.0,1.0,void Kokkos::Impl::cuda_parallel_launch_local_memory<Kokkos::Impl::ParallelFor<K...
b200,sm_100,other,,10,0,0,no,1.0,1.0,1.0,void Kokkos::Impl::cuda_parallel_launch_local_memory<Kokkos::Impl::ParallelFor<K...
b200,sm_100,other,,10,0,0,no,1.0,1.0,1.0,void Kokkos::Impl::cuda_parallel_launch_local_memory<Kokkos::Impl::ParallelFor<K...
b200,sm_100,other,,10,0,0,no,1.0,1.0,1.0,void Kokkos::Impl::cuda_parallel_launch_local_memory<Kokkos::Impl::ParallelFor<K...
b200,sm_100,other,,10,0,0,no,1.0,1.0,1.0,void Kokkos::Impl::cuda_parallel_launch_local_memory<Kokkos::Impl::ParallelFor<K...
b200,sm_100,other,,10,0,0,no,1.0,1.0,1.0,void Kokkos::Impl::cuda_parallel_launch_local_memory<Kokkos::Impl::ParallelFor<K...
b200,sm_100,other,,10,0,0,no,1.0,1.0,1.0,void Kokkos::Impl::cuda_parallel_launch_local_memory<Kokkos::Impl::ParallelFor<K...
b200,sm_100,other,,10,0,0,no,1.0,1.0,1.0,void Kokkos::Impl::cuda_parallel_launch_local_memory<Kokkos::Impl::ParallelFor<K...
b200,sm_100,other,,10,1024,0,no,1.0,1.0,1.0,void Kokkos::Impl::cuda_parallel_launch_local_memory<Kokkos::Impl::ParallelFor<K...
b200,sm_100,other,,10,1024,0,no,1.0,1.0,1.0,void Kokkos::Impl::cuda_parallel_launch_local_memory<Kokkos::Impl::ParallelFor<K...
b200,sm_100,other,,10,1024,0,no,1.0,1.0,1.0,void Kokkos::Impl::cuda_parallel_launch_local_memory<Kokkos::Impl::ParallelFor<K...
b200,sm_100,other,,10,1024,0,no,1.0,1.0,1.0,void Kokkos::Impl::cuda_parallel_launch_local_memory<Kokkos::Impl::ParallelFor<K...
b200,sm_100,other,,10,1024,0,no,1.0,1.0,1.0,void Kokkos::Impl::cuda_parallel_launch_local_memory<Kokkos::Impl::ParallelFor<K...
b200,sm_100,other,,10,1024,0,no,1.0,1.0,1.0,void Kokkos::Impl::cuda_parallel_launch_local_memory<Kokkos::Impl::ParallelFor<K...
b200,sm_100,other,,10,0,0,no,1.0,1.0,1.0,void Kokkos::Impl::cuda_parallel_launch_local_memory<Kokkos::Impl::ParallelFor<K...
b200,sm_100,other,,10,0,0,no,1.0,1.0,1.0,void Kokkos::Impl::cuda_parallel_launch_local_memory<Kokkos::Impl::ParallelFor<K...
b200,sm_100,other,,10,1024,0,no,1.0,1.0,1.0,void Kokkos::Impl::cuda_parallel_launch_local_memory<Kokkos::Impl::ParallelFor<K...
b200,sm_100,other,,10,1024,0,no,1.0,1.0,1.0,void Kokkos::Impl::cuda_parallel_launch_local_memory<Kokkos::Impl::ParallelFor<K...
b200,sm_100,other,,10,1024,0,no,1.0,1.0,1.0,void Kokkos::Impl::cuda_parallel_launch_local_memory<Kokkos::Impl::ParallelFor<K...
b200,sm_100,other,,10,1024,0,no,1.0,1.0,1.0,void Kokkos::Impl::cuda_parallel_launch_local_memory<Kokkos::Impl::ParallelFor<K...
b200,sm_100,other,,10,1024,0,no,1.0,1.0,1.0,void Kokkos::Impl::cuda_parallel_launch_local_memory<Kokkos::Impl::ParallelFor<K...
b200,sm_100,other,,10,1024,0,no,1.0,1.0,1.0,void Kokkos::Impl::cuda_parallel_launch_local_memory<Kokkos::Impl::ParallelFor<K...
b200,sm_100,other,,10,0,0,no,1.0,1.0,1.0,void Kokkos::Impl::cuda_parallel_launch_local_memory<Kokkos::Impl::ParallelFor<K...
b200,sm_100,other,,10,0,0,no,1.0,1.0,1.0,void Kokkos::Impl::cuda_parallel_launch_local_memory<Kokkos::Impl::ParallelFor<K...
b200,sm_100,other,,10,1024,0,no,1.0,1.0,1.0,void Kokkos::Impl::cuda_parallel_launch_local_memory<Kokkos::Impl::ParallelFor<K...
b200,sm_100,other,,10,1024,0,no,1.0,1.0,1.0,void Kokkos::Impl::cuda_parallel_launch_local_memory<Kokkos::Impl::ParallelFor<K...
b200,sm_100,other,,10,1024,0,no,1.0,1.0,1.0,void Kokkos::Impl::cuda_parallel_launch_local_memory<Kokkos::Impl::ParallelFor<K...
b200,sm_100,other,,10,1024,0,no,1.0,1.0,1.0,void Kokkos::Impl::cuda_parallel_launch_local_memory<Kokkos::Impl::ParallelFor<K...
b200,sm_100,other,,10,1024,0,no,1.0,1.0,1.0,void Kokkos::Impl::cuda_parallel_launch_local_memory<Kokkos::Impl::ParallelFor<K...
b200,sm_100,other,,10,1024,0,no,1.0,1.0,1.0,void Kokkos::Impl::cuda_parallel_launch_local_memory<Kokkos::Impl::ParallelFor<K...
b200,sm_100,other,,10,1024,0,no,1.0,1.0,1.0,void Kokkos::Impl::cuda_parallel_launch_local_memory<Kokkos::Impl::ParallelFor<K...
b200,sm_100,other,,10,1024,0,no,1.0,1.0,1.0,void Kokkos::Impl::cuda_parallel_launch_local_memory<Kokkos::Impl::ParallelFor<K...
b200,sm_100,other,,10,1024,0,no,1.0,1.0,1.0,void Kokkos::Impl::cuda_parallel_launch_local_memory<Kokkos::Impl::ParallelFor<K...
b200,sm_100,other,,10,1024,0,no,1.0,1.0,1.0,void Kokkos::Impl::cuda_parallel_launch_local_memory<Kokkos::Impl::ParallelFor<K...
b200,sm_100,other,,10,1024,0,no,1.0,1.0,1.0,void Kokkos::Impl::cuda_parallel_launch_local_memory<Kokkos::Impl::ParallelFor<K...
b200,sm_100,other,,10,1024,0,no,1.0,1.0,1.0,void Kokkos::Impl::cuda_parallel_launch_local_memory<Kokkos::Impl::ParallelFor<K...
b200,sm_100,other,,10,1024,0,no,1.0,1.0,1.0,void Kokkos::Impl::cuda_parallel_launch_local_memory<Kokkos::Impl::ParallelFor<K...
b200,sm_100,other,,10,1024,0,no,1.0,1.0,1.0,void Kokkos::Impl::cuda_parallel_launch_local_memory<Kokkos::Impl::ParallelFor<K...
b200,sm_100,other,,10,1024,0,no,1.0,1.0,1.0,void Kokkos::Impl::cuda_parallel_launch_local_memory<Kokkos::Impl::ParallelFor<K...
b200,sm_100,other,,10,1024,0,no,1.0,1.0,1.0,void Kokkos::Impl::cuda_parallel_launch_local_memory<Kokkos::Impl::ParallelFor<K...
b200,sm_100,other,,10,0,0,no,1.0,1.0,1.0,void Kokkos::Impl::cuda_parallel_launch_local_memory<Kokkos::Impl::ParallelFor<K...
b200,sm_100,other,,10,0,0,no,1.0,1.0,1.0,void Kokkos::Impl::cuda_parallel_launch_local_memory<Kokkos::Impl::ParallelFor<K...
b200,sm_100,other,,10,0,0,no,1.0,1.0,1.0,void Kokkos::Impl::cuda_parallel_launch_local_memory<Kokkos::Impl::ParallelFor<K...
b200,sm_100,other,,10,0,0,no,1.0,1.0,1.0,void Kokkos::Impl::cuda_parallel_launch_local_memory<Kokkos::Impl::ParallelFor<K...
b200,sm_100,other,,10,0,0,no,1.0,1.0,1.0,void Kokkos::Impl::cuda_parallel_launch_local_memory<Kokkos::Impl::ParallelFor<K...
b200,sm_100,other,,10,0,0,no,1.0,1.0,1.0,void Kokkos::Impl::cuda_parallel_launch_local_memory<Kokkos::Impl::ParallelFor<K...
b200,sm_100,other,,10,0,0,no,1.0,1.0,1.0,void Kokkos::Impl::cuda_parallel_launch_local_memory<Kokkos::Impl::ParallelFor<K...
b200,sm_100,other,,10,0,0,no,1.0,1.0,1.0,void Kokkos::Impl::cuda_parallel_launch_local_memory<Kokkos::Impl::ParallelFor<K...
b200,sm_100,other,,10,0,0,no,1.0,1.0,1.0,void Kokkos::Impl::cuda_parallel_launch_local_memory<Kokkos::Impl::ParallelFor<K...
b200,sm_100,other,,10,0,0,no,1.0,1.0,1.0,void Kokkos::Impl::cuda_parallel_launch_local_memory<Kokkos::Impl::ParallelFor<K...
b200,sm_100,other,,10,0,0,no,1.0,1.0,1.0,void Kokkos::Impl::cuda_parallel_launch_local_memory<Kokkos::Impl::ParallelFor<K...
b200,sm_100,other,,10,0,0,no,1.0,1.0,1.0,void Kokkos::Impl::cuda_parallel_launch_local_memory<Kokkos::Impl::ParallelFor<K...
b200,sm_100,other,,10,0,0,no,1.0,1.0,1.0,void Kokkos::Impl::cuda_parallel_launch_local_memory<Kokkos::Impl::ParallelFor<K...
b200,sm_100,other,,10,0,0,no,1.0,1.0,1.0,void Kokkos::Impl::cuda_parallel_launch_local_memory<Kokkos::Impl::ParallelFor<K...
b200,sm_100,other,,10,0,0,no,1.0,1.0,1.0,void Kokkos::Impl::cuda_parallel_launch_local_memory<Kokkos::Impl::ParallelFor<K...
b200,sm_100,other,,10,0,0,no,1.0,1.0,1.0,void Kokkos::Impl::cuda_parallel_launch_local_memory<Kokkos::Impl::ParallelFor<K...
b200,sm_100,other,,10,0,0,no,1.0,1.0,1.0,void Kokkos::Impl::cuda_parallel_launch_local_memory<Kokkos::Impl::ParallelFor<K...
b200,sm_100,other,,10,0,0,no,1.0,1.0,1.0,void Kokkos::Impl::cuda_parallel_launch_local_memory<Kokkos::Impl::ParallelFor<K...
b200,sm_100,other,,10,0,0,no,1.0,1.0,1.0,void Kokkos::Impl::cuda_parallel_launch_local_memory<Kokkos::Impl::ParallelFor<K...
b200,sm_100,other,,10,0,0,no,1.0,1.0,1.0,void Kokkos::Impl::cuda_parallel_launch_local_memory<Kokkos::Impl::ParallelFor<K...
b200,sm_100,other,,10,0,0,no,1.0,1.0,1.0,void Kokkos::Impl::cuda_parallel_launch_local_memory<Kokkos::Impl::ParallelFor<K...
b200,sm_100,other,,10,0,0,no,1.0,1.0,1.0,void Kokkos::Impl::cuda_parallel_launch_local_memory<Kokkos::Impl::ParallelFor<K...
b200,sm_100,other,,10,0,0,no,1.0,1.0,1.0,void Kokkos::Impl::cuda_parallel_launch_local_memory<Kokkos::Impl::ParallelFor<K...
b200,sm_100,other,,10,0,0,no,1.0,1.0,1.0,void Kokkos::Impl::cuda_parallel_launch_local_memory<Kokkos::Impl::ParallelFor<K...
b200,sm_100,other,,10,0,0,no,1.0,1.0,1.0,void Kokkos::Impl::cuda_parallel_launch_local_memory<Kokkos::Impl::ParallelFor<K...
b200,sm_100,other,,10,0,0,no,1.0,1.0,1.0,void Kokkos::Impl::cuda_parallel_launch_local_memory<Kokkos::Impl::ParallelFor<K...
b200,sm_100,other,,10,0,0,no,1.0,1.0,1.0,void Kokkos::Impl::cuda_parallel_launch_local_memory<Kokkos::Impl::ParallelFor<K...
b200,sm_100,other,,10,0,0,no,1.0,1.0,1.0,void Kokkos::Impl::cuda_parallel_launch_local_memory<Kokkos::Impl::ParallelFor<K...
b200,sm_100,other,,10,0,0,no,1.0,1.0,1.0,void Kokkos::Impl::cuda_parallel_launch_local_memory<Kokkos::Impl::ParallelFor<K...
b200,sm_100,other,,10,0,0,no,1.0,1.0,1.0,void Kokkos::Impl::cuda_parallel_launch_local_memory<Kokkos::Impl::ParallelFor<K...
b200,sm_100,other,,10,0,0,no,1.0,1.0,1.0,void Kokkos::Impl::cuda_parallel_launch_local_memory<Kokkos::Impl::ParallelFor<K...
b200,sm_100,other,,10,0,0,no,1.0,1.0,1.0,void Kokkos::Impl::cuda_parallel_launch_local_memory<Kokkos::Impl::ParallelFor<K...
b200,sm_100,other,,10,0,0,no,1.0,1.0,1.0,void Kokkos::Impl::cuda_parallel_launch_local_memory<Kokkos::Impl::ParallelFor<K...
b200,sm_100,other,,10,0,0,no,1.0,1.0,1.0,void Kokkos::Impl::cuda_parallel_launch_local_memory<Kokkos::Impl::ParallelFor<K...
b200,sm_100,other,,10,0,0,no,1.0,1.0,1.0,void Kokkos::Impl::cuda_parallel_launch_local_memory<Kokkos::Impl::ParallelFor<K...
b200,sm_100,other,,10,0,0,no,1.0,1.0,1.0,void Kokkos::Impl::cuda_parallel_launch_local_memory<Kokkos::Impl::ParallelFor<K...
b200,sm_100,other,,10,0,0,no,1.0,1.0,1.0,void Kokkos::Impl::cuda_parallel_launch_local_memory<Kokkos::Impl::ParallelFor<K...
b200,sm_100,other,,10,0,0,no,1.0,1.0,1.0,void Kokkos::Impl::cuda_parallel_launch_local_memory<Kokkos::Impl::ParallelFor<K...
b200,sm_100,other,,10,0,0,no,1.0,1.0,1.0,void Kokkos::Impl::cuda_parallel_launch_local_memory<Kokkos::Impl::ParallelFor<K...
b200,sm_100,other,,10,0,0,no,1.0,1.0,1.0,void Kokkos::Impl::cuda_parallel_launch_local_memory<Kokkos::Impl::ParallelFor<K...
b200,sm_100,other,,10,0,0,no,1.0,1.0,1.0,void Kokkos::Impl::cuda_parallel_launch_local_memory<Kokkos::Impl::ParallelFor<K...
b200,sm_100,other,,10,0,0,no,1.0,1.0,1.0,void Kokkos::Impl::cuda_parallel_launch_local_memory<Kokkos::Impl::ParallelFor<K...
b200,sm_100,other,,10,0,0,no,1.0,1.0,1.0,void Kokkos::Impl::cuda_parallel_launch_local_memory<Kokkos::Impl::ParallelFor<K...
b200,sm_100,other,,10,0,0,no,1.0,1.0,1.0,void Kokkos::Impl::cuda_parallel_launch_local_memory<Kokkos::Impl::ParallelFor<K...
b200,sm_100,other,,10,0,0,no,1.0,1.0,1.0,void Kokkos::Impl::cuda_parallel_launch_local_memory<Kokkos::Impl::ParallelFor<K...
b200,sm_100,other,,10,0,0,no,1.0,1.0,1.0,void Kokkos::Impl::cuda_parallel_launch_local_memory<Kokkos::Impl::ParallelFor<K...
b200,sm_100,other,,10,1024,0,no,1.0,1.0,1.0,void Kokkos::Impl::cuda_parallel_launch_local_memory<Kokkos::Impl::ParallelFor<K...
b200,sm_100,other,,10,1024,0,no,1.0,1.0,1.0,void Kokkos::Impl::cuda_parallel_launch_local_memory<Kokkos::Impl::ParallelFor<K...
b200,sm_100,other,,10,0,0,no,1.0,1.0,1.0,void Kokkos::Impl::cuda_parallel_launch_local_memory<Kokkos::Impl::ParallelFor<K...
b200,sm_100,other,,10,0,0,no,1.0,1.0,1.0,void Kokkos::Impl::cuda_parallel_launch_local_memory<Kokkos::Impl::ParallelFor<K...
b200,sm_100,other,,10,1024,0,no,1.0,1.0,1.0,void Kokkos::Impl::cuda_parallel_launch_local_memory<Kokkos::Impl::ParallelFor<K...
b200,sm_100,other,,10,1024,0,no,1.0,1.0,1.0,void Kokkos::Impl::cuda_parallel_launch_local_memory<Kokkos::Impl::ParallelFor<K...
b200,sm_100,other,,10,0,0,no,1.0,1.0,1.0,void Kokkos::Impl::cuda_parallel_launch_local_memory<Kokkos::Impl::ParallelFor<K...
b200,sm_100,other,,10,0,0,no,1.0,1.0,1.0,void Kokkos::Impl::cuda_parallel_launch_local_memory<Kokkos::Impl::ParallelFor<K...
b200,sm_100,other,,10,1024,0,no,1.0,1.0,1.0,void Kokkos::Impl::cuda_parallel_launch_local_memory<Kokkos::Impl::ParallelFor<K...
b200,sm_100,other,,10,1024,0,no,1.0,1.0,1.0,void Kokkos::Impl::cuda_parallel_launch_local_memory<Kokkos::Impl::ParallelFor<K...
b200,sm_100,other,,10,0,0,no,1.0,1.0,1.0,void Kokkos::Impl::cuda_parallel_launch_local_memory<Kokkos::Impl::ParallelFor<K...
b200,sm_100,other,,10,0,0,no,1.0,1.0,1.0,void Kokkos::Impl::cuda_parallel_launch_local_memory<Kokkos::Impl::ParallelFor<K...
b200,sm_100,other,,10,0,0,no,1.0,1.0,1.0,void Kokkos::Impl::cuda_parallel_launch_local_memory<Kokkos::Impl::ParallelFor<K...
b200,sm_100,other,,10,0,0,no,1.0,1.0,1.0,void Kokkos::Impl::cuda_parallel_launch_local_memory<Kokkos::Impl::ParallelFor<K...
b200,sm_100,other,,10,0,0,no,1.0,1.0,1.0,void Kokkos::Impl::cuda_parallel_launch_local_memory<Kokkos::Impl::ParallelFor<K...
b200,sm_100,other,,10,0,0,no,1.0,1.0,1.0,void Kokkos::Impl::cuda_parallel_launch_local_memory<Kokkos::Impl::ParallelFor<K...
b200,sm_100,other,,10,0,0,no,1.0,1.0,1.0,void Kokkos::Impl::cuda_parallel_launch_local_memory<Kokkos::Impl::ParallelFor<K...
b200,sm_100,other,,10,0,0,no,1.0,1.0,1.0,void Kokkos::Impl::cuda_parallel_launch_local_memory<Kokkos::Impl::ParallelFor<K...
b200,sm_100,other,,10,0,0,no,1.0,1.0,1.0,void Kokkos::Impl::cuda_parallel_launch_local_memory<Kokkos::Impl::ParallelFor<K...
b200,sm_100,other,,10,0,0,no,1.0,1.0,1.0,void Kokkos::Impl::cuda_parallel_launch_local_memory<Kokkos::Impl::ParallelFor<K...
b200,sm_100,other,,10,0,0,no,1.0,1.0,1.0,void Kokkos::Impl::cuda_parallel_launch_local_memory<Kokkos::Impl::ParallelFor<K...
b200,sm_100,other,,10,0,0,no,1.0,1.0,1.0,void Kokkos::Impl::cuda_parallel_launch_local_memory<Kokkos::Impl::ParallelFor<K...
b200,sm_100,other,,10,0,0,no,1.0,1.0,1.0,void Kokkos::Impl::cuda_parallel_launch_local_memory<Kokkos::Impl::ParallelFor<K...
b200,sm_100,other,,10,0,0,no,1.0,1.0,1.0,void Kokkos::Impl::cuda_parallel_launch_local_memory<Kokkos::Impl::ParallelFor<K...
b200,sm_100,other,,10,0,0,no,1.0,1.0,1.0,void Kokkos::Impl::cuda_parallel_launch_local_memory<Kokkos::Impl::ParallelFor<K...
b200,sm_100,other,,10,0,0,no,1.0,1.0,1.0,void Kokkos::Impl::cuda_parallel_launch_local_memory<Kokkos::Impl::ParallelFor<K...
b200,sm_100,other,,10,0,0,no,1.0,1.0,1.0,void Kokkos::Impl::cuda_parallel_launch_local_memory<Kokkos::Impl::ParallelFor<K...
b200,sm_100,other,,10,0,0,no,1.0,1.0,1.0,void Kokkos::Impl::cuda_parallel_launch_local_memory<Kokkos::Impl::ParallelFor<K...
b200,sm_100,other,,10,0,0,no,1.0,1.0,1.0,void Kokkos::Impl::cuda_parallel_launch_local_memory<Kokkos::Impl::ParallelFor<K...
b200,sm_100,other,,10,0,0,no,1.0,1.0,1.0,void Kokkos::Impl::cuda_parallel_launch_local_memory<Kokkos::Impl::ParallelFor<K...
b200,sm_100,other,,10,0,0,no,1.0,1.0,1.0,void Kokkos::Impl::cuda_parallel_launch_local_memory<Kokkos::Impl::ParallelFor<K...
b200,sm_100,other,,10,0,0,no,1.0,1.0,1.0,void Kokkos::Impl::cuda_parallel_launch_local_memory<Kokkos::Impl::ParallelFor<K...
b200,sm_100,other,,10,0,0,no,1.0,1.0,1.0,void Kokkos::Impl::cuda_parallel_launch_local_memory<Kokkos::Impl::ParallelFor<K...
b200,sm_100,other,,10,0,0,no,1.0,1.0,1.0,void Kokkos::Impl::cuda_parallel_launch_local_memory<Kokkos::Impl::ParallelFor<K...
b200,sm_100,other,,10,0,0,no,1.0,1.0,1.0,void Kokkos::Impl::cuda_parallel_launch_local_memory<Kokkos::Impl::ParallelFor<K...
b200,sm_100,other,,10,0,0,no,1.0,1.0,1.0,void Kokkos::Impl::cuda_parallel_launch_local_memory<Kokkos::Impl::ParallelFor<K...
b200,sm_100,other,,10,0,0,no,1.0,1.0,1.0,void Kokkos::Impl::cuda_parallel_launch_local_memory<Kokkos::Impl::ParallelFor<K...
b200,sm_100,other,,10,0,0,no,1.0,1.0,1.0,void Kokkos::Impl::cuda_parallel_launch_local_memory<Kokkos::Impl::ParallelFor<K...
b200,sm_100,other,,10,0,0,no,1.0,1.0,1.0,void Kokkos::Impl::cuda_parallel_launch_local_memory<Kokkos::Impl::ParallelFor<K...
b200,sm_100,other,,10,0,0,no,1.0,1.0,1.0,void Kokkos::Impl::cuda_parallel_launch_local_memory<Kokkos::Impl::ParallelFor<K...
b200,sm_100,other,,10,0,0,no,1.0,1.0,1.0,void Kokkos::Impl::cuda_parallel_launch_local_memory<Kokkos::Impl::ParallelFor<K...
b200,sm_100,other,,10,0,0,no,1.0,1.0,1.0,void Kokkos::Impl::cuda_parallel_launch_local_memory<Kokkos::Impl::ParallelFor<K...
b200,sm_100,other,,10,0,0,no,1.0,1.0,1.0,void Kokkos::Impl::cuda_parallel_launch_local_memory<Kokkos::Impl::ParallelFor<K...
b200,sm_100,other,,10,0,0,no,1.0,1.0,1.0,void Kokkos::Impl::cuda_parallel_launch_local_memory<Kokkos::Impl::ParallelFor<K...
b200,sm_100,other,,10,0,0,no,1.0,1.0,1.0,void Kokkos::Impl::cuda_parallel_launch_local_memory<Kokkos::Impl::ParallelFor<K...
b200,sm_100,other,,10,0,0,no,1.0,1.0,1.0,void Kokkos::Impl::cuda_parallel_launch_local_memory<Kokkos::Impl::ParallelFor<K...
b200,sm_100,other,,10,0,0,no,1.0,1.0,1.0,void Kokkos::Impl::cuda_parallel_launch_local_memory<Kokkos::Impl::ParallelFor<K...
b200,sm_100,other,,10,0,0,no,1.0,1.0,1.0,void Kokkos::Impl::cuda_parallel_launch_local_memory<Kokkos::Impl::ParallelFor<K...
b200,sm_100,other,,10,0,0,no,1.0,1.0,1.0,void Kokkos::Impl::cuda_parallel_launch_local_memory<Kokkos::Impl::ParallelFor<K...
b200,sm_100,other,,10,0,0,no,1.0,1.0,1.0,void Kokkos::Impl::cuda_parallel_launch_local_memory<Kokkos::Impl::ParallelFor<K...
b200,sm_100,other,,10,0,0,no,1.0,1.0,1.0,void Kokkos::Impl::cuda_parallel_launch_local_memory<Kokkos::Impl::ParallelFor<K...
b200,sm_100,other,,10,0,0,no,1.0,1.0,1.0,void Kokkos::Impl::cuda_parallel_launch_local_memory<Kokkos::Impl::ParallelFor<K...
b200,sm_100,other,,10,0,0,no,1.0,1.0,1.0,void Kokkos::Impl::cuda_parallel_launch_local_memory<Kokkos::Impl::ParallelFor<K...
b200,sm_100,other,,10,0,0,no,1.0,1.0,1.0,void Kokkos::Impl::cuda_parallel_launch_local_memory<Kokkos::Impl::ParallelFor<K...
b200,sm_100,other,,10,1024,0,no,1.0,1.0,1.0,void Kokkos::Impl::cuda_parallel_launch_local_memory<Kokkos::Impl::ParallelFor<K...
b200,sm_100,other,,10,1024,0,no,1.0,1.0,1.0,void Kokkos::Impl::cuda_parallel_launch_local_memory<Kokkos::Impl::ParallelFor<K...
b200,sm_100,other,,10,0,0,no,1.0,1.0,1.0,void Kokkos::Impl::cuda_parallel_launch_local_memory<Kokkos::Impl::ParallelFor<K...
b200,sm_100,other,,10,0,0,no,1.0,1.0,1.0,void Kokkos::Impl::cuda_parallel_launch_local_memory<Kokkos::Impl::ParallelFor<K...
b200,sm_100,other,,10,1024,0,no,1.0,1.0,1.0,void Kokkos::Impl::cuda_parallel_launch_local_memory<Kokkos::Impl::ParallelFor<K...
b200,sm_100,other,,10,1024,0,no,1.0,1.0,1.0,void Kokkos::Impl::cuda_parallel_launch_local_memory<Kokkos::Impl::ParallelFor<K...
b200,sm_100,other,,10,0,0,no,1.0,1.0,1.0,void Kokkos::Impl::cuda_parallel_launch_local_memory<Kokkos::Impl::ParallelFor<K...
b200,sm_100,other,,10,0,0,no,1.0,1.0,1.0,void Kokkos::Impl::cuda_parallel_launch_local_memory<Kokkos::Impl::ParallelFor<K...
b200,sm_100,other,,10,1024,0,no,1.0,1.0,1.0,void Kokkos::Impl::cuda_parallel_launch_local_memory<Kokkos::Impl::ParallelFor<K...
b200,sm_100,other,,10,1024,0,no,1.0,1.0,1.0,void Kokkos::Impl::cuda_parallel_launch_local_memory<Kokkos::Impl::ParallelFor<K...
b200,sm_100,other,,10,0,0,no,1.0,1.0,1.0,void Kokkos::Impl::cuda_parallel_launch_local_memory<Kokkos::Impl::ParallelFor<K...
b200,sm_100,other,,10,0,0,no,1.0,1.0,1.0,void Kokkos::Impl::cuda_parallel_launch_local_memory<Kokkos::Impl::ParallelFor<K...
b200,sm_100,other,,10,0,0,no,1.0,1.0,1.0,void Kokkos::Impl::cuda_parallel_launch_local_memory<Kokkos::Impl::ParallelFor<K...
b200,sm_100,other,,10,0,0,no,1.0,1.0,1.0,void Kokkos::Impl::cuda_parallel_launch_local_memory<Kokkos::Impl::ParallelFor<K...
b200,sm_100,other,,10,0,0,no,1.0,1.0,1.0,void Kokkos::Impl::cuda_parallel_launch_local_memory<Kokkos::Impl::ParallelFor<K...
b200,sm_100,other,,10,0,0,no,1.0,1.0,1.0,void Kokkos::Impl::cuda_parallel_launch_local_memory<Kokkos::Impl::ParallelFor<K...
b200,sm_100,other,,10,0,0,no,1.0,1.0,1.0,void Kokkos::Impl::cuda_parallel_launch_local_memory<Kokkos::Impl::ParallelFor<K...
b200,sm_100,other,,10,0,0,no,1.0,1.0,1.0,void Kokkos::Impl::cuda_parallel_launch_local_memory<Kokkos::Impl::ParallelFor<K...
b200,sm_100,other,,10,0,0,no,1.0,1.0,1.0,void Kokkos::Impl::cuda_parallel_launch_local_memory<Kokkos::Impl::ParallelFor<K...
b200,sm_100,other,,10,0,0,no,1.0,1.0,1.0,void Kokkos::Impl::cuda_parallel_launch_local_memory<Kokkos::Impl::ParallelFor<K...
b200,sm_100,other,,10,0,0,no,1.0,1.0,1.0,void Kokkos::Impl::cuda_parallel_launch_local_memory<Kokkos::Impl::ParallelFor<K...
b200,sm_100,other,,10,0,0,no,1.0,1.0,1.0,void Kokkos::Impl::cuda_parallel_launch_local_memory<Kokkos::Impl::ParallelFor<K...
b200,sm_100,other,,10,0,0,no,1.0,1.0,1.0,void Kokkos::Impl::cuda_parallel_launch_local_memory<Kokkos::Impl::ParallelFor<K...
b200,sm_100,other,,10,0,0,no,1.0,1.0,1.0,void Kokkos::Impl::cuda_parallel_launch_local_memory<Kokkos::Impl::ParallelFor<K...
b200,sm_100,other,,10,1024,0,no,1.0,1.0,1.0,void Kokkos::Impl::cuda_parallel_launch_local_memory<Kokkos::Impl::ParallelFor<K...
b200,sm_100,other,,10,1024,0,no,1.0,1.0,1.0,void Kokkos::Impl::cuda_parallel_launch_local_memory<Kokkos::Impl::ParallelFor<K...
b200,sm_100,other,,10,0,0,no,1.0,1.0,1.0,void Kokkos::Impl::cuda_parallel_launch_local_memory<Kokkos::Impl::ParallelFor<K...
b200,sm_100,other,,10,0,0,no,1.0,1.0,1.0,void Kokkos::Impl::cuda_parallel_launch_local_memory<Kokkos::Impl::ParallelFor<K...
b200,sm_100,other,,10,0,0,no,1.0,1.0,1.0,void Kokkos::Impl::cuda_parallel_launch_local_memory<Kokkos::Impl::ParallelFor<K...
b200,sm_100,other,,10,0,0,no,1.0,1.0,1.0,void Kokkos::Impl::cuda_parallel_launch_local_memory<Kokkos::Impl::ParallelFor<K...
b200,sm_100,other,,10,0,0,no,1.0,1.0,1.0,void Kokkos::Impl::cuda_parallel_launch_local_memory<Kokkos::Impl::ParallelFor<K...
b200,sm_100,other,,10,0,0,no,1.0,1.0,1.0,void Kokkos::Impl::cuda_parallel_launch_local_memory<Kokkos::Impl::ParallelFor<K...
b200,sm_100,other,,10,0,0,no,1.0,1.0,1.0,void Kokkos::Impl::cuda_parallel_launch_local_memory<Kokkos::Impl::ParallelFor<K...
b200,sm_100,other,,10,0,0,no,1.0,1.0,1.0,void Kokkos::Impl::cuda_parallel_launch_local_memory<Kokkos::Impl::ParallelFor<K...
b200,sm_100,other,,10,0,0,no,1.0,1.0,1.0,void Kokkos::Impl::cuda_parallel_launch_local_memory<Kokkos::Impl::ParallelFor<K...
b200,sm_100,other,,10,0,0,no,1.0,1.0,1.0,void Kokkos::Impl::cuda_parallel_launch_local_memory<Kokkos::Impl::ParallelFor<K...
b200,sm_100,other,,10,0,0,no,1.0,1.0,1.0,void Kokkos::Impl::cuda_parallel_launch_local_memory<Kokkos::Impl::ParallelFor<K...
b200,sm_100,other,,10,0,0,no,1.0,1.0,1.0,void Kokkos::Impl::cuda_parallel_launch_local_memory<Kokkos::Impl::ParallelFor<K...
b200,sm_100,other,,10,0,0,no,1.0,1.0,1.0,void Kokkos::Impl::cuda_parallel_launch_local_memory<Kokkos::Impl::ParallelFor<K...
b200,sm_100,other,,10,0,0,no,1.0,1.0,1.0,void Kokkos::Impl::cuda_parallel_launch_local_memory<Kokkos::Impl::ParallelFor<K...
b200,sm_100,other,,10,0,0,no,1.0,1.0,1.0,void Kokkos::Impl::cuda_parallel_launch_local_memory<Kokkos::Impl::ParallelFor<K...
b200,sm_100,other,,10,0,0,no,1.0,1.0,1.0,void Kokkos::Impl::cuda_parallel_launch_local_memory<Kokkos::Impl::ParallelFor<K...
b200,sm_100,other,,10,0,0,no,1.0,1.0,1.0,void Kokkos::Impl::cuda_parallel_launch_local_memory<Kokkos::Impl::ParallelFor<K...
b200,sm_100,other,,10,0,0,no,1.0,1.0,1.0,void Kokkos::Impl::cuda_parallel_launch_local_memory<Kokkos::Impl::ParallelFor<K...
b200,sm_100,other,,10,0,0,no,1.0,1.0,1.0,void Kokkos::Impl::cuda_parallel_launch_local_memory<Kokkos::Impl::ParallelFor<K...
b200,sm_100,other,,10,0,0,no,1.0,1.0,1.0,void Kokkos::Impl::cuda_parallel_launch_local_memory<Kokkos::Impl::ParallelFor<K...
b200,sm_100,other,,10,0,0,no,1.0,1.0,1.0,void Kokkos::Impl::cuda_parallel_launch_local_memory<Kokkos::Impl::ParallelFor<K...
b200,sm_100,other,,10,0,0,no,1.0,1.0,1.0,void Kokkos::Impl::cuda_parallel_launch_local_memory<Kokkos::Impl::ParallelFor<K...
b200,sm_100,other,,10,0,0,no,1.0,1.0,1.0,void Kokkos::Impl::cuda_parallel_launch_local_memory<Kokkos::Impl::ParallelFor<K...
b200,sm_100,other,,10,0,0,no,1.0,1.0,1.0,void Kokkos::Impl::cuda_parallel_launch_local_memory<Kokkos::Impl::ParallelFor<K...
b200,sm_100,other,,10,0,0,no,1.0,1.0,1.0,void Kokkos::Impl::cuda_parallel_launch_local_memory<Kokkos::Impl::ParallelFor<K...
b200,sm_100,other,,10,0,0,no,1.0,1.0,1.0,void Kokkos::Impl::cuda_parallel_launch_local_memory<Kokkos::Impl::ParallelFor<K...
b200,sm_100,other,,10,1024,0,no,1.0,1.0,1.0,void Kokkos::Impl::cuda_parallel_launch_local_memory<Kokkos::Impl::ParallelFor<K...
b200,sm_100,other,,10,1024,0,no,1.0,1.0,1.0,void Kokkos::Impl::cuda_parallel_launch_local_memory<Kokkos::Impl::ParallelFor<K...
b200,sm_100,other,,10,0,0,no,1.0,1.0,1.0,void Kokkos::Impl::cuda_parallel_launch_local_memory<Kokkos::Impl::ParallelFor<K...
b200,sm_100,other,,10,0,0,no,1.0,1.0,1.0,void Kokkos::Impl::cuda_parallel_launch_local_memory<Kokkos::Impl::ParallelFor<K...
b200,sm_100,other,,10,1024,0,no,1.0,1.0,1.0,void Kokkos::Impl::cuda_parallel_launch_local_memory<Kokkos::Impl::ParallelFor<K...
b200,sm_100,other,,10,1024,0,no,1.0,1.0,1.0,void Kokkos::Impl::cuda_parallel_launch_local_memory<Kokkos::Impl::ParallelFor<K...
b200,sm_100,other,,10,0,0,no,1.0,1.0,1.0,void Kokkos::Impl::cuda_parallel_launch_local_memory<Kokkos::Impl::ParallelFor<K...
b200,sm_100,other,,10,0,0,no,1.0,1.0,1.0,void Kokkos::Impl::cuda_parallel_launch_local_memory<Kokkos::Impl::ParallelFor<K...
b200,sm_100,other,,10,0,0,no,1.0,1.0,1.0,void Kokkos::Impl::cuda_parallel_launch_local_memory<Kokkos::Impl::ParallelFor<K...
b200,sm_100,other,,10,0,0,no,1.0,1.0,1.0,void Kokkos::Impl::cuda_parallel_launch_local_memory<Kokkos::Impl::ParallelFor<K...
b200,sm_100,other,,10,0,0,no,1.0,1.0,1.0,void Kokkos::Impl::cuda_parallel_launch_local_memory<Kokkos::Impl::ParallelFor<K...
b200,sm_100,other,,10,0,0,no,1.0,1.0,1.0,void Kokkos::Impl::cuda_parallel_launch_local_memory<Kokkos::Impl::ParallelFor<K...
b200,sm_100,other,,10,0,0,no,1.0,1.0,1.0,void Kokkos::Impl::cuda_parallel_launch_local_memory<Kokkos::Impl::ParallelFor<K...
b200,sm_100,other,,10,0,0,no,1.0,1.0,1.0,void Kokkos::Impl::cuda_parallel_launch_local_memory<Kokkos::Impl::ParallelFor<K...
b200,sm_100,other,,10,0,0,no,1.0,1.0,1.0,void Kokkos::Impl::cuda_parallel_launch_local_memory<Kokkos::Impl::ParallelFor<K...
b200,sm_100,other,,10,0,0,no,1.0,1.0,1.0,void Kokkos::Impl::cuda_parallel_launch_local_memory<Kokkos::Impl::ParallelFor<K...
b200,sm_100,other,,10,0,0,no,1.0,1.0,1.0,void Kokkos::Impl::cuda_parallel_launch_local_memory<Kokkos::Impl::ParallelFor<K...
b200,sm_100,other,,10,0,0,no,1.0,1.0,1.0,void Kokkos::Impl::cuda_parallel_launch_local_memory<Kokkos::Impl::ParallelFor<K...
b200,sm_100,other,,10,0,0,no,1.0,1.0,1.0,void Kokkos::Impl::cuda_parallel_launch_local_memory<Kokkos::Impl::ParallelFor<K...
b200,sm_100,other,,10,0,0,no,1.0,1.0,1.0,void Kokkos::Impl::cuda_parallel_launch_local_memory<Kokkos::Impl::ParallelFor<K...
b200,sm_100,other,,10,0,0,no,1.0,1.0,1.0,void Kokkos::Impl::cuda_parallel_launch_local_memory<Kokkos::Impl::ParallelFor<K...
b200,sm_100,other,,10,0,0,no,1.0,1.0,1.0,void Kokkos::Impl::cuda_parallel_launch_local_memory<Kokkos::Impl::ParallelFor<K...
b200,sm_100,other,,10,1024,0,no,1.0,1.0,1.0,void Kokkos::Impl::cuda_parallel_launch_local_memory<Kokkos::Impl::ParallelFor<K...
b200,sm_100,other,,10,1024,0,no,1.0,1.0,1.0,void Kokkos::Impl::cuda_parallel_launch_local_memory<Kokkos::Impl::ParallelFor<K...
b200,sm_100,other,,10,0,0,no,1.0,1.0,1.0,void Kokkos::Impl::cuda_parallel_launch_local_memory<Kokkos::Impl::ParallelFor<K...
b200,sm_100,other,,10,0,0,no,1.0,1.0,1.0,void Kokkos::Impl::cuda_parallel_launch_local_memory<Kokkos::Impl::ParallelFor<K...
b200,sm_100,other,,10,1024,0,no,1.0,1.0,1.0,void Kokkos::Impl::cuda_parallel_launch_local_memory<Kokkos::Impl::ParallelFor<K...
b200,sm_100,other,,10,1024,0,no,1.0,1.0,1.0,void Kokkos::Impl::cuda_parallel_launch_local_memory<Kokkos::Impl::ParallelFor<K...
b200,sm_100,other,,10,0,0,no,1.0,1.0,1.0,void Kokkos::Impl::cuda_parallel_launch_local_memory<Kokkos::Impl::ParallelFor<K...
b200,sm_100,other,,10,0,0,no,1.0,1.0,1.0,void Kokkos::Impl::cuda_parallel_launch_local_memory<Kokkos::Impl::ParallelFor<K...
b200,sm_100,other,,10,0,0,no,1.0,1.0,1.0,void Kokkos::Impl::cuda_parallel_launch_local_memory<Kokkos::Impl::ParallelFor<K...
b200,sm_100,other,,10,0,0,no,1.0,1.0,1.0,void Kokkos::Impl::cuda_parallel_launch_local_memory<Kokkos::Impl::ParallelFor<K...
b200,sm_100,other,,10,0,0,no,1.0,1.0,1.0,void Kokkos::Impl::cuda_parallel_launch_local_memory<Kokkos::Impl::ParallelFor<K...
b200,sm_100,other,,10,0,0,no,1.0,1.0,1.0,void Kokkos::Impl::cuda_parallel_launch_local_memory<Kokkos::Impl::ParallelFor<K...
b200,sm_100,other,,10,0,0,no,1.0,1.0,1.0,void Kokkos::Impl::cuda_parallel_launch_local_memory<Kokkos::Impl::ParallelFor<K...
b200,sm_100,other,,10,0,0,no,1.0,1.0,1.0,void Kokkos::Impl::cuda_parallel_launch_local_memory<Kokkos::Impl::ParallelFor<K...
b200,sm_100,other,,10,0,0,no,1.0,1.0,1.0,void Kokkos::Impl::cuda_parallel_launch_local_memory<Kokkos::Impl::ParallelFor<K...
b200,sm_100,other,,10,0,0,no,1.0,1.0,1.0,void Kokkos::Impl::cuda_parallel_launch_local_memory<Kokkos::Impl::ParallelFor<K...
b200,sm_100,other,,10,0,0,no,1.0,1.0,1.0,void Kokkos::Impl::cuda_parallel_launch_local_memory<Kokkos::Impl::ParallelFor<K...
b200,sm_100,other,,10,0,0,no,1.0,1.0,1.0,void Kokkos::Impl::cuda_parallel_launch_local_memory<Kokkos::Impl::ParallelFor<K...
b200,sm_100,other,,10,0,0,no,1.0,1.0,1.0,void Kokkos::Impl::cuda_parallel_launch_local_memory<Kokkos::Impl::ParallelFor<K...
b200,sm_100,other,,10,0,0,no,1.0,1.0,1.0,void Kokkos::Impl::cuda_parallel_launch_local_memory<Kokkos::Impl::ParallelFor<K...
b200,sm_100,other,,10,1024,0,no,1.0,1.0,1.0,void Kokkos::Impl::cuda_parallel_launch_local_memory<Kokkos::Impl::ParallelFor<K...
b200,sm_100,other,,10,1024,0,no,1.0,1.0,1.0,void Kokkos::Impl::cuda_parallel_launch_local_memory<Kokkos::Impl::ParallelFor<K...
b200,sm_100,other,,10,1024,0,no,1.0,1.0,1.0,void Kokkos::Impl::cuda_parallel_launch_local_memory<Kokkos::Impl::ParallelFor<K...
b200,sm_100,other,,10,1024,0,no,1.0,1.0,1.0,void Kokkos::Impl::cuda_parallel_launch_local_memory<Kokkos::Impl::ParallelFor<K...
b200,sm_100,other,,10,1024,0,no,1.0,1.0,1.0,void Kokkos::Impl::cuda_parallel_launch_local_memory<Kokkos::Impl::ParallelFor<K...
b200,sm_100,other,,10,1024,0,no,1.0,1.0,1.0,void Kokkos::Impl::cuda_parallel_launch_local_memory<Kokkos::Impl::ParallelFor<K...
b200,sm_100,other,,10,0,0,no,1.0,1.0,1.0,void Kokkos::Impl::cuda_parallel_launch_local_memory<Kokkos::Impl::ParallelFor<K...
b200,sm_100,other,,10,0,0,no,1.0,1.0,1.0,void Kokkos::Impl::cuda_parallel_launch_local_memory<Kokkos::Impl::ParallelFor<K...
b200,sm_100,other,,10,0,0,no,1.0,1.0,1.0,void Kokkos::Impl::cuda_parallel_launch_local_memory<Kokkos::Impl::ParallelFor<K...
b200,sm_100,other,,10,0,0,no,1.0,1.0,1.0,void Kokkos::Impl::cuda_parallel_launch_local_memory<Kokkos::Impl::ParallelFor<K...
b200,sm_100,other,,10,0,0,no,1.0,1.0,1.0,void Kokkos::Impl::cuda_parallel_launch_local_memory<Kokkos::Impl::ParallelFor<K...
b200,sm_100,other,,10,0,0,no,1.0,1.0,1.0,void Kokkos::Impl::cuda_parallel_launch_local_memory<Kokkos::Impl::ParallelFor<K...
b200,sm_100,other,,10,0,0,no,1.0,1.0,1.0,void Kokkos::Impl::cuda_parallel_launch_local_memory<Kokkos::Impl::ParallelFor<K...
b200,sm_100,other,,10,0,0,no,1.0,1.0,1.0,void Kokkos::Impl::cuda_parallel_launch_local_memory<Kokkos::Impl::ParallelFor<K...
b200,sm_100,other,,10,0,0,no,1.0,1.0,1.0,void Kokkos::Impl::cuda_parallel_launch_local_memory<Kokkos::Impl::ParallelFor<K...
b200,sm_100,other,,10,0,0,no,1.0,1.0,1.0,void Kokkos::Impl::cuda_parallel_launch_local_memory<Kokkos::Impl::ParallelFor<K...
b200,sm_100,other,,10,0,0,no,1.0,1.0,1.0,void Kokkos::Impl::cuda_parallel_launch_local_memory<Kokkos::Impl::ParallelFor<K...
b200,sm_100,other,,10,0,0,no,1.0,1.0,1.0,void Kokkos::Impl::cuda_parallel_launch_local_memory<Kokkos::Impl::ParallelFor<K...
b200,sm_100,other,,10,0,0,no,1.0,1.0,1.0,void Kokkos::Impl::cuda_parallel_launch_local_memory<Kokkos::Impl::ParallelFor<K...
b200,sm_100,other,,10,0,0,no,1.0,1.0,1.0,void Kokkos::Impl::cuda_parallel_launch_local_memory<Kokkos::Impl::ParallelFor<K...
b200,sm_100,other,,10,0,0,no,1.0,1.0,1.0,void Kokkos::Impl::cuda_parallel_launch_local_memory<Kokkos::Impl::ParallelFor<K...
b200,sm_100,other,,10,0,0,no,1.0,1.0,1.0,void Kokkos::Impl::cuda_parallel_launch_local_memory<Kokkos::Impl::ParallelFor<K...
b200,sm_100,other,,10,1024,0,no,1.0,1.0,1.0,void Kokkos::Impl::cuda_parallel_launch_local_memory<Kokkos::Impl::ParallelFor<K...
b200,sm_100,other,,10,1024,0,no,1.0,1.0,1.0,void Kokkos::Impl::cuda_parallel_launch_local_memory<Kokkos::Impl::ParallelFor<K...
b200,sm_100,other,,10,0,0,no,1.0,1.0,1.0,void Kokkos::Impl::cuda_parallel_launch_local_memory<Kokkos::Impl::ParallelFor<K...
b200,sm_100,other,,10,0,0,no,1.0,1.0,1.0,void Kokkos::Impl::cuda_parallel_launch_local_memory<Kokkos::Impl::ParallelFor<K...
b200,sm_100,other,,10,0,0,no,1.0,1.0,1.0,void Kokkos::Impl::cuda_parallel_launch_local_memory<Kokkos::Impl::ParallelFor<K...
b200,sm_100,other,,10,0,0,no,1.0,1.0,1.0,void Kokkos::Impl::cuda_parallel_launch_local_memory<Kokkos::Impl::ParallelFor<K...
b200,sm_100,other,,10,0,0,no,1.0,1.0,1.0,void Kokkos::Impl::cuda_parallel_launch_local_memory<Kokkos::Impl::ParallelFor<K...
b200,sm_100,other,,10,0,0,no,1.0,1.0,1.0,void Kokkos::Impl::cuda_parallel_launch_local_memory<Kokkos::Impl::ParallelFor<K...
b200,sm_100,other,,10,0,0,no,1.0,1.0,1.0,void Kokkos::Impl::cuda_parallel_launch_local_memory<Kokkos::Impl::ParallelFor<K...
b200,sm_100,other,,10,0,0,no,1.0,1.0,1.0,void Kokkos::Impl::cuda_parallel_launch_local_memory<Kokkos::Impl::ParallelFor<K...
b200,sm_100,other,,10,0,0,no,1.0,1.0,1.0,void Kokkos::Impl::cuda_parallel_launch_local_memory<Kokkos::Impl::ParallelFor<K...
b200,sm_100,other,,10,0,0,no,1.0,1.0,1.0,void Kokkos::Impl::cuda_parallel_launch_local_memory<Kokkos::Impl::ParallelFor<K...
b200,sm_100,other,,10,0,0,no,1.0,1.0,1.0,void Kokkos::Impl::cuda_parallel_launch_local_memory<Kokkos::Impl::ParallelFor<K...
b200,sm_100,other,,10,0,0,no,1.0,1.0,1.0,void Kokkos::Impl::cuda_parallel_launch_local_memory<Kokkos::Impl::ParallelFor<K...
b200,sm_100,other,,10,0,0,no,1.0,1.0,1.0,void Kokkos::Impl::cuda_parallel_launch_local_memory<Kokkos::Impl::ParallelFor<K...
b200,sm_100,other,,10,0,0,no,1.0,1.0,1.0,void Kokkos::Impl::cuda_parallel_launch_local_memory<Kokkos::Impl::ParallelFor<K...
b200,sm_100,other,,10,0,0,no,1.0,1.0,1.0,void Kokkos::Impl::cuda_parallel_launch_local_memory<Kokkos::Impl::ParallelFor<K...
b200,sm_100,other,,10,0,0,no,1.0,1.0,1.0,void Kokkos::Impl::cuda_parallel_launch_local_memory<Kokkos::Impl::ParallelFor<K...
b200,sm_100,other,,10,0,0,no,1.0,1.0,1.0,void Kokkos::Impl::cuda_parallel_launch_local_memory<Kokkos::Impl::ParallelFor<K...
b200,sm_100,other,,10,0,0,no,1.0,1.0,1.0,void Kokkos::Impl::cuda_parallel_launch_local_memory<Kokkos::Impl::ParallelFor<K...
b200,sm_100,other,,10,0,0,no,1.0,1.0,1.0,void Kokkos::Impl::cuda_parallel_launch_local_memory<Kokkos::Impl::ParallelFor<K...
b200,sm_100,other,,10,0,0,no,1.0,1.0,1.0,void Kokkos::Impl::cuda_parallel_launch_local_memory<Kokkos::Impl::ParallelFor<K...
b200,sm_100,other,,10,0,0,no,1.0,1.0,1.0,void Kokkos::Impl::cuda_parallel_launch_local_memory<Kokkos::Impl::ParallelFor<K...
b200,sm_100,other,,10,0,0,no,1.0,1.0,1.0,void Kokkos::Impl::cuda_parallel_launch_local_memory<Kokkos::Impl::ParallelFor<K...
b200,sm_100,other,,10,0,0,no,1.0,1.0,1.0,void Kokkos::Impl::cuda_parallel_launch_local_memory<Kokkos::Impl::ParallelFor<K...
b200,sm_100,other,,10,0,0,no,1.0,1.0,1.0,void Kokkos::Impl::cuda_parallel_launch_local_memory<Kokkos::Impl::ParallelFor<K...
b200,sm_100,other,,10,1024,0,no,1.0,1.0,1.0,void Kokkos::Impl::cuda_parallel_launch_local_memory<Kokkos::Impl::ParallelFor<K...
b200,sm_100,other,,10,1024,0,no,1.0,1.0,1.0,void Kokkos::Impl::cuda_parallel_launch_local_memory<Kokkos::Impl::ParallelFor<K...
b200,sm_100,other,,10,1024,0,no,1.0,1.0,1.0,void Kokkos::Impl::cuda_parallel_launch_local_memory<Kokkos::Impl::ParallelFor<K...
b200,sm_100,other,,10,1024,0,no,1.0,1.0,1.0,void Kokkos::Impl::cuda_parallel_launch_local_memory<Kokkos::Impl::ParallelFor<K...
b200,sm_100,other,,10,1024,0,no,1.0,1.0,1.0,void Kokkos::Impl::cuda_parallel_launch_local_memory<Kokkos::Impl::ParallelFor<K...
b200,sm_100,other,,10,1024,0,no,1.0,1.0,1.0,void Kokkos::Impl::cuda_parallel_launch_local_memory<Kokkos::Impl::ParallelFor<K...
b200,sm_100,other,,10,1024,0,no,1.0,1.0,1.0,void Kokkos::Impl::cuda_parallel_launch_local_memory<Kokkos::Impl::ParallelFor<K...
b200,sm_100,other,,10,1024,0,no,1.0,1.0,1.0,void Kokkos::Impl::cuda_parallel_launch_local_memory<Kokkos::Impl::ParallelFor<K...
b200,sm_100,other,,10,1024,0,no,1.0,1.0,1.0,void Kokkos::Impl::cuda_parallel_launch_local_memory<Kokkos::Impl::ParallelFor<K...
b200,sm_100,other,,10,1024,0,no,1.0,1.0,1.0,void Kokkos::Impl::cuda_parallel_launch_local_memory<Kokkos::Impl::ParallelFor<K...
b200,sm_100,other,,10,0,0,no,1.0,1.0,1.0,void Kokkos::Impl::cuda_parallel_launch_local_memory<Kokkos::Impl::ParallelFor<K...
b200,sm_100,other,,10,0,0,no,1.0,1.0,1.0,void Kokkos::Impl::cuda_parallel_launch_local_memory<Kokkos::Impl::ParallelFor<K...
b200,sm_100,other,,10,0,0,no,1.0,1.0,1.0,void Kokkos::Impl::cuda_parallel_launch_local_memory<Kokkos::Impl::ParallelFor<K...
b200,sm_100,other,,10,0,0,no,1.0,1.0,1.0,void Kokkos::Impl::cuda_parallel_launch_local_memory<Kokkos::Impl::ParallelFor<K...
b200,sm_100,other,,10,1024,0,no,1.0,1.0,1.0,void Kokkos::Impl::cuda_parallel_launch_local_memory<Kokkos::Impl::ParallelFor<K...
b200,sm_100,other,,10,1024,0,no,1.0,1.0,1.0,void Kokkos::Impl::cuda_parallel_launch_local_memory<Kokkos::Impl::ParallelFor<K...
b200,sm_100,other,,10,0,0,no,1.0,1.0,1.0,void Kokkos::Impl::cuda_parallel_launch_local_memory<Kokkos::Impl::ParallelFor<K...
b200,sm_100,other,,10,0,0,no,1.0,1.0,1.0,void Kokkos::Impl::cuda_parallel_launch_local_memory<Kokkos::Impl::ParallelFor<K...
b200,sm_100,other,,10,1024,0,no,1.0,1.0,1.0,void Kokkos::Impl::cuda_parallel_launch_local_memory<Kokkos::Impl::ParallelFor<K...
b200,sm_100,other,,10,1024,0,no,1.0,1.0,1.0,void Kokkos::Impl::cuda_parallel_launch_local_memory<Kokkos::Impl::ParallelFor<K...
b200,sm_100,other,,10,1024,0,no,1.0,1.0,1.0,void Kokkos::Impl::cuda_parallel_launch_local_memory<Kokkos::Impl::ParallelFor<K...
b200,sm_100,other,,10,1024,0,no,1.0,1.0,1.0,void Kokkos::Impl::cuda_parallel_launch_local_memory<Kokkos::Impl::ParallelFor<K...
b200,sm_100,other,,10,0,0,no,1.0,1.0,1.0,void Kokkos::Impl::cuda_parallel_launch_local_memory<Kokkos::Impl::ParallelFor<K...
b200,sm_100,other,,10,0,0,no,1.0,1.0,1.0,void Kokkos::Impl::cuda_parallel_launch_local_memory<Kokkos::Impl::ParallelFor<K...
b200,sm_100,other,,10,0,0,no,1.0,1.0,1.0,void Kokkos::Impl::cuda_parallel_launch_local_memory<Kokkos::Impl::ParallelFor<K...
b200,sm_100,other,,10,0,0,no,1.0,1.0,1.0,void Kokkos::Impl::cuda_parallel_launch_local_memory<Kokkos::Impl::ParallelFor<K...
b200,sm_100,other,,10,0,0,no,1.0,1.0,1.0,void Kokkos::Impl::cuda_parallel_launch_local_memory<Kokkos::Impl::ParallelFor<K...
b200,sm_100,other,,10,0,0,no,1.0,1.0,1.0,void Kokkos::Impl::cuda_parallel_launch_local_memory<Kokkos::Impl::ParallelFor<K...
b200,sm_100,other,,10,1024,0,no,1.0,1.0,1.0,void Kokkos::Impl::cuda_parallel_launch_local_memory<Kokkos::Impl::ParallelFor<K...
b200,sm_100,other,,10,1024,0,no,1.0,1.0,1.0,void Kokkos::Impl::cuda_parallel_launch_local_memory<Kokkos::Impl::ParallelFor<K...
b200,sm_100,other,,10,1024,0,no,1.0,1.0,1.0,void Kokkos::Impl::cuda_parallel_launch_local_memory<Kokkos::Impl::ParallelFor<K...
b200,sm_100,other,,10,1024,0,no,1.0,1.0,1.0,void Kokkos::Impl::cuda_parallel_launch_local_memory<Kokkos::Impl::ParallelFor<K...
b200,sm_100,other,,10,0,0,no,1.0,1.0,1.0,void Kokkos::Impl::cuda_parallel_launch_local_memory<Kokkos::Impl::ParallelFor<K...
b200,sm_100,other,,10,0,0,no,1.0,1.0,1.0,void Kokkos::Impl::cuda_parallel_launch_local_memory<Kokkos::Impl::ParallelFor<K...
b200,sm_100,other,,10,0,0,no,1.0,1.0,1.0,void Kokkos::Impl::cuda_parallel_launch_local_memory<Kokkos::Impl::ParallelFor<K...
b200,sm_100,other,,10,0,0,no,1.0,1.0,1.0,void Kokkos::Impl::cuda_parallel_launch_local_memory<Kokkos::Impl::ParallelFor<K...
b200,sm_100,other,,10,0,0,no,1.0,1.0,1.0,void Kokkos::Impl::cuda_parallel_launch_local_memory<Kokkos::Impl::ParallelFor<K...
b200,sm_100,other,,10,0,0,no,1.0,1.0,1.0,void Kokkos::Impl::cuda_parallel_launch_local_memory<Kokkos::Impl::ParallelFor<K...
b200,sm_100,other,,10,1024,0,no,1.0,1.0,1.0,void Kokkos::Impl::cuda_parallel_launch_local_memory<Kokkos::Impl::ParallelFor<K...
b200,sm_100,other,,10,1024,0,no,1.0,1.0,1.0,void Kokkos::Impl::cuda_parallel_launch_local_memory<Kokkos::Impl::ParallelFor<K...
b200,sm_100,other,,10,1024,0,no,1.0,1.0,1.0,void Kokkos::Impl::cuda_parallel_launch_local_memory<Kokkos::Impl::ParallelFor<K...
b200,sm_100,other,,10,1024,0,no,1.0,1.0,1.0,void Kokkos::Impl::cuda_parallel_launch_local_memory<Kokkos::Impl::ParallelFor<K...
b200,sm_100,other,,10,1024,0,no,1.0,1.0,1.0,void Kokkos::Impl::cuda_parallel_launch_local_memory<Kokkos::Impl::ParallelFor<K...
b200,sm_100,other,,10,1024,0,no,1.0,1.0,1.0,void Kokkos::Impl::cuda_parallel_launch_local_memory<Kokkos::Impl::ParallelFor<K...
b200,sm_100,other,,10,1024,0,no,1.0,1.0,1.0,void Kokkos::Impl::cuda_parallel_launch_local_memory<Kokkos::Impl::ParallelFor<K...
b200,sm_100,other,,10,1024,0,no,1.0,1.0,1.0,void Kokkos::Impl::cuda_parallel_launch_local_memory<Kokkos::Impl::ParallelFor<K...
b200,sm_100,other,,10,1024,0,no,1.0,1.0,1.0,void Kokkos::Impl::cuda_parallel_launch_local_memory<Kokkos::Impl::ParallelFor<K...
b200,sm_100,other,,10,1024,0,no,1.0,1.0,1.0,void Kokkos::Impl::cuda_parallel_launch_local_memory<Kokkos::Impl::ParallelFor<K...
b200,sm_100,other,,10,0,0,no,1.0,1.0,1.0,void Kokkos::Impl::cuda_parallel_launch_local_memory<Kokkos::Impl::ParallelFor<K...
b200,sm_100,other,,10,0,0,no,1.0,1.0,1.0,void Kokkos::Impl::cuda_parallel_launch_local_memory<Kokkos::Impl::ParallelFor<K...
b200,sm_100,other,,10,0,0,no,1.0,1.0,1.0,void Kokkos::Impl::cuda_parallel_launch_local_memory<Kokkos::Impl::ParallelFor<K...
b200,sm_100,other,,10,0,0,no,1.0,1.0,1.0,void Kokkos::Impl::cuda_parallel_launch_local_memory<Kokkos::Impl::ParallelFor<K...
b200,sm_100,other,,10,0,0,no,1.0,1.0,1.0,void Kokkos::Impl::cuda_parallel_launch_local_memory<Kokkos::Impl::ParallelFor<K...
b200,sm_100,other,,10,0,0,no,1.0,1.0,1.0,void Kokkos::Impl::cuda_parallel_launch_local_memory<Kokkos::Impl::ParallelFor<K...
b200,sm_100,other,,10,0,0,no,1.0,1.0,1.0,void Kokkos::Impl::cuda_parallel_launch_local_memory<Kokkos::Impl::ParallelFor<K...
b200,sm_100,other,,10,0,0,no,1.0,1.0,1.0,void Kokkos::Impl::cuda_parallel_launch_local_memory<Kokkos::Impl::ParallelFor<K...
b200,sm_100,other,,10,0,0,no,1.0,1.0,1.0,void Kokkos::Impl::cuda_parallel_launch_local_memory<Kokkos::Impl::ParallelFor<K...
b200,sm_100,other,,10,0,0,no,1.0,1.0,1.0,void Kokkos::Impl::cuda_parallel_launch_local_memory<Kokkos::Impl::ParallelFor<K...
b200,sm_100,other,,10,0,0,no,1.0,1.0,1.0,void Kokkos::Impl::cuda_parallel_launch_local_memory<Kokkos::Impl::ParallelFor<K...
b200,sm_100,other,,10,0,0,no,1.0,1.0,1.0,void Kokkos::Impl::cuda_parallel_launch_local_memory<Kokkos::Impl::ParallelFor<K...
b200,sm_100,other,,10,0,0,no,1.0,1.0,1.0,void Kokkos::Impl::cuda_parallel_launch_local_memory<Kokkos::Impl::ParallelFor<K...
b200,sm_100,other,,10,0,0,no,1.0,1.0,1.0,void Kokkos::Impl::cuda_parallel_launch_local_memory<Kokkos::Impl::ParallelFor<K...
b200,sm_100,other,,10,0,0,no,1.0,1.0,1.0,void Kokkos::Impl::cuda_parallel_launch_local_memory<Kokkos::Impl::ParallelFor<K...
b200,sm_100,other,,10,0,0,no,1.0,1.0,1.0,void Kokkos::Impl::cuda_parallel_launch_local_memory<Kokkos::Impl::ParallelFor<K...
b200,sm_100,other,,10,0,0,no,1.0,1.0,1.0,void Kokkos::Impl::cuda_parallel_launch_local_memory<Kokkos::Impl::ParallelFor<K...
b200,sm_100,other,,10,0,0,no,1.0,1.0,1.0,void Kokkos::Impl::cuda_parallel_launch_local_memory<Kokkos::Impl::ParallelFor<K...
b200,sm_100,other,,10,0,0,no,1.0,1.0,1.0,void Kokkos::Impl::cuda_parallel_launch_local_memory<Kokkos::Impl::ParallelFor<K...
b200,sm_100,other,,10,0,0,no,1.0,1.0,1.0,void Kokkos::Impl::cuda_parallel_launch_local_memory<Kokkos::Impl::ParallelFor<K...
b200,sm_100,other,,10,0,0,no,1.0,1.0,1.0,void Kokkos::Impl::cuda_parallel_launch_local_memory<Kokkos::Impl::ParallelFor<K...
b200,sm_100,other,,10,0,0,no,1.0,1.0,1.0,void Kokkos::Impl::cuda_parallel_launch_local_memory<Kokkos::Impl::ParallelFor<K...
b200,sm_100,other,,10,1024,0,no,1.0,1.0,1.0,void Kokkos::Impl::cuda_parallel_launch_local_memory<Kokkos::Impl::ParallelFor<K...
b200,sm_100,other,,10,1024,0,no,1.0,1.0,1.0,void Kokkos::Impl::cuda_parallel_launch_local_memory<Kokkos::Impl::ParallelFor<K...
b200,sm_100,other,,10,1024,0,no,1.0,1.0,1.0,void Kokkos::Impl::cuda_parallel_launch_local_memory<Kokkos::Impl::ParallelFor<K...
b200,sm_100,other,,10,1024,0,no,1.0,1.0,1.0,void Kokkos::Impl::cuda_parallel_launch_local_memory<Kokkos::Impl::ParallelFor<K...
b200,sm_100,other,,10,1024,0,no,1.0,1.0,1.0,void Kokkos::Impl::cuda_parallel_launch_local_memory<Kokkos::Impl::ParallelFor<K...
b200,sm_100,other,,10,1024,0,no,1.0,1.0,1.0,void Kokkos::Impl::cuda_parallel_launch_local_memory<Kokkos::Impl::ParallelFor<K...
b200,sm_100,other,,10,1024,0,no,1.0,1.0,1.0,void Kokkos::Impl::cuda_parallel_launch_local_memory<Kokkos::Impl::ParallelFor<K...
b200,sm_100,other,,10,1024,0,no,1.0,1.0,1.0,void Kokkos::Impl::cuda_parallel_launch_local_memory<Kokkos::Impl::ParallelFor<K...
b200,sm_100,other,,10,1024,0,no,1.0,1.0,1.0,void Kokkos::Impl::cuda_parallel_launch_local_memory<Kokkos::Impl::ParallelFor<K...
b200,sm_100,other,,10,1024,0,no,1.0,1.0,1.0,void Kokkos::Impl::cuda_parallel_launch_local_memory<Kokkos::Impl::ParallelFor<K...
b200,sm_100,other,,10,1024,0,no,1.0,1.0,1.0,void Kokkos::Impl::cuda_parallel_launch_local_memory<Kokkos::Impl::ParallelFor<K...
b200,sm_100,other,,10,1024,0,no,1.0,1.0,1.0,void Kokkos::Impl::cuda_parallel_launch_local_memory<Kokkos::Impl::ParallelFor<K...
b200,sm_100,other,,10,1024,0,no,1.0,1.0,1.0,void Kokkos::Impl::cuda_parallel_launch_local_memory<Kokkos::Impl::ParallelFor<K...
b200,sm_100,other,,10,1024,0,no,1.0,1.0,1.0,void Kokkos::Impl::cuda_parallel_launch_local_memory<Kokkos::Impl::ParallelFor<K...
b200,sm_100,other,,10,1024,0,no,1.0,1.0,1.0,void Kokkos::Impl::cuda_parallel_launch_local_memory<Kokkos::Impl::ParallelFor<K...
b200,sm_100,other,,10,1024,0,no,1.0,1.0,1.0,void Kokkos::Impl::cuda_parallel_launch_local_memory<Kokkos::Impl::ParallelFor<K...
b200,sm_100,other,,10,0,0,no,1.0,1.0,1.0,void Kokkos::Impl::cuda_parallel_launch_local_memory<Kokkos::Impl::ParallelFor<K...
b200,sm_100,other,,10,0,0,no,1.0,1.0,1.0,void Kokkos::Impl::cuda_parallel_launch_local_memory<Kokkos::Impl::ParallelFor<K...
b200,sm_100,other,,10,0,0,no,1.0,1.0,1.0,void Kokkos::Impl::cuda_parallel_launch_local_memory<Kokkos::Impl::ParallelFor<K...
b200,sm_100,other,,10,0,0,no,1.0,1.0,1.0,void Kokkos::Impl::cuda_parallel_launch_local_memory<Kokkos::Impl::ParallelFor<K...
b200,sm_100,other,,10,0,0,no,1.0,1.0,1.0,void Kokkos::Impl::cuda_parallel_launch_local_memory<Kokkos::Impl::ParallelFor<K...
b200,sm_100,other,,10,0,0,no,1.0,1.0,1.0,void Kokkos::Impl::cuda_parallel_launch_local_memory<Kokkos::Impl::ParallelFor<K...
b200,sm_100,other,,10,0,0,no,1.0,1.0,1.0,void Kokkos::Impl::cuda_parallel_launch_local_memory<Kokkos::Impl::ParallelFor<K...
b200,sm_100,other,,10,0,0,no,1.0,1.0,1.0,void Kokkos::Impl::cuda_parallel_launch_local_memory<Kokkos::Impl::ParallelFor<K...
b200,sm_100,other,,10,0,0,no,1.0,1.0,1.0,void Kokkos::Impl::cuda_parallel_launch_local_memory<Kokkos::Impl::ParallelFor<K...
b200,sm_100,other,,10,0,0,no,1.0,1.0,1.0,void Kokkos::Impl::cuda_parallel_launch_local_memory<Kokkos::Impl::ParallelFor<K...
b200,sm_100,other,,10,1024,0,no,1.0,1.0,1.0,void Kokkos::Impl::cuda_parallel_launch_local_memory<Kokkos::Impl::ParallelFor<K...
b200,sm_100,other,,10,1024,0,no,1.0,1.0,1.0,void Kokkos::Impl::cuda_parallel_launch_local_memory<Kokkos::Impl::ParallelFor<K...
b200,sm_100,other,,10,0,0,no,1.0,1.0,1.0,void Kokkos::Impl::cuda_parallel_launch_local_memory<Kokkos::Impl::ParallelFor<K...
b200,sm_100,other,,10,0,0,no,1.0,1.0,1.0,void Kokkos::Impl::cuda_parallel_launch_local_memory<Kokkos::Impl::ParallelFor<K...
b200,sm_100,other,,10,0,0,no,1.0,1.0,1.0,void Kokkos::Impl::cuda_parallel_launch_local_memory<Kokkos::Impl::ParallelFor<K...
b200,sm_100,other,,10,0,0,no,1.0,1.0,1.0,void Kokkos::Impl::cuda_parallel_launch_local_memory<Kokkos::Impl::ParallelFor<K...
b200,sm_100,other,,10,0,0,no,1.0,1.0,1.0,void Kokkos::Impl::cuda_parallel_launch_local_memory<Kokkos::Impl::ParallelFor<K...
b200,sm_100,other,,10,0,0,no,1.0,1.0,1.0,void Kokkos::Impl::cuda_parallel_launch_local_memory<Kokkos::Impl::ParallelFor<K...
b200,sm_100,other,,10,0,0,no,1.0,1.0,1.0,void Kokkos::Impl::cuda_parallel_launch_local_memory<Kokkos::Impl::ParallelFor<K...
b200,sm_100,other,,10,0,0,no,1.0,1.0,1.0,void Kokkos::Impl::cuda_parallel_launch_local_memory<Kokkos::Impl::ParallelFor<K...
b200,sm_100,other,,10,0,0,no,1.0,1.0,1.0,void Kokkos::Impl::cuda_parallel_launch_local_memory<Kokkos::Impl::ParallelFor<K...
b200,sm_100,other,,10,0,0,no,1.0,1.0,1.0,void Kokkos::Impl::cuda_parallel_launch_local_memory<Kokkos::Impl::ParallelFor<K...
b200,sm_100,other,,10,0,0,no,1.0,1.0,1.0,void Kokkos::Impl::cuda_parallel_launch_local_memory<Kokkos::Impl::ParallelFor<K...
b200,sm_100,other,,10,0,0,no,1.0,1.0,1.0,void Kokkos::Impl::cuda_parallel_launch_local_memory<Kokkos::Impl::ParallelFor<K...
b200,sm_100,other,,10,0,0,no,1.0,1.0,1.0,void Kokkos::Impl::cuda_parallel_launch_local_memory<Kokkos::Impl::ParallelFor<K...
b200,sm_100,other,,10,0,0,no,1.0,1.0,1.0,void Kokkos::Impl::cuda_parallel_launch_local_memory<Kokkos::Impl::ParallelFor<K...
b200,sm_100,other,,10,0,0,no,1.0,1.0,1.0,void Kokkos::Impl::cuda_parallel_launch_local_memory<Kokkos::Impl::ParallelFor<K...
b200,sm_100,other,,10,0,0,no,1.0,1.0,1.0,void Kokkos::Impl::cuda_parallel_launch_local_memory<Kokkos::Impl::ParallelFor<K...
b200,sm_100,other,,10,0,0,no,1.0,1.0,1.0,void Kokkos::Impl::cuda_parallel_launch_local_memory<Kokkos::Impl::ParallelFor<K...
b200,sm_100,other,,10,0,0,no,1.0,1.0,1.0,void Kokkos::Impl::cuda_parallel_launch_local_memory<Kokkos::Impl::ParallelFor<K...
b200,sm_100,other,,10,0,0,no,1.0,1.0,1.0,desul::(anonymous namespace)::init_lock_arrays_cuda_kernel()
b200,sm_100,other,,9,0,0,no,1.0,1.0,1.0,void Kokkos::Impl::cuda_parallel_launch_local_memory<Kokkos::Impl::ParallelFor<p...
b200,sm_100,other,,8,0,0,no,1.0,1.0,1.0,void Kokkos::Impl::cuda_parallel_launch_local_memory<Kokkos::Impl::ParallelFor<K...
b200,sm_100,other,,8,0,0,no,1.0,1.0,1.0,void Kokkos::Impl::cuda_parallel_launch_local_memory<Kokkos::Impl::ParallelFor<K...
b200,sm_100,other,,8,1024,0,no,1.0,1.0,1.0,void Kokkos::Impl::cuda_parallel_launch_local_memory<Kokkos::Impl::ParallelFor<K...
b200,sm_100,other,,8,1024,0,no,1.0,1.0,1.0,void Kokkos::Impl::cuda_parallel_launch_local_memory<Kokkos::Impl::ParallelFor<K...
b200,sm_100,other,,8,0,0,no,1.0,1.0,1.0,void Kokkos::Impl::cuda_parallel_launch_local_memory<Kokkos::Impl::ParallelFor<K...
b200,sm_100,other,,8,0,0,no,1.0,1.0,1.0,void Kokkos::Impl::cuda_parallel_launch_local_memory<Kokkos::Impl::ParallelFor<K...
b200,sm_100,other,,8,0,0,no,1.0,1.0,1.0,void Kokkos::Impl::cuda_parallel_launch_local_memory<Kokkos::Impl::ParallelFor<K...
b200,sm_100,other,,8,0,0,no,1.0,1.0,1.0,void Kokkos::Impl::cuda_parallel_launch_local_memory<Kokkos::Impl::ParallelFor<K...
b200,sm_100,other,,8,0,0,no,1.0,1.0,1.0,void Kokkos::Impl::cuda_parallel_launch_local_memory<Kokkos::Impl::ParallelFor<K...
b200,sm_100,other,,8,0,0,no,1.0,1.0,1.0,void Kokkos::Impl::cuda_parallel_launch_local_memory<Kokkos::Impl::ParallelFor<K...
b200,sm_100,other,,8,0,0,no,1.0,1.0,1.0,void Kokkos::Impl::cuda_parallel_launch_local_memory<Kokkos::Impl::ParallelFor<K...
b200,sm_100,other,,8,0,0,no,1.0,1.0,1.0,Kokkos::Impl::(anonymous namespace)::query_cuda_kernel_arch(int*)
b200,sm_100,other,,4,0,0,no,1.0,1.0,1.0,void Kokkos::Impl::cuda_parallel_launch_local_memory<Kokkos::Impl::ParallelFor<K...
b200,sm_100,other,,4,0,0,no,1.0,1.0,1.0,void Kokkos::Impl::cuda_parallel_launch_local_memory<Kokkos::Impl::ParallelFor<K...
b200,sm_100,other,,4,0,0,no,1.0,1.0,1.0,void Kokkos::Impl::cuda_parallel_launch_local_memory<Kokkos::Impl::ParallelFor<K...
b200,sm_100,other,,4,0,0,no,1.0,1.0,1.0,void Kokkos::Impl::cuda_parallel_launch_local_memory<Kokkos::Impl::ParallelFor<K...
b200,sm_100,other,,4,0,0,no,1.0,1.0,1.0,void Kokkos::Impl::cuda_parallel_launch_local_memory<Kokkos::Impl::ParallelFor<K...
b200,sm_100,other,,4,0,0,no,1.0,1.0,1.0,void Kokkos::Impl::cuda_parallel_launch_local_memory<Kokkos::Impl::ParallelFor<K...
b200,sm_100,other,,4,0,0,no,1.0,1.0,1.0,void Kokkos::Impl::cuda_parallel_launch_local_memory<Kokkos::Impl::ParallelFor<K...
b200,sm_100,other,,4,0,0,no,1.0,1.0,1.0,void Kokkos::Impl::cuda_parallel_launch_local_memory<Kokkos::Impl::ParallelFor<K...
b200,sm_100,other,,4,0,0,no,1.0,1.0,1.0,void Kokkos::Impl::cuda_parallel_launch_local_memory<Kokkos::Impl::ParallelFor<K...
b200,sm_100,other,,4,0,0,no,1.0,1.0,1.0,void Kokkos::Impl::cuda_parallel_launch_local_memory<Kokkos::Impl::ParallelFor<K...
b200,sm_100,other,,4,0,0,no,1.0,1.0,1.0,void Kokkos::Impl::cuda_parallel_launch_local_memory<Kokkos::Impl::ParallelFor<K...
b200,sm_100,other,,4,0,0,no,1.0,1.0,1.0,void Kokkos::Impl::cuda_parallel_launch_local_memory<Kokkos::Impl::ParallelFor<K...
b200,sm_100,other,,4,0,0,no,1.0,1.0,1.0,void Kokkos::Impl::cuda_parallel_launch_local_memory<Kokkos::Impl::ParallelFor<K...
b200,sm_100,other,,4,0,0,no,1.0,1.0,1.0,void Kokkos::Impl::cuda_parallel_launch_local_memory<Kokkos::Impl::ParallelFor<K...
b200,sm_100,other,,4,0,0,no,1.0,1.0,1.0,void Kokkos::Impl::cuda_parallel_launch_local_memory<Kokkos::Impl::ParallelFor<K...
b200,sm_100,other,,4,0,0,no,1.0,1.0,1.0,void Kokkos::Impl::cuda_parallel_launch_local_memory<Kokkos::Impl::ParallelFor<K...
b200,sm_100,other,,4,0,0,no,1.0,1.0,1.0,void cub::CUB_300102_SM_1000::detail::EmptyKernel<void>()
b200,sm_100,other,,4,0,0,no,1.0,1.0,1.0,void Kokkos::Impl::cuda_parallel_launch_local_memory<Kokkos::Impl::ParallelFor<K...
b200,sm_100,other,,4,0,0,no,1.0,1.0,1.0,void Kokkos::Impl::cuda_parallel_launch_local_memory<Kokkos::Impl::ParallelFor<K...
b200,sm_100,other,,4,0,0,no,1.0,1.0,1.0,void Kokkos::Impl::cuda_parallel_launch_local_memory<Kokkos::Impl::ParallelFor<K...
b200,sm_100,other,,4,0,0,no,1.0,1.0,1.0,void Kokkos::Impl::cuda_parallel_launch_local_memory<Kokkos::Impl::ParallelFor<K...
b200,sm_100,other,,4,0,0,no,1.0,1.0,1.0,void Kokkos::Impl::cuda_parallel_launch_local_memory<Kokkos::Impl::ParallelFor<K...
b200,sm_100,other,,4,0,0,no,1.0,1.0,1.0,void Kokkos::Impl::cuda_parallel_launch_local_memory<Kokkos::Impl::ParallelFor<K...
b200,sm_100,other,,4,0,0,no,1.0,1.0,1.0,void Kokkos::Impl::cuda_parallel_launch_local_memory<Kokkos::Impl::ParallelFor<K...
b200,sm_100,other,,4,0,0,no,1.0,1.0,1.0,void Kokkos::Impl::cuda_parallel_launch_local_memory<Kokkos::Impl::ParallelFor<K...
b200,sm_100,other,,4,0,0,no,1.0,1.0,1.0,void Kokkos::Impl::cuda_parallel_launch_local_memory<Kokkos::Impl::ParallelFor<K...
b200,sm_100,other,,4,0,0,no,1.0,1.0,1.0,void Kokkos::Impl::cuda_parallel_launch_local_memory<Kokkos::Impl::ParallelFor<K...
b200,sm_100,other,,4,0,0,no,1.0,1.0,1.0,void Kokkos::Impl::cuda_parallel_launch_local_memory<Kokkos::Impl::ParallelFor<K...
b200,sm_100,other,,4,0,0,no,1.0,1.0,1.0,void Kokkos::Impl::cuda_parallel_launch_local_memory<Kokkos::Impl::ParallelFor<K...
b200,sm_100,other,,4,0,0,no,1.0,1.0,1.0,void Kokkos::Impl::cuda_parallel_launch_local_memory<Kokkos::Impl::ParallelFor<K...
b200,sm_100,other,,4,0,0,no,1.0,1.0,1.0,void Kokkos::Impl::cuda_parallel_launch_local_memory<Kokkos::Impl::ParallelFor<K...
b200,sm_100,other,,4,0,0,no,1.0,1.0,1.0,void Kokkos::Impl::cuda_parallel_launch_local_memory<Kokkos::Impl::ParallelFor<K...
b200,sm_100,other,,4,0,0,no,1.0,1.0,1.0,void Kokkos::Impl::cuda_parallel_launch_local_memory<Kokkos::Impl::ParallelFor<K...
b200,sm_100,other,,4,0,0,no,1.0,1.0,1.0,void Kokkos::Impl::cuda_parallel_launch_local_memory<Kokkos::Impl::ParallelFor<K...
b200,sm_100,other,,4,0,0,no,1.0,1.0,1.0,void Kokkos::Impl::cuda_parallel_launch_local_memory<Kokkos::Impl::ParallelFor<K...
b200,sm_100,other,,4,0,0,no,1.0,1.0,1.0,void Kokkos::Impl::cuda_parallel_launch_local_memory<Kokkos::Impl::ParallelFor<K...
b200,sm_100,other,,4,0,0,no,1.0,1.0,1.0,void Kokkos::Impl::cuda_parallel_launch_local_memory<Kokkos::Impl::ParallelFor<K...
b200,sm_100,other,,4,0,0,no,1.0,1.0,1.0,void Kokkos::Impl::cuda_parallel_launch_local_memory<Kokkos::Impl::ParallelFor<K...
b200,sm_100,other,,4,0,0,no,1.0,1.0,1.0,void Kokkos::Impl::cuda_parallel_launch_local_memory<Kokkos::Impl::ParallelFor<K...
b200,sm_100,other,,4,0,0,no,1.0,1.0,1.0,void Kokkos::Impl::cuda_parallel_launch_local_memory<Kokkos::Impl::ParallelFor<K...
b200,sm_100,other,,4,0,0,no,1.0,1.0,1.0,void Kokkos::Impl::cuda_parallel_launch_local_memory<Kokkos::Impl::ParallelFor<K...
b200,sm_100,other,,4,0,0,no,1.0,1.0,1.0,void Kokkos::Impl::cuda_parallel_launch_local_memory<Kokkos::Impl::ParallelFor<K...
b200,sm_100,other,,4,0,0,no,1.0,1.0,1.0,void Kokkos::Impl::cuda_parallel_launch_local_memory<Kokkos::Impl::ParallelFor<K...
b200,sm_100,other,,4,0,0,no,1.0,1.0,1.0,void Kokkos::Impl::cuda_parallel_launch_local_memory<Kokkos::Impl::ParallelFor<K...
b200,sm_100,other,,4,0,0,no,1.0,1.0,1.0,void Kokkos::Impl::cuda_parallel_launch_local_memory<Kokkos::Impl::ParallelFor<K...
b200,sm_100,other,,4,0,0,no,1.0,1.0,1.0,void Kokkos::Impl::cuda_parallel_launch_local_memory<Kokkos::Impl::ParallelFor<K...
b200,sm_100,other,,4,0,0,no,1.0,1.0,1.0,void Kokkos::Impl::cuda_parallel_launch_local_memory<Kokkos::Impl::ParallelFor<K...
b200,sm_100,other,,4,0,0,no,1.0,1.0,1.0,void Kokkos::Impl::cuda_parallel_launch_local_memory<Kokkos::Impl::ParallelFor<K...
b200,sm_100,other,,4,0,0,no,1.0,1.0,1.0,void Kokkos::Impl::cuda_parallel_launch_local_memory<Kokkos::Impl::ParallelFor<K...
b200,sm_100,other,,4,0,0,no,1.0,1.0,1.0,void Kokkos::Impl::cuda_parallel_launch_local_memory<Kokkos::Impl::ParallelFor<K...
b200,sm_100,other,,4,1024,0,no,1.0,1.0,1.0,void Kokkos::Impl::cuda_parallel_launch_local_memory<Kokkos::Impl::ParallelFor<K...
b200,sm_100,other,,4,1024,0,no,1.0,1.0,1.0,void Kokkos::Impl::cuda_parallel_launch_local_memory<Kokkos::Impl::ParallelFor<K...
b200,sm_100,other,,4,1024,0,no,1.0,1.0,1.0,void Kokkos::Impl::cuda_parallel_launch_local_memory<Kokkos::Impl::ParallelFor<K...
b200,sm_100,other,,4,1024,0,no,1.0,1.0,1.0,void Kokkos::Impl::cuda_parallel_launch_local_memory<Kokkos::Impl::ParallelFor<K...
b200,sm_100,other,,4,1024,0,no,1.0,1.0,1.0,void Kokkos::Impl::cuda_parallel_launch_local_memory<Kokkos::Impl::ParallelFor<K...
b200,sm_100,other,,4,1024,0,no,1.0,1.0,1.0,void Kokkos::Impl::cuda_parallel_launch_local_memory<Kokkos::Impl::ParallelFor<K...
b200,sm_100,other,,4,0,0,no,1.0,1.0,1.0,void Kokkos::Impl::cuda_parallel_launch_local_memory<Kokkos::Impl::ParallelFor<K...
b200,sm_100,other,,4,0,0,no,1.0,1.0,1.0,void Kokkos::Impl::cuda_parallel_launch_local_memory<Kokkos::Impl::ParallelFor<K...
b200,sm_100,other,,4,1024,0,no,1.0,1.0,1.0,void Kokkos::Impl::cuda_parallel_launch_local_memory<Kokkos::Impl::ParallelFor<K...
b200,sm_100,other,,4,1024,0,no,1.0,1.0,1.0,void Kokkos::Impl::cuda_parallel_launch_local_memory<Kokkos::Impl::ParallelFor<K...
b200,sm_100,other,,4,1024,0,no,1.0,1.0,1.0,void Kokkos::Impl::cuda_parallel_launch_local_memory<Kokkos::Impl::ParallelFor<K...
b200,sm_100,other,,4,1024,0,no,1.0,1.0,1.0,void Kokkos::Impl::cuda_parallel_launch_local_memory<Kokkos::Impl::ParallelFor<K...
b200,sm_100,other,,4,1024,0,no,1.0,1.0,1.0,void Kokkos::Impl::cuda_parallel_launch_local_memory<Kokkos::Impl::ParallelFor<K...
b200,sm_100,other,,4,1024,0,no,1.0,1.0,1.0,void Kokkos::Impl::cuda_parallel_launch_local_memory<Kokkos::Impl::ParallelFor<K...
b200,sm_100,other,,4,0,0,no,1.0,1.0,1.0,void Kokkos::Impl::cuda_parallel_launch_local_memory<Kokkos::Impl::ParallelFor<K...
b200,sm_100,other,,4,0,0,no,1.0,1.0,1.0,void Kokkos::Impl::cuda_parallel_launch_local_memory<Kokkos::Impl::ParallelFor<K...
b200,sm_100,other,,4,1024,0,no,1.0,1.0,1.0,void Kokkos::Impl::cuda_parallel_launch_local_memory<Kokkos::Impl::ParallelFor<K...
b200,sm_100,other,,4,1024,0,no,1.0,1.0,1.0,void Kokkos::Impl::cuda_parallel_launch_local_memory<Kokkos::Impl::ParallelFor<K...
b200,sm_100,other,,4,1024,0,no,1.0,1.0,1.0,void Kokkos::Impl::cuda_parallel_launch_local_memory<Kokkos::Impl::ParallelFor<K...
b200,sm_100,other,,4,1024,0,no,1.0,1.0,1.0,void Kokkos::Impl::cuda_parallel_launch_local_memory<Kokkos::Impl::ParallelFor<K...
b200,sm_100,other,,4,1024,0,no,1.0,1.0,1.0,void Kokkos::Impl::cuda_parallel_launch_local_memory<Kokkos::Impl::ParallelFor<K...
b200,sm_100,other,,4,1024,0,no,1.0,1.0,1.0,void Kokkos::Impl::cuda_parallel_launch_local_memory<Kokkos::Impl::ParallelFor<K...
b200,sm_100,other,,4,1024,0,no,1.0,1.0,1.0,void Kokkos::Impl::cuda_parallel_launch_local_memory<Kokkos::Impl::ParallelFor<K...
b200,sm_100,other,,4,1024,0,no,1.0,1.0,1.0,void Kokkos::Impl::cuda_parallel_launch_local_memory<Kokkos::Impl::ParallelFor<K...
b200,sm_100,other,,4,1024,0,no,1.0,1.0,1.0,void Kokkos::Impl::cuda_parallel_launch_local_memory<Kokkos::Impl::ParallelFor<K...
b200,sm_100,other,,4,1024,0,no,1.0,1.0,1.0,void Kokkos::Impl::cuda_parallel_launch_local_memory<Kokkos::Impl::ParallelFor<K...
b200,sm_100,other,,4,1024,0,no,1.0,1.0,1.0,void Kokkos::Impl::cuda_parallel_launch_local_memory<Kokkos::Impl::ParallelFor<K...
b200,sm_100,other,,4,1024,0,no,1.0,1.0,1.0,void Kokkos::Impl::cuda_parallel_launch_local_memory<Kokkos::Impl::ParallelFor<K...
b200,sm_100,other,,4,1024,0,no,1.0,1.0,1.0,void Kokkos::Impl::cuda_parallel_launch_local_memory<Kokkos::Impl::ParallelFor<K...
b200,sm_100,other,,4,1024,0,no,1.0,1.0,1.0,void Kokkos::Impl::cuda_parallel_launch_local_memory<Kokkos::Impl::ParallelFor<K...
b200,sm_100,other,,4,1024,0,no,1.0,1.0,1.0,void Kokkos::Impl::cuda_parallel_launch_local_memory<Kokkos::Impl::ParallelFor<K...
b200,sm_100,other,,4,1024,0,no,1.0,1.0,1.0,void Kokkos::Impl::cuda_parallel_launch_local_memory<Kokkos::Impl::ParallelFor<K...
b200,sm_100,other,,4,0,0,no,1.0,1.0,1.0,void Kokkos::Impl::cuda_parallel_launch_local_memory<Kokkos::Impl::ParallelFor<K...
b200,sm_100,other,,4,0,0,no,1.0,1.0,1.0,void Kokkos::Impl::cuda_parallel_launch_local_memory<Kokkos::Impl::ParallelFor<K...
b200,sm_100,other,,4,0,0,no,1.0,1.0,1.0,void Kokkos::Impl::cuda_parallel_launch_local_memory<Kokkos::Impl::ParallelFor<K...
b200,sm_100,other,,4,0,0,no,1.0,1.0,1.0,void Kokkos::Impl::cuda_parallel_launch_local_memory<Kokkos::Impl::ParallelFor<K...
b200,sm_100,other,,4,0,0,no,1.0,1.0,1.0,void Kokkos::Impl::cuda_parallel_launch_local_memory<Kokkos::Impl::ParallelFor<K...
b200,sm_100,other,,4,0,0,no,1.0,1.0,1.0,void Kokkos::Impl::cuda_parallel_launch_local_memory<Kokkos::Impl::ParallelFor<K...
b200,sm_100,other,,4,0,0,no,1.0,1.0,1.0,void Kokkos::Impl::cuda_parallel_launch_local_memory<Kokkos::Impl::ParallelFor<K...
b200,sm_100,other,,4,0,0,no,1.0,1.0,1.0,void Kokkos::Impl::cuda_parallel_launch_local_memory<Kokkos::Impl::ParallelFor<K...
b200,sm_100,other,,4,0,0,no,1.0,1.0,1.0,void Kokkos::Impl::cuda_parallel_launch_local_memory<Kokkos::Impl::ParallelFor<K...
b200,sm_100,other,,4,0,0,no,1.0,1.0,1.0,void Kokkos::Impl::cuda_parallel_launch_local_memory<Kokkos::Impl::ParallelFor<K...
b200,sm_100,other,,4,0,0,no,1.0,1.0,1.0,void Kokkos::Impl::cuda_parallel_launch_local_memory<Kokkos::Impl::ParallelFor<K...
b200,sm_100,other,,4,0,0,no,1.0,1.0,1.0,void Kokkos::Impl::cuda_parallel_launch_local_memory<Kokkos::Impl::ParallelFor<K...
b200,sm_100,other,,4,0,0,no,1.0,1.0,1.0,void Kokkos::Impl::cuda_parallel_launch_local_memory<Kokkos::Impl::ParallelFor<K...
b200,sm_100,other,,4,0,0,no,1.0,1.0,1.0,void Kokkos::Impl::cuda_parallel_launch_local_memory<Kokkos::Impl::ParallelFor<K...
b200,sm_100,other,,4,0,0,no,1.0,1.0,1.0,void Kokkos::Impl::cuda_parallel_launch_local_memory<Kokkos::Impl::ParallelFor<K...
b200,sm_100,other,,4,0,0,no,1.0,1.0,1.0,void Kokkos::Impl::cuda_parallel_launch_local_memory<Kokkos::Impl::ParallelFor<K...
b200,sm_100,other,,4,0,0,no,1.0,1.0,1.0,void Kokkos::Impl::cuda_parallel_launch_local_memory<Kokkos::Impl::ParallelFor<K...
b200,sm_100,other,,4,0,0,no,1.0,1.0,1.0,void Kokkos::Impl::cuda_parallel_launch_local_memory<Kokkos::Impl::ParallelFor<K...
b200,sm_100,other,,4,0,0,no,1.0,1.0,1.0,void Kokkos::Impl::cuda_parallel_launch_local_memory<Kokkos::Impl::ParallelFor<K...
b200,sm_100,other,,4,0,0,no,1.0,1.0,1.0,void Kokkos::Impl::cuda_parallel_launch_local_memory<Kokkos::Impl::ParallelFor<K...
b200,sm_100,other,,4,1024,0,no,1.0,1.0,1.0,void Kokkos::Impl::cuda_parallel_launch_local_memory<Kokkos::Impl::ParallelFor<K...
b200,sm_100,other,,4,1024,0,no,1.0,1.0,1.0,void Kokkos::Impl::cuda_parallel_launch_local_memory<Kokkos::Impl::ParallelFor<K...
b200,sm_100,other,,4,0,0,no,1.0,1.0,1.0,void Kokkos::Impl::cuda_parallel_launch_local_memory<Kokkos::Impl::ParallelFor<K...
b200,sm_100,other,,4,0,0,no,1.0,1.0,1.0,void Kokkos::Impl::cuda_parallel_launch_local_memory<Kokkos::Impl::ParallelFor<K...
b200,sm_100,other,,4,1024,0,no,1.0,1.0,1.0,void Kokkos::Impl::cuda_parallel_launch_local_memory<Kokkos::Impl::ParallelFor<K...
b200,sm_100,other,,4,1024,0,no,1.0,1.0,1.0,void Kokkos::Impl::cuda_parallel_launch_local_memory<Kokkos::Impl::ParallelFor<K...
b200,sm_100,other,,4,0,0,no,1.0,1.0,1.0,void Kokkos::Impl::cuda_parallel_launch_local_memory<Kokkos::Impl::ParallelFor<K...
b200,sm_100,other,,4,0,0,no,1.0,1.0,1.0,void Kokkos::Impl::cuda_parallel_launch_local_memory<Kokkos::Impl::ParallelFor<K...
b200,sm_100,other,,4,1024,0,no,1.0,1.0,1.0,void Kokkos::Impl::cuda_parallel_launch_local_memory<Kokkos::Impl::ParallelFor<K...
b200,sm_100,other,,4,1024,0,no,1.0,1.0,1.0,void Kokkos::Impl::cuda_parallel_launch_local_memory<Kokkos::Impl::ParallelFor<K...
b200,sm_100,other,,4,0,0,no,1.0,1.0,1.0,void Kokkos::Impl::cuda_parallel_launch_local_memory<Kokkos::Impl::ParallelFor<K...
b200,sm_100,other,,4,0,0,no,1.0,1.0,1.0,void Kokkos::Impl::cuda_parallel_launch_local_memory<Kokkos::Impl::ParallelFor<K...
b200,sm_100,other,,4,0,0,no,1.0,1.0,1.0,void Kokkos::Impl::cuda_parallel_launch_local_memory<Kokkos::Impl::ParallelFor<K...
b200,sm_100,other,,4,0,0,no,1.0,1.0,1.0,void Kokkos::Impl::cuda_parallel_launch_local_memory<Kokkos::Impl::ParallelFor<K...
b200,sm_100,other,,4,0,0,no,1.0,1.0,1.0,void Kokkos::Impl::cuda_parallel_launch_local_memory<Kokkos::Impl::ParallelFor<K...
b200,sm_100,other,,4,0,0,no,1.0,1.0,1.0,void Kokkos::Impl::cuda_parallel_launch_local_memory<Kokkos::Impl::ParallelFor<K...
b200,sm_100,other,,4,0,0,no,1.0,1.0,1.0,void Kokkos::Impl::cuda_parallel_launch_local_memory<Kokkos::Impl::ParallelFor<K...
b200,sm_100,other,,4,0,0,no,1.0,1.0,1.0,void Kokkos::Impl::cuda_parallel_launch_local_memory<Kokkos::Impl::ParallelFor<K...
b200,sm_100,other,,4,0,0,no,1.0,1.0,1.0,void Kokkos::Impl::cuda_parallel_launch_local_memory<Kokkos::Impl::ParallelFor<K...
b200,sm_100,other,,4,0,0,no,1.0,1.0,1.0,void Kokkos::Impl::cuda_parallel_launch_local_memory<Kokkos::Impl::ParallelFor<K...
b200,sm_100,other,,4,0,0,no,1.0,1.0,1.0,void Kokkos::Impl::cuda_parallel_launch_local_memory<Kokkos::Impl::ParallelFor<K...
b200,sm_100,other,,4,0,0,no,1.0,1.0,1.0,void Kokkos::Impl::cuda_parallel_launch_local_memory<Kokkos::Impl::ParallelFor<K...
b200,sm_100,other,,4,0,0,no,1.0,1.0,1.0,void Kokkos::Impl::cuda_parallel_launch_local_memory<Kokkos::Impl::ParallelFor<K...
b200,sm_100,other,,4,0,0,no,1.0,1.0,1.0,void Kokkos::Impl::cuda_parallel_launch_local_memory<Kokkos::Impl::ParallelFor<K...
b200,sm_100,other,,4,0,0,no,1.0,1.0,1.0,void Kokkos::Impl::cuda_parallel_launch_local_memory<Kokkos::Impl::ParallelFor<K...
b200,sm_100,other,,4,0,0,no,1.0,1.0,1.0,void Kokkos::Impl::cuda_parallel_launch_local_memory<Kokkos::Impl::ParallelFor<K...
b200,sm_100,other,,4,0,0,no,1.0,1.0,1.0,void Kokkos::Impl::cuda_parallel_launch_local_memory<Kokkos::Impl::ParallelFor<K...
b200,sm_100,other,,4,0,0,no,1.0,1.0,1.0,void Kokkos::Impl::cuda_parallel_launch_local_memory<Kokkos::Impl::ParallelFor<K...
b200,sm_100,other,,4,0,0,no,1.0,1.0,1.0,void Kokkos::Impl::cuda_parallel_launch_local_memory<Kokkos::Impl::ParallelFor<K...
b200,sm_100,other,,4,0,0,no,1.0,1.0,1.0,void Kokkos::Impl::cuda_parallel_launch_local_memory<Kokkos::Impl::ParallelFor<K...
b200,sm_100,other,,4,0,0,no,1.0,1.0,1.0,void Kokkos::Impl::cuda_parallel_launch_local_memory<Kokkos::Impl::ParallelFor<K...
b200,sm_100,other,,4,0,0,no,1.0,1.0,1.0,void Kokkos::Impl::cuda_parallel_launch_local_memory<Kokkos::Impl::ParallelFor<K...
b200,sm_100,other,,4,0,0,no,1.0,1.0,1.0,void Kokkos::Impl::cuda_parallel_launch_local_memory<Kokkos::Impl::ParallelFor<K...
b200,sm_100,other,,4,0,0,no,1.0,1.0,1.0,void Kokkos::Impl::cuda_parallel_launch_local_memory<Kokkos::Impl::ParallelFor<K...
b200,sm_100,other,,4,0,0,no,1.0,1.0,1.0,void Kokkos::Impl::cuda_parallel_launch_local_memory<Kokkos::Impl::ParallelFor<K...
b200,sm_100,other,,4,0,0,no,1.0,1.0,1.0,void Kokkos::Impl::cuda_parallel_launch_local_memory<Kokkos::Impl::ParallelFor<K...
b200,sm_100,other,,4,0,0,no,1.0,1.0,1.0,void Kokkos::Impl::cuda_parallel_launch_local_memory<Kokkos::Impl::ParallelFor<K...
b200,sm_100,other,,4,0,0,no,1.0,1.0,1.0,void Kokkos::Impl::cuda_parallel_launch_local_memory<Kokkos::Impl::ParallelFor<K...
b200,sm_100,other,,4,0,0,no,1.0,1.0,1.0,void Kokkos::Impl::cuda_parallel_launch_local_memory<Kokkos::Impl::ParallelFor<K...
b200,sm_100,other,,4,0,0,no,1.0,1.0,1.0,void Kokkos::Impl::cuda_parallel_launch_local_memory<Kokkos::Impl::ParallelFor<K...
b200,sm_100,other,,4,0,0,no,1.0,1.0,1.0,void Kokkos::Impl::cuda_parallel_launch_local_memory<Kokkos::Impl::ParallelFor<K...
b200,sm_100,other,,4,0,0,no,1.0,1.0,1.0,void Kokkos::Impl::cuda_parallel_launch_local_memory<Kokkos::Impl::ParallelFor<K...
b200,sm_100,other,,4,0,0,no,1.0,1.0,1.0,void Kokkos::Impl::cuda_parallel_launch_local_memory<Kokkos::Impl::ParallelFor<K...
b200,sm_100,other,,4,0,0,no,1.0,1.0,1.0,void Kokkos::Impl::cuda_parallel_launch_local_memory<Kokkos::Impl::ParallelFor<K...
b200,sm_100,other,,4,1024,0,no,1.0,1.0,1.0,void Kokkos::Impl::cuda_parallel_launch_local_memory<Kokkos::Impl::ParallelFor<K...
b200,sm_100,other,,4,1024,0,no,1.0,1.0,1.0,void Kokkos::Impl::cuda_parallel_launch_local_memory<Kokkos::Impl::ParallelFor<K...
b200,sm_100,other,,4,0,0,no,1.0,1.0,1.0,void Kokkos::Impl::cuda_parallel_launch_local_memory<Kokkos::Impl::ParallelFor<K...
b200,sm_100,other,,4,0,0,no,1.0,1.0,1.0,void Kokkos::Impl::cuda_parallel_launch_local_memory<Kokkos::Impl::ParallelFor<K...
b200,sm_100,other,,4,1024,0,no,1.0,1.0,1.0,void Kokkos::Impl::cuda_parallel_launch_local_memory<Kokkos::Impl::ParallelFor<K...
b200,sm_100,other,,4,1024,0,no,1.0,1.0,1.0,void Kokkos::Impl::cuda_parallel_launch_local_memory<Kokkos::Impl::ParallelFor<K...
b200,sm_100,other,,4,0,0,no,1.0,1.0,1.0,void Kokkos::Impl::cuda_parallel_launch_local_memory<Kokkos::Impl::ParallelFor<K...
b200,sm_100,other,,4,0,0,no,1.0,1.0,1.0,void Kokkos::Impl::cuda_parallel_launch_local_memory<Kokkos::Impl::ParallelFor<K...
b200,sm_100,other,,4,1024,0,no,1.0,1.0,1.0,void Kokkos::Impl::cuda_parallel_launch_local_memory<Kokkos::Impl::ParallelFor<K...
b200,sm_100,other,,4,1024,0,no,1.0,1.0,1.0,void Kokkos::Impl::cuda_parallel_launch_local_memory<Kokkos::Impl::ParallelFor<K...
b200,sm_100,other,,4,0,0,no,1.0,1.0,1.0,void Kokkos::Impl::cuda_parallel_launch_local_memory<Kokkos::Impl::ParallelFor<K...
b200,sm_100,other,,4,0,0,no,1.0,1.0,1.0,void Kokkos::Impl::cuda_parallel_launch_local_memory<Kokkos::Impl::ParallelFor<K...
b200,sm_100,other,,4,0,0,no,1.0,1.0,1.0,void Kokkos::Impl::cuda_parallel_launch_local_memory<Kokkos::Impl::ParallelFor<K...
b200,sm_100,other,,4,0,0,no,1.0,1.0,1.0,void Kokkos::Impl::cuda_parallel_launch_local_memory<Kokkos::Impl::ParallelFor<K...
b200,sm_100,other,,4,0,0,no,1.0,1.0,1.0,void Kokkos::Impl::cuda_parallel_launch_local_memory<Kokkos::Impl::ParallelFor<K...
b200,sm_100,other,,4,0,0,no,1.0,1.0,1.0,void Kokkos::Impl::cuda_parallel_launch_local_memory<Kokkos::Impl::ParallelFor<K...
b200,sm_100,other,,4,0,0,no,1.0,1.0,1.0,void Kokkos::Impl::cuda_parallel_launch_local_memory<Kokkos::Impl::ParallelFor<K...
b200,sm_100,other,,4,0,0,no,1.0,1.0,1.0,void Kokkos::Impl::cuda_parallel_launch_local_memory<Kokkos::Impl::ParallelFor<K...
b200,sm_100,other,,4,0,0,no,1.0,1.0,1.0,void Kokkos::Impl::cuda_parallel_launch_local_memory<Kokkos::Impl::ParallelFor<K...
b200,sm_100,other,,4,0,0,no,1.0,1.0,1.0,void Kokkos::Impl::cuda_parallel_launch_local_memory<Kokkos::Impl::ParallelFor<K...
b200,sm_100,other,,4,0,0,no,1.0,1.0,1.0,void Kokkos::Impl::cuda_parallel_launch_local_memory<Kokkos::Impl::ParallelFor<K...
b200,sm_100,other,,4,0,0,no,1.0,1.0,1.0,void Kokkos::Impl::cuda_parallel_launch_local_memory<Kokkos::Impl::ParallelFor<K...
b200,sm_100,other,,4,0,0,no,1.0,1.0,1.0,void Kokkos::Impl::cuda_parallel_launch_local_memory<Kokkos::Impl::ParallelFor<K...
b200,sm_100,other,,4,0,0,no,1.0,1.0,1.0,void Kokkos::Impl::cuda_parallel_launch_local_memory<Kokkos::Impl::ParallelFor<K...
b200,sm_100,other,,4,0,0,no,1.0,1.0,1.0,void Kokkos::Impl::cuda_parallel_launch_local_memory<Kokkos::Impl::ParallelFor<K...
b200,sm_100,other,,4,1024,0,no,1.0,1.0,1.0,void Kokkos::Impl::cuda_parallel_launch_local_memory<Kokkos::Impl::ParallelFor<K...
b200,sm_100,other,,4,1024,0,no,1.0,1.0,1.0,void Kokkos::Impl::cuda_parallel_launch_local_memory<Kokkos::Impl::ParallelFor<K...
b200,sm_100,other,,4,0,0,no,1.0,1.0,1.0,void Kokkos::Impl::cuda_parallel_launch_local_memory<Kokkos::Impl::ParallelFor<K...
b200,sm_100,other,,4,0,0,no,1.0,1.0,1.0,void Kokkos::Impl::cuda_parallel_launch_local_memory<Kokkos::Impl::ParallelFor<K...
b200,sm_100,other,,4,0,0,no,1.0,1.0,1.0,void Kokkos::Impl::cuda_parallel_launch_local_memory<Kokkos::Impl::ParallelFor<K...
b200,sm_100,other,,4,0,0,no,1.0,1.0,1.0,void Kokkos::Impl::cuda_parallel_launch_local_memory<Kokkos::Impl::ParallelFor<K...
b200,sm_100,other,,4,0,0,no,1.0,1.0,1.0,void Kokkos::Impl::cuda_parallel_launch_local_memory<Kokkos::Impl::ParallelFor<K...
b200,sm_100,other,,4,0,0,no,1.0,1.0,1.0,void Kokkos::Impl::cuda_parallel_launch_local_memory<Kokkos::Impl::ParallelFor<K...
b200,sm_100,other,,4,0,0,no,1.0,1.0,1.0,void Kokkos::Impl::cuda_parallel_launch_local_memory<Kokkos::Impl::ParallelFor<K...
b200,sm_100,other,,4,0,0,no,1.0,1.0,1.0,void Kokkos::Impl::cuda_parallel_launch_local_memory<Kokkos::Impl::ParallelFor<K...
b200,sm_100,other,,4,0,0,no,1.0,1.0,1.0,void Kokkos::Impl::cuda_parallel_launch_local_memory<Kokkos::Impl::ParallelFor<K...
b200,sm_100,other,,4,0,0,no,1.0,1.0,1.0,void Kokkos::Impl::cuda_parallel_launch_local_memory<Kokkos::Impl::ParallelFor<K...
b200,sm_100,other,,4,0,0,no,1.0,1.0,1.0,void Kokkos::Impl::cuda_parallel_launch_local_memory<Kokkos::Impl::ParallelFor<K...
b200,sm_100,other,,4,0,0,no,1.0,1.0,1.0,void Kokkos::Impl::cuda_parallel_launch_local_memory<Kokkos::Impl::ParallelFor<K...
b200,sm_100,other,,4,0,0,no,1.0,1.0,1.0,void Kokkos::Impl::cuda_parallel_launch_local_memory<Kokkos::Impl::ParallelFor<K...
b200,sm_100,other,,4,0,0,no,1.0,1.0,1.0,void Kokkos::Impl::cuda_parallel_launch_local_memory<Kokkos::Impl::ParallelFor<K...
b200,sm_100,other,,4,0,0,no,1.0,1.0,1.0,void Kokkos::Impl::cuda_parallel_launch_local_memory<Kokkos::Impl::ParallelFor<K...
b200,sm_100,other,,4,0,0,no,1.0,1.0,1.0,void Kokkos::Impl::cuda_parallel_launch_local_memory<Kokkos::Impl::ParallelFor<K...
b200,sm_100,other,,4,0,0,no,1.0,1.0,1.0,void Kokkos::Impl::cuda_parallel_launch_local_memory<Kokkos::Impl::ParallelFor<K...
b200,sm_100,other,,4,0,0,no,1.0,1.0,1.0,void Kokkos::Impl::cuda_parallel_launch_local_memory<Kokkos::Impl::ParallelFor<K...
b200,sm_100,other,,4,0,0,no,1.0,1.0,1.0,void Kokkos::Impl::cuda_parallel_launch_local_memory<Kokkos::Impl::ParallelFor<K...
b200,sm_100,other,,4,0,0,no,1.0,1.0,1.0,void Kokkos::Impl::cuda_parallel_launch_local_memory<Kokkos::Impl::ParallelFor<K...
b200,sm_100,other,,4,0,0,no,1.0,1.0,1.0,void Kokkos::Impl::cuda_parallel_launch_local_memory<Kokkos::Impl::ParallelFor<K...
b200,sm_100,other,,4,0,0,no,1.0,1.0,1.0,void Kokkos::Impl::cuda_parallel_launch_local_memory<Kokkos::Impl::ParallelFor<K...
b200,sm_100,other,,4,0,0,no,1.0,1.0,1.0,void Kokkos::Impl::cuda_parallel_launch_local_memory<Kokkos::Impl::ParallelFor<K...
b200,sm_100,other,,4,0,0,no,1.0,1.0,1.0,void Kokkos::Impl::cuda_parallel_launch_local_memory<Kokkos::Impl::ParallelFor<K...
b200,sm_100,other,,4,1024,0,no,1.0,1.0,1.0,void Kokkos::Impl::cuda_parallel_launch_local_memory<Kokkos::Impl::ParallelFor<K...
b200,sm_100,other,,4,1024,0,no,1.0,1.0,1.0,void Kokkos::Impl::cuda_parallel_launch_local_memory<Kokkos::Impl::ParallelFor<K...
b200,sm_100,other,,4,0,0,no,1.0,1.0,1.0,void Kokkos::Impl::cuda_parallel_launch_local_memory<Kokkos::Impl::ParallelFor<K...
b200,sm_100,other,,4,0,0,no,1.0,1.0,1.0,void Kokkos::Impl::cuda_parallel_launch_local_memory<Kokkos::Impl::ParallelFor<K...
b200,sm_100,other,,4,1024,0,no,1.0,1.0,1.0,void Kokkos::Impl::cuda_parallel_launch_local_memory<Kokkos::Impl::ParallelFor<K...
b200,sm_100,other,,4,1024,0,no,1.0,1.0,1.0,void Kokkos::Impl::cuda_parallel_launch_local_memory<Kokkos::Impl::ParallelFor<K...
b200,sm_100,other,,4,0,0,no,1.0,1.0,1.0,void Kokkos::Impl::cuda_parallel_launch_local_memory<Kokkos::Impl::ParallelFor<K...
b200,sm_100,other,,4,0,0,no,1.0,1.0,1.0,void Kokkos::Impl::cuda_parallel_launch_local_memory<Kokkos::Impl::ParallelFor<K...
b200,sm_100,other,,4,0,0,no,1.0,1.0,1.0,void Kokkos::Impl::cuda_parallel_launch_local_memory<Kokkos::Impl::ParallelFor<K...
b200,sm_100,other,,4,0,0,no,1.0,1.0,1.0,void Kokkos::Impl::cuda_parallel_launch_local_memory<Kokkos::Impl::ParallelFor<K...
b200,sm_100,other,,4,0,0,no,1.0,1.0,1.0,void Kokkos::Impl::cuda_parallel_launch_local_memory<Kokkos::Impl::ParallelFor<K...
b200,sm_100,other,,4,0,0,no,1.0,1.0,1.0,void Kokkos::Impl::cuda_parallel_launch_local_memory<Kokkos::Impl::ParallelFor<K...
b200,sm_100,other,,4,0,0,no,1.0,1.0,1.0,void cub::CUB_300102_SM_1000::detail::EmptyKernel<void>()
b200,sm_100,other,,4,0,0,no,1.0,1.0,1.0,void Kokkos::Impl::cuda_parallel_launch_local_memory<Kokkos::Impl::ParallelFor<K...
b200,sm_100,other,,4,0,0,no,1.0,1.0,1.0,void Kokkos::Impl::cuda_parallel_launch_local_memory<Kokkos::Impl::ParallelFor<K...
b200,sm_100,other,,4,0,0,no,1.0,1.0,1.0,void Kokkos::Impl::cuda_parallel_launch_local_memory<Kokkos::Impl::ParallelFor<K...
b200,sm_100,other,,4,0,0,no,1.0,1.0,1.0,void Kokkos::Impl::cuda_parallel_launch_local_memory<Kokkos::Impl::ParallelFor<K...
b200,sm_100,other,,4,0,0,no,1.0,1.0,1.0,void Kokkos::Impl::cuda_parallel_launch_local_memory<Kokkos::Impl::ParallelFor<K...
b200,sm_100,other,,4,0,0,no,1.0,1.0,1.0,void Kokkos::Impl::cuda_parallel_launch_local_memory<Kokkos::Impl::ParallelFor<K...
b200,sm_100,other,,4,0,0,no,1.0,1.0,1.0,void Kokkos::Impl::cuda_parallel_launch_local_memory<Kokkos::Impl::ParallelFor<K...
b200,sm_100,other,,4,0,0,no,1.0,1.0,1.0,void Kokkos::Impl::cuda_parallel_launch_local_memory<Kokkos::Impl::ParallelFor<K...
b200,sm_100,other,,4,0,0,no,1.0,1.0,1.0,void Kokkos::Impl::cuda_parallel_launch_local_memory<Kokkos::Impl::ParallelFor<K...
b200,sm_100,other,,4,0,0,no,1.0,1.0,1.0,void Kokkos::Impl::cuda_parallel_launch_local_memory<Kokkos::Impl::ParallelFor<K...
b200,sm_100,other,,4,1024,0,no,1.0,1.0,1.0,void Kokkos::Impl::cuda_parallel_launch_local_memory<Kokkos::Impl::ParallelFor<K...
b200,sm_100,other,,4,1024,0,no,1.0,1.0,1.0,void Kokkos::Impl::cuda_parallel_launch_local_memory<Kokkos::Impl::ParallelFor<K...
b200,sm_100,other,,4,1024,0,no,1.0,1.0,1.0,void Kokkos::Impl::cuda_parallel_launch_local_memory<Kokkos::Impl::ParallelFor<K...
b200,sm_100,other,,4,1024,0,no,1.0,1.0,1.0,void Kokkos::Impl::cuda_parallel_launch_local_memory<Kokkos::Impl::ParallelFor<K...
b200,sm_100,other,,4,0,0,no,1.0,1.0,1.0,void Kokkos::Impl::cuda_parallel_launch_local_memory<Kokkos::Impl::ParallelFor<K...
b200,sm_100,other,,4,0,0,no,1.0,1.0,1.0,void Kokkos::Impl::cuda_parallel_launch_local_memory<Kokkos::Impl::ParallelFor<K...
b200,sm_100,other,,4,1024,0,no,1.0,1.0,1.0,void Kokkos::Impl::cuda_parallel_launch_local_memory<Kokkos::Impl::ParallelFor<K...
b200,sm_100,other,,4,1024,0,no,1.0,1.0,1.0,void Kokkos::Impl::cuda_parallel_launch_local_memory<Kokkos::Impl::ParallelFor<K...
b200,sm_100,other,,4,0,0,no,1.0,1.0,1.0,void Kokkos::Impl::cuda_parallel_launch_local_memory<Kokkos::Impl::ParallelFor<K...
b200,sm_100,other,,4,0,0,no,1.0,1.0,1.0,void Kokkos::Impl::cuda_parallel_launch_local_memory<Kokkos::Impl::ParallelFor<K...
b200,sm_100,other,,4,0,0,no,1.0,1.0,1.0,void Kokkos::Impl::cuda_parallel_launch_local_memory<Kokkos::Impl::ParallelFor<K...
b200,sm_100,other,,4,0,0,no,1.0,1.0,1.0,void Kokkos::Impl::cuda_parallel_launch_local_memory<Kokkos::Impl::ParallelFor<K...
b200,sm_100,other,,4,0,0,no,1.0,1.0,1.0,void Kokkos::Impl::cuda_parallel_launch_local_memory<Kokkos::Impl::ParallelFor<K...
b200,sm_100,other,,4,0,0,no,1.0,1.0,1.0,void Kokkos::Impl::cuda_parallel_launch_local_memory<Kokkos::Impl::ParallelFor<K...
b200,sm_100,other,,4,0,0,no,1.0,1.0,1.0,void Kokkos::Impl::cuda_parallel_launch_local_memory<Kokkos::Impl::ParallelFor<K...
b200,sm_100,other,,4,0,0,no,1.0,1.0,1.0,void Kokkos::Impl::cuda_parallel_launch_local_memory<Kokkos::Impl::ParallelFor<K...
b200,sm_100,other,,4,0,0,no,1.0,1.0,1.0,void Kokkos::Impl::cuda_parallel_launch_local_memory<Kokkos::Impl::ParallelFor<K...
b200,sm_100,other,,4,0,0,no,1.0,1.0,1.0,void Kokkos::Impl::cuda_parallel_launch_local_memory<Kokkos::Impl::ParallelFor<K...
b200,sm_100,other,,4,0,0,no,1.0,1.0,1.0,void Kokkos::Impl::cuda_parallel_launch_local_memory<Kokkos::Impl::ParallelFor<K...
b200,sm_100,other,,4,0,0,no,1.0,1.0,1.0,void Kokkos::Impl::cuda_parallel_launch_local_memory<Kokkos::Impl::ParallelFor<K...
b200,sm_100,other,,4,0,0,no,1.0,1.0,1.0,void Kokkos::Impl::cuda_parallel_launch_local_memory<Kokkos::Impl::ParallelFor<K...
b200,sm_100,other,,4,0,0,no,1.0,1.0,1.0,void Kokkos::Impl::cuda_parallel_launch_local_memory<Kokkos::Impl::ParallelFor<K...
b200,sm_100,other,,4,1024,0,no,1.0,1.0,1.0,void Kokkos::Impl::cuda_parallel_launch_local_memory<Kokkos::Impl::ParallelFor<K...
b200,sm_100,other,,4,1024,0,no,1.0,1.0,1.0,void Kokkos::Impl::cuda_parallel_launch_local_memory<Kokkos::Impl::ParallelFor<K...
b200,sm_100,other,,4,1024,0,no,1.0,1.0,1.0,void Kokkos::Impl::cuda_parallel_launch_local_memory<Kokkos::Impl::ParallelFor<K...
b200,sm_100,other,,4,1024,0,no,1.0,1.0,1.0,void Kokkos::Impl::cuda_parallel_launch_local_memory<Kokkos::Impl::ParallelFor<K...
b200,sm_100,other,,4,0,0,no,1.0,1.0,1.0,void Kokkos::Impl::cuda_parallel_launch_local_memory<Kokkos::Impl::ParallelFor<K...
b200,sm_100,other,,4,0,0,no,1.0,1.0,1.0,void Kokkos::Impl::cuda_parallel_launch_local_memory<Kokkos::Impl::ParallelFor<K...
b200,sm_100,other,,4,0,0,no,1.0,1.0,1.0,void Kokkos::Impl::cuda_parallel_launch_local_memory<Kokkos::Impl::ParallelFor<K...
b200,sm_100,other,,4,0,0,no,1.0,1.0,1.0,void Kokkos::Impl::cuda_parallel_launch_local_memory<Kokkos::Impl::ParallelFor<K...
b200,sm_100,other,,4,0,0,no,1.0,1.0,1.0,void Kokkos::Impl::cuda_parallel_launch_local_memory<Kokkos::Impl::ParallelFor<K...
b200,sm_100,other,,4,0,0,no,1.0,1.0,1.0,void Kokkos::Impl::cuda_parallel_launch_local_memory<Kokkos::Impl::ParallelFor<K...
b200,sm_100,other,,4,0,0,no,1.0,1.0,1.0,void Kokkos::Impl::cuda_parallel_launch_local_memory<Kokkos::Impl::ParallelFor<K...
b200,sm_100,other,,4,0,0,no,1.0,1.0,1.0,void Kokkos::Impl::cuda_parallel_launch_local_memory<Kokkos::Impl::ParallelFor<K...
b200,sm_100,other,,4,0,0,no,1.0,1.0,1.0,void Kokkos::Impl::cuda_parallel_launch_local_memory<Kokkos::Impl::ParallelFor<K...
b200,sm_100,other,,4,0,0,no,1.0,1.0,1.0,void Kokkos::Impl::cuda_parallel_launch_local_memory<Kokkos::Impl::ParallelFor<K...
b200,sm_100,other,,4,0,0,no,1.0,1.0,1.0,void Kokkos::Impl::cuda_parallel_launch_local_memory<Kokkos::Impl::ParallelFor<K...
b200,sm_100,other,,4,0,0,no,1.0,1.0,1.0,void Kokkos::Impl::cuda_parallel_launch_local_memory<Kokkos::Impl::ParallelFor<K...
b200,sm_100,other,,4,0,0,no,1.0,1.0,1.0,void Kokkos::Impl::cuda_parallel_launch_local_memory<Kokkos::Impl::ParallelFor<K...
b200,sm_100,other,,4,0,0,no,1.0,1.0,1.0,void Kokkos::Impl::cuda_parallel_launch_local_memory<Kokkos::Impl::ParallelFor<K...
b200,sm_100,other,,4,0,0,no,1.0,1.0,1.0,void Kokkos::Impl::cuda_parallel_launch_local_memory<Kokkos::Impl::ParallelFor<K...
b200,sm_100,other,,4,0,0,no,1.0,1.0,1.0,void Kokkos::Impl::cuda_parallel_launch_local_memory<Kokkos::Impl::ParallelFor<K...
b200,sm_100,other,,4,1024,0,no,1.0,1.0,1.0,void Kokkos::Impl::cuda_parallel_launch_local_memory<Kokkos::Impl::ParallelFor<K...
b200,sm_100,other,,4,1024,0,no,1.0,1.0,1.0,void Kokkos::Impl::cuda_parallel_launch_local_memory<Kokkos::Impl::ParallelFor<K...
b200,sm_100,other,,4,0,0,no,1.0,1.0,1.0,void Kokkos::Impl::cuda_parallel_launch_local_memory<Kokkos::Impl::ParallelFor<K...
b200,sm_100,other,,4,0,0,no,1.0,1.0,1.0,void Kokkos::Impl::cuda_parallel_launch_local_memory<Kokkos::Impl::ParallelFor<K...
b200,sm_100,other,,4,0,0,no,1.0,1.0,1.0,void Kokkos::Impl::cuda_parallel_launch_local_memory<Kokkos::Impl::ParallelFor<K...
b200,sm_100,other,,4,0,0,no,1.0,1.0,1.0,void Kokkos::Impl::cuda_parallel_launch_local_memory<Kokkos::Impl::ParallelFor<K...
b200,sm_100,other,,4,0,0,no,1.0,1.0,1.0,void Kokkos::Impl::cuda_parallel_launch_local_memory<Kokkos::Impl::ParallelFor<K...
b200,sm_100,other,,4,0,0,no,1.0,1.0,1.0,void Kokkos::Impl::cuda_parallel_launch_local_memory<Kokkos::Impl::ParallelFor<K...
b200,sm_100,other,,4,0,0,no,1.0,1.0,1.0,void Kokkos::Impl::cuda_parallel_launch_local_memory<Kokkos::Impl::ParallelFor<K...
b200,sm_100,other,,4,0,0,no,1.0,1.0,1.0,void Kokkos::Impl::cuda_parallel_launch_local_memory<Kokkos::Impl::ParallelFor<K...
b200,sm_100,other,,4,0,0,no,1.0,1.0,1.0,void Kokkos::Impl::cuda_parallel_launch_local_memory<Kokkos::Impl::ParallelFor<K...
b200,sm_100,other,,4,0,0,no,1.0,1.0,1.0,void Kokkos::Impl::cuda_parallel_launch_local_memory<Kokkos::Impl::ParallelFor<K...
b200,sm_100,other,,4,0,0,no,1.0,1.0,1.0,void Kokkos::Impl::cuda_parallel_launch_local_memory<Kokkos::Impl::ParallelFor<K...
b200,sm_100,other,,4,0,0,no,1.0,1.0,1.0,void Kokkos::Impl::cuda_parallel_launch_local_memory<Kokkos::Impl::ParallelFor<K...
b200,sm_100,other,,4,1024,0,no,1.0,1.0,1.0,void Kokkos::Impl::cuda_parallel_launch_local_memory<Kokkos::Impl::ParallelFor<K...
b200,sm_100,other,,4,1024,0,no,1.0,1.0,1.0,void Kokkos::Impl::cuda_parallel_launch_local_memory<Kokkos::Impl::ParallelFor<K...
b200,sm_100,other,,4,1024,0,no,1.0,1.0,1.0,void Kokkos::Impl::cuda_parallel_launch_local_memory<Kokkos::Impl::ParallelFor<K...
b200,sm_100,other,,4,1024,0,no,1.0,1.0,1.0,void Kokkos::Impl::cuda_parallel_launch_local_memory<Kokkos::Impl::ParallelFor<K...
b200,sm_100,other,,4,1024,0,no,1.0,1.0,1.0,void Kokkos::Impl::cuda_parallel_launch_local_memory<Kokkos::Impl::ParallelFor<K...
b200,sm_100,other,,4,0,0,no,1.0,1.0,1.0,void Kokkos::Impl::cuda_parallel_launch_local_memory<Kokkos::Impl::ParallelFor<K...
b200,sm_100,other,,4,0,0,no,1.0,1.0,1.0,void Kokkos::Impl::cuda_parallel_launch_local_memory<Kokkos::Impl::ParallelFor<K...
b200,sm_100,other,,4,0,0,no,1.0,1.0,1.0,void Kokkos::Impl::cuda_parallel_launch_local_memory<Kokkos::Impl::ParallelFor<K...
b200,sm_100,other,,4,0,0,no,1.0,1.0,1.0,void Kokkos::Impl::cuda_parallel_launch_local_memory<Kokkos::Impl::ParallelFor<K...
b200,sm_100,other,,4,1024,0,no,1.0,1.0,1.0,void Kokkos::Impl::cuda_parallel_launch_local_memory<Kokkos::Impl::ParallelFor<K...
b200,sm_100,other,,4,1024,0,no,1.0,1.0,1.0,void Kokkos::Impl::cuda_parallel_launch_local_memory<Kokkos::Impl::ParallelFor<K...
b200,sm_100,other,,4,0,0,no,1.0,1.0,1.0,void Kokkos::Impl::cuda_parallel_launch_local_memory<Kokkos::Impl::ParallelFor<K...
b200,sm_100,other,,4,0,0,no,1.0,1.0,1.0,void Kokkos::Impl::cuda_parallel_launch_local_memory<Kokkos::Impl::ParallelFor<K...
b200,sm_100,other,,4,1024,0,no,1.0,1.0,1.0,void Kokkos::Impl::cuda_parallel_launch_local_memory<Kokkos::Impl::ParallelFor<K...
b200,sm_100,other,,4,1024,0,no,1.0,1.0,1.0,void Kokkos::Impl::cuda_parallel_launch_local_memory<Kokkos::Impl::ParallelFor<K...
b200,sm_100,other,,4,1024,0,no,1.0,1.0,1.0,void Kokkos::Impl::cuda_parallel_launch_local_memory<Kokkos::Impl::ParallelFor<K...
b200,sm_100,other,,4,1024,0,no,1.0,1.0,1.0,void Kokkos::Impl::cuda_parallel_launch_local_memory<Kokkos::Impl::ParallelFor<K...
b200,sm_100,other,,4,0,0,no,1.0,1.0,1.0,void Kokkos::Impl::cuda_parallel_launch_local_memory<Kokkos::Impl::ParallelFor<K...
b200,sm_100,other,,4,0,0,no,1.0,1.0,1.0,void Kokkos::Impl::cuda_parallel_launch_local_memory<Kokkos::Impl::ParallelFor<K...
b200,sm_100,other,,4,0,0,no,1.0,1.0,1.0,void Kokkos::Impl::cuda_parallel_launch_local_memory<Kokkos::Impl::ParallelFor<K...
b200,sm_100,other,,4,0,0,no,1.0,1.0,1.0,void Kokkos::Impl::cuda_parallel_launch_local_memory<Kokkos::Impl::ParallelFor<K...
b200,sm_100,other,,4,0,0,no,1.0,1.0,1.0,void Kokkos::Impl::cuda_parallel_launch_local_memory<Kokkos::Impl::ParallelFor<K...
b200,sm_100,other,,4,1024,0,no,1.0,1.0,1.0,void Kokkos::Impl::cuda_parallel_launch_local_memory<Kokkos::Impl::ParallelFor<K...
b200,sm_100,other,,4,1024,0,no,1.0,1.0,1.0,void Kokkos::Impl::cuda_parallel_launch_local_memory<Kokkos::Impl::ParallelFor<K...
b200,sm_100,other,,4,1024,0,no,1.0,1.0,1.0,void Kokkos::Impl::cuda_parallel_launch_local_memory<Kokkos::Impl::ParallelFor<K...
b200,sm_100,other,,4,1024,0,no,1.0,1.0,1.0,void Kokkos::Impl::cuda_parallel_launch_local_memory<Kokkos::Impl::ParallelFor<K...
b200,sm_100,other,,4,0,0,no,1.0,1.0,1.0,void Kokkos::Impl::cuda_parallel_launch_local_memory<Kokkos::Impl::ParallelFor<K...
b200,sm_100,other,,4,0,0,no,1.0,1.0,1.0,void Kokkos::Impl::cuda_parallel_launch_local_memory<Kokkos::Impl::ParallelFor<K...
b200,sm_100,other,,4,0,0,no,1.0,1.0,1.0,void Kokkos::Impl::cuda_parallel_launch_local_memory<Kokkos::Impl::ParallelFor<K...
b200,sm_100,other,,4,0,0,no,1.0,1.0,1.0,void Kokkos::Impl::cuda_parallel_launch_local_memory<Kokkos::Impl::ParallelFor<K...
b200,sm_100,other,,4,0,0,no,1.0,1.0,1.0,void Kokkos::Impl::cuda_parallel_launch_local_memory<Kokkos::Impl::ParallelFor<K...
b200,sm_100,other,,4,0,0,no,1.0,1.0,1.0,void Kokkos::Impl::cuda_parallel_launch_local_memory<Kokkos::Impl::ParallelFor<K...
b200,sm_100,other,,4,1024,0,no,1.0,1.0,1.0,void Kokkos::Impl::cuda_parallel_launch_local_memory<Kokkos::Impl::ParallelFor<K...
b200,sm_100,other,,4,1024,0,no,1.0,1.0,1.0,void Kokkos::Impl::cuda_parallel_launch_local_memory<Kokkos::Impl::ParallelFor<K...
b200,sm_100,other,,4,1024,0,no,1.0,1.0,1.0,void Kokkos::Impl::cuda_parallel_launch_local_memory<Kokkos::Impl::ParallelFor<K...
b200,sm_100,other,,4,1024,0,no,1.0,1.0,1.0,void Kokkos::Impl::cuda_parallel_launch_local_memory<Kokkos::Impl::ParallelFor<K...
b200,sm_100,other,,4,0,0,no,1.0,1.0,1.0,void Kokkos::Impl::cuda_parallel_launch_local_memory<Kokkos::Impl::ParallelFor<K...
b200,sm_100,other,,4,0,0,no,1.0,1.0,1.0,void Kokkos::Impl::cuda_parallel_launch_local_memory<Kokkos::Impl::ParallelFor<K...
b200,sm_100,other,,4,0,0,no,1.0,1.0,1.0,void Kokkos::Impl::cuda_parallel_launch_local_memory<Kokkos::Impl::ParallelFor<K...
b200,sm_100,other,,4,0,0,no,1.0,1.0,1.0,void Kokkos::Impl::cuda_parallel_launch_local_memory<Kokkos::Impl::ParallelFor<K...
b200,sm_100,other,,4,0,0,no,1.0,1.0,1.0,void Kokkos::Impl::cuda_parallel_launch_local_memory<Kokkos::Impl::ParallelFor<K...
b200,sm_100,other,,4,0,0,no,1.0,1.0,1.0,void Kokkos::Impl::cuda_parallel_launch_local_memory<Kokkos::Impl::ParallelFor<K...
b200,sm_100,other,,4,0,0,no,1.0,1.0,1.0,void Kokkos::Impl::cuda_parallel_launch_local_memory<Kokkos::Impl::ParallelFor<K...
b200,sm_100,other,,4,0,0,no,1.0,1.0,1.0,void Kokkos::Impl::cuda_parallel_launch_local_memory<Kokkos::Impl::ParallelFor<K...
b200,sm_100,other,,4,0,0,no,1.0,1.0,1.0,void Kokkos::Impl::cuda_parallel_launch_local_memory<Kokkos::Impl::ParallelFor<K...
b200,sm_100,other,,4,0,0,no,1.0,1.0,1.0,void Kokkos::Impl::cuda_parallel_launch_local_memory<Kokkos::Impl::ParallelFor<K...
b200,sm_100,other,,4,0,0,no,1.0,1.0,1.0,void Kokkos::Impl::cuda_parallel_launch_local_memory<Kokkos::Impl::ParallelFor<K...
b200,sm_100,other,,4,0,0,no,1.0,1.0,1.0,void Kokkos::Impl::cuda_parallel_launch_local_memory<Kokkos::Impl::ParallelFor<K...
b200,sm_100,other,,4,0,0,no,1.0,1.0,1.0,void Kokkos::Impl::cuda_parallel_launch_local_memory<Kokkos::Impl::ParallelFor<K...
b200,sm_100,other,,4,0,0,no,1.0,1.0,1.0,void Kokkos::Impl::cuda_parallel_launch_local_memory<Kokkos::Impl::ParallelFor<K...
b200,sm_100,other,,4,0,0,no,1.0,1.0,1.0,void Kokkos::Impl::cuda_parallel_launch_local_memory<Kokkos::Impl::ParallelFor<K...
b200,sm_100,other,,4,0,0,no,1.0,1.0,1.0,void Kokkos::Impl::cuda_parallel_launch_local_memory<Kokkos::Impl::ParallelFor<K...
b200,sm_100,other,,4,0,0,no,1.0,1.0,1.0,void Kokkos::Impl::cuda_parallel_launch_local_memory<Kokkos::Impl::ParallelFor<K...
b200,sm_100,other,,4,0,0,no,1.0,1.0,1.0,void Kokkos::Impl::cuda_parallel_launch_local_memory<Kokkos::Impl::ParallelFor<K...
b200,sm_100,other,,4,0,0,no,1.0,1.0,1.0,void Kokkos::Impl::cuda_parallel_launch_local_memory<Kokkos::Impl::ParallelFor<K...
b200,sm_100,other,,4,1024,0,no,1.0,1.0,1.0,void Kokkos::Impl::cuda_parallel_launch_local_memory<Kokkos::Impl::ParallelFor<K...
b200,sm_100,other,,4,1024,0,no,1.0,1.0,1.0,void Kokkos::Impl::cuda_parallel_launch_local_memory<Kokkos::Impl::ParallelFor<K...
b200,sm_100,other,,4,1024,0,no,1.0,1.0,1.0,void Kokkos::Impl::cuda_parallel_launch_local_memory<Kokkos::Impl::ParallelFor<K...
b200,sm_100,other,,4,0,0,no,1.0,1.0,1.0,void Kokkos::Impl::cuda_parallel_launch_local_memory<Kokkos::Impl::ParallelFor<K...
b200,sm_100,other,,4,0,0,no,1.0,1.0,1.0,void Kokkos::Impl::cuda_parallel_launch_local_memory<Kokkos::Impl::ParallelFor<K...
b200,sm_100,other,,4,0,0,no,1.0,1.0,1.0,void Kokkos::Impl::cuda_parallel_launch_local_memory<Kokkos::Impl::ParallelFor<K...
b200,sm_100,other,,4,0,0,no,1.0,1.0,1.0,void Kokkos::Impl::cuda_parallel_launch_local_memory<Kokkos::Impl::ParallelFor<K...
b200,sm_100,other,,4,0,0,no,1.0,1.0,1.0,void Kokkos::Impl::cuda_parallel_launch_local_memory<Kokkos::Impl::ParallelFor<K...
b200,sm_100,other,,4,0,0,no,1.0,1.0,1.0,void Kokkos::Impl::cuda_parallel_launch_local_memory<Kokkos::Impl::ParallelFor<K...
b200,sm_100,other,,4,0,0,no,1.0,1.0,1.0,void Kokkos::Impl::cuda_parallel_launch_local_memory<Kokkos::Impl::ParallelFor<K...
b200,sm_100,other,,4,0,0,no,1.0,1.0,1.0,void Kokkos::Impl::cuda_parallel_launch_local_memory<Kokkos::Impl::ParallelFor<K...
b200,sm_100,other,,4,0,0,no,1.0,1.0,1.0,void Kokkos::Impl::cuda_parallel_launch_local_memory<Kokkos::Impl::ParallelFor<K...
b200,sm_100,other,,4,0,0,no,1.0,1.0,1.0,void Kokkos::Impl::cuda_parallel_launch_local_memory<Kokkos::Impl::ParallelFor<K...
b200,sm_100,other,,4,1024,0,no,1.0,1.0,1.0,void Kokkos::Impl::cuda_parallel_launch_local_memory<Kokkos::Impl::ParallelFor<K...
b200,sm_100,other,,4,1024,0,no,1.0,1.0,1.0,void Kokkos::Impl::cuda_parallel_launch_local_memory<Kokkos::Impl::ParallelFor<K...
b200,sm_100,other,,4,0,0,no,1.0,1.0,1.0,void Kokkos::Impl::cuda_parallel_launch_local_memory<Kokkos::Impl::ParallelFor<K...
b200,sm_100,other,,4,0,0,no,1.0,1.0,1.0,void Kokkos::Impl::cuda_parallel_launch_local_memory<Kokkos::Impl::ParallelFor<K...
b200,sm_100,other,,4,0,0,no,1.0,1.0,1.0,void Kokkos::Impl::cuda_parallel_launch_local_memory<Kokkos::Impl::ParallelFor<K...
b200,sm_100,other,,4,0,0,no,1.0,1.0,1.0,void Kokkos::Impl::cuda_parallel_launch_local_memory<Kokkos::Impl::ParallelFor<K...
b200,sm_100,other,,4,0,0,no,1.0,1.0,1.0,void Kokkos::Impl::cuda_parallel_launch_local_memory<Kokkos::Impl::ParallelFor<K...
b200,sm_100,other,,4,0,0,no,1.0,1.0,1.0,void Kokkos::Impl::cuda_parallel_launch_local_memory<Kokkos::Impl::ParallelFor<K...
b200,sm_100,other,,4,0,0,no,1.0,1.0,1.0,void Kokkos::Impl::cuda_parallel_launch_local_memory<Kokkos::Impl::ParallelFor<K...
b200,sm_100,other,,4,0,0,no,1.0,1.0,1.0,void Kokkos::Impl::cuda_parallel_launch_local_memory<Kokkos::Impl::ParallelFor<K...
b200,sm_100,other,,4,0,0,no,1.0,1.0,1.0,void Kokkos::Impl::cuda_parallel_launch_local_memory<Kokkos::Impl::ParallelFor<K...
b200,sm_100,other,,4,0,0,no,1.0,1.0,1.0,void Kokkos::Impl::cuda_parallel_launch_local_memory<Kokkos::Impl::ParallelFor<K...
b200,sm_100,other,,4,0,0,no,1.0,1.0,1.0,void Kokkos::Impl::cuda_parallel_launch_local_memory<Kokkos::Impl::ParallelFor<K...
b200,sm_100,other,,4,0,0,no,1.0,1.0,1.0,void Kokkos::Impl::cuda_parallel_launch_local_memory<Kokkos::Impl::ParallelFor<K...
b200,sm_100,other,,4,0,0,no,1.0,1.0,1.0,void Kokkos::Impl::cuda_parallel_launch_local_memory<Kokkos::Impl::ParallelFor<K...
b200,sm_100,other,,4,0,0,no,1.0,1.0,1.0,void Kokkos::Impl::cuda_parallel_launch_local_memory<Kokkos::Impl::ParallelFor<K...
b200,sm_100,other,,4,0,0,no,1.0,1.0,1.0,void Kokkos::Impl::cuda_parallel_launch_local_memory<Kokkos::Impl::ParallelFor<K...
b200,sm_100,other,,4,0,0,no,1.0,1.0,1.0,void Kokkos::Impl::cuda_parallel_launch_local_memory<Kokkos::Impl::ParallelFor<K...
b200,sm_100,other,,4,0,0,no,1.0,1.0,1.0,void Kokkos::Impl::cuda_parallel_launch_local_memory<Kokkos::Impl::ParallelFor<K...
b200,sm_100,other,,4,0,0,no,1.0,1.0,1.0,void Kokkos::Impl::cuda_parallel_launch_local_memory<Kokkos::Impl::ParallelFor<K...
b200,sm_100,other,,4,0,0,no,1.0,1.0,1.0,void Kokkos::Impl::cuda_parallel_launch_local_memory<Kokkos::Impl::ParallelFor<K...
b200,sm_100,other,,4,0,0,no,1.0,1.0,1.0,void Kokkos::Impl::cuda_parallel_launch_local_memory<Kokkos::Impl::ParallelFor<K...
b200,sm_100,other,,4,0,0,no,1.0,1.0,1.0,void Kokkos::Impl::cuda_parallel_launch_local_memory<Kokkos::Impl::ParallelFor<K...
b200,sm_100,other,,4,0,0,no,1.0,1.0,1.0,void Kokkos::Impl::cuda_parallel_launch_local_memory<Kokkos::Impl::ParallelFor<K...
b200,sm_100,other,,4,0,0,no,1.0,1.0,1.0,void Kokkos::Impl::cuda_parallel_launch_local_memory<Kokkos::Impl::ParallelFor<K...
b200,sm_100,other,,4,0,0,no,1.0,1.0,1.0,void Kokkos::Impl::cuda_parallel_launch_local_memory<Kokkos::Impl::ParallelFor<K...
