device,arch,kind,method,regs,shared_bytes,stack_bytes,spills,occ_bs128,occ_bs256,occ_bs512,kernel
a100,sm80,hydro,CalculateFluxes,180,16,16,yes,0.125,0.125,0.0,CalculateFluxes
a100,sm80,hydro,CalculateFluxes,178,16,16,yes,0.125,0.125,0.0,CalculateFluxes
a100,sm80,hydro,CalculateFluxes,178,16,16,yes,0.125,0.125,0.0,CalculateFluxes
a100,sm80,hydro,CalculateFluxes,163,16,16,yes,0.188,0.125,0.0,CalculateFluxes
a100,sm80,hydro,CalculateFluxes,162,16,16,yes,0.188,0.125,0.0,CalculateFluxes
a100,sm80,hydro,CalculateFluxes,162,16,16,yes,0.188,0.125,0.0,CalculateFluxes
a100,sm80,hydro,CalculateFluxes,162,16,16,yes,0.188,0.125,0.0,CalculateFluxes
a100,sm80,hydro,CalculateFluxes,162,16,16,yes,0.188,0.125,0.0,CalculateFluxes
a100,sm80,hydro,CalculateFluxes,162,16,16,yes,0.188,0.125,0.0,CalculateFluxes
a100,sm80,hydro,CalculateFluxes,153,16,16,yes,0.188,0.125,0.0,CalculateFluxes
a100,sm80,hydro,CalculateFluxes,142,16,16,yes,0.188,0.125,0.0,CalculateFluxes
a100,sm80,hydro,CalculateFluxes,142,16,16,yes,0.188,0.125,0.0,CalculateFluxes
a100,sm80,hydro,CalculateFluxes,137,16,16,yes,0.188,0.125,0.0,CalculateFluxes
a100,sm80,hydro,CalculateFluxes,135,16,16,yes,0.188,0.125,0.0,CalculateFluxes
a100,sm80,hydro,CalculateFluxes,135,16,16,yes,0.188,0.125,0.0,CalculateFluxes
a100,sm80,hydro,CalculateFluxes,135,16,16,yes,0.188,0.125,0.0,CalculateFluxes
a100,sm80,hydro,CalculateFluxes,135,16,16,yes,0.188,0.125,0.0,CalculateFluxes
a100,sm80,hydro,CalculateFluxes,131,16,16,yes,0.188,0.125,0.0,CalculateFluxes
a100,sm80,hydro,CalculateFluxes,127,16,16,yes,0.25,0.25,0.25,CalculateFluxes
a100,sm80,hydro,CalculateFluxes,126,16,16,yes,0.25,0.25,0.25,CalculateFluxes
a100,sm80,hydro,CalculateFluxes,126,16,16,yes,0.25,0.25,0.25,CalculateFluxes
a100,sm80,hydro,CalculateFluxes,124,16,16,yes,0.25,0.25,0.25,CalculateFluxes
a100,sm80,hydro,CalculateFluxes,124,16,16,yes,0.25,0.25,0.25,CalculateFluxes
a100,sm80,hydro,CalculateFluxes,122,16,16,yes,0.25,0.25,0.25,CalculateFluxes
a100,sm80,hydro,CalculateFluxes,122,16,16,yes,0.25,0.25,0.25,CalculateFluxes
a100,sm80,hydro,CalculateFluxes,122,16,16,yes,0.25,0.25,0.25,CalculateFluxes
a100,sm80,hydro,CalculateFluxes,120,16,16,yes,0.25,0.25,0.25,CalculateFluxes
a100,sm80,hydro,CalculateFluxes,112,16,16,yes,0.25,0.25,0.25,CalculateFluxes
a100,sm80,hydro,CalculateFluxes,111,16,16,yes,0.25,0.25,0.25,CalculateFluxes
a100,sm80,hydro,CalculateFluxes,111,16,16,yes,0.25,0.25,0.25,CalculateFluxes
a100,sm80,hydro,CalculateFluxes,111,16,16,yes,0.25,0.25,0.25,CalculateFluxes
a100,sm80,hydro,CalculateFluxes,110,16,176,yes,0.25,0.25,0.25,CalculateFluxes
a100,sm80,hydro,CalculateFluxes,110,16,176,yes,0.25,0.25,0.25,CalculateFluxes
a100,sm80,hydro,CalculateFluxes,109,16,16,yes,0.25,0.25,0.25,CalculateFluxes
a100,sm80,hydro,CalculateFluxes,109,16,16,yes,0.25,0.25,0.25,CalculateFluxes
a100,sm80,hydro,CalculateFluxes,109,16,16,yes,0.25,0.25,0.25,CalculateFluxes
a100,sm80,hydro,CalculateFluxes,108,16,176,yes,0.25,0.25,0.25,CalculateFluxes
a100,sm80,hydro,CalculateFluxes,103,16,16,yes,0.25,0.25,0.25,CalculateFluxes
a100,sm80,hydro,CalculateFluxes,102,16,16,yes,0.25,0.25,0.25,CalculateFluxes
a100,sm80,hydro,CalculateFluxes,102,16,16,yes,0.25,0.25,0.25,CalculateFluxes
a100,sm80,hydro,CalculateFluxes,100,16,16,yes,0.25,0.25,0.25,CalculateFluxes
a100,sm80,hydro,CalculateFluxes,100,16,16,yes,0.25,0.25,0.25,CalculateFluxes
a100,sm80,hydro,CalculateFluxes,98,16,16,yes,0.25,0.25,0.25,CalculateFluxes
a100,sm80,hydro,CalculateFluxes,98,16,16,yes,0.25,0.25,0.25,CalculateFluxes
a100,sm80,hydro,CalculateFluxes,98,16,16,yes,0.25,0.25,0.25,CalculateFluxes
a100,sm80,hydro,CalculateFluxes,98,16,16,yes,0.25,0.25,0.25,CalculateFluxes
a100,sm80,hydro,CalculateFluxes,98,16,16,yes,0.25,0.25,0.25,CalculateFluxes
a100,sm80,hydro,CalculateFluxes,94,16,16,yes,0.312,0.25,0.25,CalculateFluxes
a100,sm80,sweep,FormalSolutionDiagonal,94,16,0,no,0.312,0.25,0.25,FormalSolutionDiagonal
a100,sm80,hydro,CalculateFluxes,93,16,16,yes,0.312,0.25,0.25,CalculateFluxes
a100,sm80,hydro,CalculateFluxes,93,16,16,yes,0.312,0.25,0.25,CalculateFluxes
a100,sm80,hydro,CalculateFluxes,92,16,16,yes,0.312,0.25,0.25,CalculateFluxes
a100,sm80,hydro,CalculateFluxes,90,16,16,yes,0.312,0.25,0.25,CalculateFluxes
a100,sm80,hydro,CalculateFluxes,88,16,16,yes,0.312,0.25,0.25,CalculateFluxes
a100,sm80,hydro,CalculateFluxes,84,16,16,yes,0.312,0.25,0.25,CalculateFluxes
a100,sm80,sweep,FormalSolutionJacobi,70,0,0,no,0.438,0.375,0.25,FormalSolutionJacobi
a100,sm80,sweep,SweepUpdateGS,68,0,0,no,0.438,0.375,0.25,SweepUpdateGS
a100,sm80,sweep,SweepUpdateGS,66,0,0,no,0.438,0.375,0.25,SweepUpdateGS
a100,sm80,sweep,FormalSolutionWavefront,62,0,0,no,0.5,0.5,0.5,FormalSolutionWavefront
a100,sm80,sweep,FormalSolutionWavefront,62,0,0,no,0.5,0.5,0.5,FormalSolutionWavefront
a100,sm80,hydro,CalculateFluxes,56,0,0,no,0.562,0.5,0.5,CalculateFluxes
a100,sm80,hydro,CalculateFluxes,56,0,0,no,0.562,0.5,0.5,CalculateFluxes
a100,sm80,hydro,CalculateFluxes,55,0,0,no,0.562,0.5,0.5,CalculateFluxes
a100,sm80,sweep,SweepUpdateGS,54,0,0,no,0.562,0.5,0.5,SweepUpdateGS
a100,sm80,sweep,FormalSolutionWavefront,54,0,0,no,0.562,0.5,0.5,FormalSolutionWavefront
a100,sm80,hydro,RKUpdate,47,0,0,no,0.625,0.625,0.5,RKUpdate
a100,sm80,hydro,RKUpdate,46,8,0,no,0.625,0.625,0.5,RKUpdate
a100,sm80,sweep,SweepUpdateGS,46,0,0,no,0.625,0.625,0.5,SweepUpdateGS
a100,sm80,hydro,CalculateFluxes,44,0,0,no,0.625,0.625,0.5,CalculateFluxes
a100,sm80,hydro,RKUpdate,41,16,16,yes,0.625,0.625,0.5,RKUpdate
a100,sm80,hydro,RKUpdate,41,16,16,yes,0.625,0.625,0.5,RKUpdate
a100,sm80,hydro,RKUpdate,40,0,0,no,0.75,0.75,0.75,RKUpdate
a100,sm80,hydro,RKUpdate,37,0,0,no,0.75,0.75,0.75,RKUpdate
a100,sm80,hydro,RKUpdate,22,0,0,no,1.0,1.0,1.0,RKUpdate
a100,sm80,other,,255,0,512,yes,0.125,0.125,0.0,void Kokkos::Impl::cuda_parallel_launch_constant_memory<Kokkos::Impl::ParallelRe...
a100,sm80,other,,255,0,992,yes,0.125,0.125,0.0,void Kokkos::Impl::cuda_parallel_launch_constant_memory<Kokkos::Impl::ParallelRe...
a100,sm80,other,,255,0,1040,yes,0.125,0.125,0.0,void Kokkos::Impl::cuda_parallel_launch_constant_memory<Kokkos::Impl::ParallelRe...
a100,sm80,other,,255,0,528,yes,0.125,0.125,0.0,void Kokkos::Impl::cuda_parallel_launch_constant_memory<Kokkos::Impl::ParallelRe...
a100,sm80,other,,255,0,512,yes,0.125,0.125,0.0,void Kokkos::Impl::cuda_parallel_launch_constant_memory<Kokkos::Impl::ParallelRe...
a100,sm80,other,,255,16,800,yes,0.125,0.125,0.0,void Kokkos::Impl::cuda_parallel_launch_constant_memory<Kokkos::Impl::ParallelFo...
a100,sm80,other,,255,16,800,yes,0.125,0.125,0.0,void Kokkos::Impl::cuda_parallel_launch_constant_memory<Kokkos::Impl::ParallelFo...
a100,sm80,other,,255,16,640,yes,0.125,0.125,0.0,void Kokkos::Impl::cuda_parallel_launch_constant_memory<Kokkos::Impl::ParallelFo...
a100,sm80,other,,255,16,528,yes,0.125,0.125,0.0,void Kokkos::Impl::cuda_parallel_launch_constant_memory<Kokkos::Impl::ParallelFo...
a100,sm80,other,,255,16,560,yes,0.125,0.125,0.0,void Kokkos::Impl::cuda_parallel_launch_constant_memory<Kokkos::Impl::ParallelFo...
a100,sm80,other,,255,16,368,yes,0.125,0.125,0.0,void Kokkos::Impl::cuda_parallel_launch_constant_memory<Kokkos::Impl::ParallelFo...
a100,sm80,other,,255,16,736,yes,0.125,0.125,0.0,void Kokkos::Impl::cuda_parallel_launch_constant_memory<Kokkos::Impl::ParallelFo...
a100,sm80,other,,255,16,768,yes,0.125,0.125,0.0,void Kokkos::Impl::cuda_parallel_launch_constant_memory<Kokkos::Impl::ParallelFo...
a100,sm80,other,,255,16,624,yes,0.125,0.125,0.0,void Kokkos::Impl::cuda_parallel_launch_constant_memory<Kokkos::Impl::ParallelFo...
a100,sm80,other,,255,16,496,yes,0.125,0.125,0.0,void Kokkos::Impl::cuda_parallel_launch_constant_memory<Kokkos::Impl::ParallelFo...
a100,sm80,other,,255,16,512,yes,0.125,0.125,0.0,void Kokkos::Impl::cuda_parallel_launch_constant_memory<Kokkos::Impl::ParallelFo...
a100,sm80,other,,255,16,352,yes,0.125,0.125,0.0,void Kokkos::Impl::cuda_parallel_launch_constant_memory<Kokkos::Impl::ParallelFo...
a100,sm80,other,,255,16,1024,yes,0.125,0.125,0.0,void Kokkos::Impl::cuda_parallel_launch_constant_memory<Kokkos::Impl::ParallelFo...
a100,sm80,other,,255,16,928,yes,0.125,0.125,0.0,void Kokkos::Impl::cuda_parallel_launch_constant_memory<Kokkos::Impl::ParallelFo...
a100,sm80,other,,255,16,816,yes,0.125,0.125,0.0,void Kokkos::Impl::cuda_parallel_launch_constant_memory<Kokkos::Impl::ParallelFo...
a100,sm80,other,,255,16,752,yes,0.125,0.125,0.0,void Kokkos::Impl::cuda_parallel_launch_constant_memory<Kokkos::Impl::ParallelFo...
a100,sm80,other,,255,16,656,yes,0.125,0.125,0.0,void Kokkos::Impl::cuda_parallel_launch_constant_memory<Kokkos::Impl::ParallelFo...
a100,sm80,other,,255,16,528,yes,0.125,0.125,0.0,void Kokkos::Impl::cuda_parallel_launch_constant_memory<Kokkos::Impl::ParallelFo...
a100,sm80,other,,255,16,976,yes,0.125,0.125,0.0,void Kokkos::Impl::cuda_parallel_launch_constant_memory<Kokkos::Impl::ParallelFo...
a100,sm80,other,,255,16,880,yes,0.125,0.125,0.0,void Kokkos::Impl::cuda_parallel_launch_constant_memory<Kokkos::Impl::ParallelFo...
a100,sm80,other,,255,16,752,yes,0.125,0.125,0.0,void Kokkos::Impl::cuda_parallel_launch_constant_memory<Kokkos::Impl::ParallelFo...
a100,sm80,other,,255,16,704,yes,0.125,0.125,0.0,void Kokkos::Impl::cuda_parallel_launch_constant_memory<Kokkos::Impl::ParallelFo...
a100,sm80,other,,255,16,608,yes,0.125,0.125,0.0,void Kokkos::Impl::cuda_parallel_launch_constant_memory<Kokkos::Impl::ParallelFo...
a100,sm80,other,,255,16,480,yes,0.125,0.125,0.0,void Kokkos::Impl::cuda_parallel_launch_constant_memory<Kokkos::Impl::ParallelFo...
a100,sm80,other,,255,16,672,yes,0.125,0.125,0.0,void Kokkos::Impl::cuda_parallel_launch_constant_memory<Kokkos::Impl::ParallelFo...
a100,sm80,other,,255,16,624,yes,0.125,0.125,0.0,void Kokkos::Impl::cuda_parallel_launch_constant_memory<Kokkos::Impl::ParallelFo...
a100,sm80,other,,255,16,400,yes,0.125,0.125,0.0,void Kokkos::Impl::cuda_parallel_launch_constant_memory<Kokkos::Impl::ParallelFo...
a100,sm80,other,,255,16,336,yes,0.125,0.125,0.0,void Kokkos::Impl::cuda_parallel_launch_constant_memory<Kokkos::Impl::ParallelFo...
a100,sm80,other,,255,16,352,yes,0.125,0.125,0.0,void Kokkos::Impl::cuda_parallel_launch_constant_memory<Kokkos::Impl::ParallelFo...
a100,sm80,other,,255,16,688,yes,0.125,0.125,0.0,void Kokkos::Impl::cuda_parallel_launch_constant_memory<Kokkos::Impl::ParallelFo...
a100,sm80,other,,255,16,736,yes,0.125,0.125,0.0,void Kokkos::Impl::cuda_parallel_launch_constant_memory<Kokkos::Impl::ParallelFo...
a100,sm80,other,,255,16,608,yes,0.125,0.125,0.0,void Kokkos::Impl::cuda_parallel_launch_constant_memory<Kokkos::Impl::ParallelFo...
a100,sm80,other,,255,16,432,yes,0.125,0.125,0.0,void Kokkos::Impl::cuda_parallel_launch_constant_memory<Kokkos::Impl::ParallelFo...
a100,sm80,other,,255,16,480,yes,0.125,0.125,0.0,void Kokkos::Impl::cuda_parallel_launch_constant_memory<Kokkos::Impl::ParallelFo...
a100,sm80,other,,255,16,320,yes,0.125,0.125,0.0,void Kokkos::Impl::cuda_parallel_launch_constant_memory<Kokkos::Impl::ParallelFo...
a100,sm80,other,,255,0,512,yes,0.125,0.125,0.0,void Kokkos::Impl::cuda_parallel_launch_constant_memory<Kokkos::Impl::ParallelRe...
a100,sm80,other,,255,0,1136,yes,0.125,0.125,0.0,void Kokkos::Impl::cuda_parallel_launch_constant_memory<Kokkos::Impl::ParallelFo...
a100,sm80,other,,255,0,1136,yes,0.125,0.125,0.0,void Kokkos::Impl::cuda_parallel_launch_constant_memory<Kokkos::Impl::ParallelFo...
a100,sm80,other,,255,0,592,yes,0.125,0.125,0.0,void Kokkos::Impl::cuda_parallel_launch_constant_memory<Kokkos::Impl::ParallelFo...
a100,sm80,other,,255,0,608,yes,0.125,0.125,0.0,void Kokkos::Impl::cuda_parallel_launch_constant_memory<Kokkos::Impl::ParallelFo...
a100,sm80,other,,255,0,992,yes,0.125,0.125,0.0,void Kokkos::Impl::cuda_parallel_launch_constant_memory<Kokkos::Impl::ParallelRe...
a100,sm80,other,,255,0,1168,yes,0.125,0.125,0.0,void Kokkos::Impl::cuda_parallel_launch_constant_memory<Kokkos::Impl::ParallelFo...
a100,sm80,other,,255,0,1168,yes,0.125,0.125,0.0,void Kokkos::Impl::cuda_parallel_launch_constant_memory<Kokkos::Impl::ParallelFo...
a100,sm80,other,,255,0,624,yes,0.125,0.125,0.0,void Kokkos::Impl::cuda_parallel_launch_constant_memory<Kokkos::Impl::ParallelFo...
a100,sm80,other,,255,0,608,yes,0.125,0.125,0.0,void Kokkos::Impl::cuda_parallel_launch_constant_memory<Kokkos::Impl::ParallelFo...
a100,sm80,other,,255,0,1040,yes,0.125,0.125,0.0,void Kokkos::Impl::cuda_parallel_launch_constant_memory<Kokkos::Impl::ParallelRe...
a100,sm80,other,,255,0,528,yes,0.125,0.125,0.0,void Kokkos::Impl::cuda_parallel_launch_constant_memory<Kokkos::Impl::ParallelRe...
a100,sm80,other,,255,0,512,yes,0.125,0.125,0.0,void Kokkos::Impl::cuda_parallel_launch_constant_memory<Kokkos::Impl::ParallelRe...
a100,sm80,other,,255,0,320,yes,0.125,0.125,0.0,void Kokkos::Impl::cuda_parallel_launch_constant_memory<Kokkos::Impl::ParallelFo...
a100,sm80,other,,255,0,2064,yes,0.125,0.125,0.0,void Kokkos::Impl::cuda_parallel_launch_constant_memory<Kokkos::Impl::ParallelFo...
a100,sm80,other,,255,0,736,yes,0.125,0.125,0.0,void Kokkos::Impl::cuda_parallel_launch_constant_memory<Kokkos::Impl::ParallelFo...
a100,sm80,other,,255,0,736,yes,0.125,0.125,0.0,void Kokkos::Impl::cuda_parallel_launch_constant_memory<Kokkos::Impl::ParallelFo...
a100,sm80,other,,255,0,1968,yes,0.125,0.125,0.0,void Kokkos::Impl::cuda_parallel_launch_constant_memory<Kokkos::Impl::ParallelFo...
a100,sm80,other,,255,0,3904,yes,0.125,0.125,0.0,void Kokkos::Impl::cuda_parallel_launch_constant_memory<Kokkos::Impl::ParallelFo...
a100,sm80,other,,255,0,2160,yes,0.125,0.125,0.0,void Kokkos::Impl::cuda_parallel_launch_constant_memory<Kokkos::Impl::ParallelFo...
a100,sm80,other,,255,0,1616,yes,0.125,0.125,0.0,void Kokkos::Impl::cuda_parallel_launch_constant_memory<Kokkos::Impl::ParallelFo...
a100,sm80,other,,255,0,1400,yes,0.125,0.125,0.0,void Kokkos::Impl::cuda_parallel_launch_constant_memory<Kokkos::Impl::ParallelFo...
a100,sm80,other,,254,0,944,yes,0.125,0.125,0.0,void Kokkos::Impl::cuda_parallel_launch_constant_memory<Kokkos::Impl::ParallelFo...
a100,sm80,other,,254,0,1608,yes,0.125,0.125,0.0,void Kokkos::Impl::cuda_parallel_launch_constant_memory<Kokkos::Impl::ParallelFo...
a100,sm80,other,,253,16,608,yes,0.125,0.125,0.0,void Kokkos::Impl::cuda_parallel_launch_constant_memory<Kokkos::Impl::ParallelFo...
a100,sm80,other,,234,0,592,yes,0.125,0.125,0.0,void Kokkos::Impl::cuda_parallel_launch_constant_memory<Kokkos::Impl::ParallelFo...
a100,sm80,other,,230,0,448,yes,0.125,0.125,0.0,void Kokkos::Impl::cuda_parallel_launch_constant_memory<Kokkos::Impl::ParallelFo...
a100,sm80,other,,229,0,448,yes,0.125,0.125,0.0,void Kokkos::Impl::cuda_parallel_launch_constant_memory<Kokkos::Impl::ParallelFo...
a100,sm80,other,,227,0,448,yes,0.125,0.125,0.0,void Kokkos::Impl::cuda_parallel_launch_constant_memory<Kokkos::Impl::ParallelFo...
a100,sm80,other,,226,0,720,yes,0.125,0.125,0.0,void Kokkos::Impl::cuda_parallel_launch_constant_memory<Kokkos::Impl::ParallelFo...
a100,sm80,other,,226,0,448,yes,0.125,0.125,0.0,void Kokkos::Impl::cuda_parallel_launch_constant_memory<Kokkos::Impl::ParallelFo...
a100,sm80,other,,225,0,720,yes,0.125,0.125,0.0,void Kokkos::Impl::cuda_parallel_launch_constant_memory<Kokkos::Impl::ParallelFo...
a100,sm80,other,,224,0,720,yes,0.125,0.125,0.0,void Kokkos::Impl::cuda_parallel_launch_constant_memory<Kokkos::Impl::ParallelFo...
a100,sm80,other,,223,0,448,yes,0.125,0.125,0.0,void Kokkos::Impl::cuda_parallel_launch_constant_memory<Kokkos::Impl::ParallelFo...
a100,sm80,other,,223,0,448,yes,0.125,0.125,0.0,void Kokkos::Impl::cuda_parallel_launch_constant_memory<Kokkos::Impl::ParallelFo...
a100,sm80,other,,222,0,720,yes,0.125,0.125,0.0,void Kokkos::Impl::cuda_parallel_launch_constant_memory<Kokkos::Impl::ParallelFo...
a100,sm80,other,,218,0,720,yes,0.125,0.125,0.0,void Kokkos::Impl::cuda_parallel_launch_constant_memory<Kokkos::Impl::ParallelFo...
a100,sm80,other,,218,0,720,yes,0.125,0.125,0.0,void Kokkos::Impl::cuda_parallel_launch_constant_memory<Kokkos::Impl::ParallelFo...
a100,sm80,other,,218,0,720,yes,0.125,0.125,0.0,void Kokkos::Impl::cuda_parallel_launch_constant_memory<Kokkos::Impl::ParallelFo...
a100,sm80,other,,217,0,448,yes,0.125,0.125,0.0,void Kokkos::Impl::cuda_parallel_launch_constant_memory<Kokkos::Impl::ParallelFo...
a100,sm80,other,,216,0,592,yes,0.125,0.125,0.0,void Kokkos::Impl::cuda_parallel_launch_constant_memory<Kokkos::Impl::ParallelFo...
a100,sm80,other,,216,0,592,yes,0.125,0.125,0.0,void Kokkos::Impl::cuda_parallel_launch_constant_memory<Kokkos::Impl::ParallelFo...
a100,sm80,other,,216,0,592,yes,0.125,0.125,0.0,void Kokkos::Impl::cuda_parallel_launch_constant_memory<Kokkos::Impl::ParallelFo...
a100,sm80,other,,216,0,448,yes,0.125,0.125,0.0,void Kokkos::Impl::cuda_parallel_launch_constant_memory<Kokkos::Impl::ParallelFo...
a100,sm80,other,,215,0,720,yes,0.125,0.125,0.0,void Kokkos::Impl::cuda_parallel_launch_constant_memory<Kokkos::Impl::ParallelFo...
a100,sm80,other,,208,0,592,yes,0.125,0.125,0.0,void Kokkos::Impl::cuda_parallel_launch_constant_memory<Kokkos::Impl::ParallelFo...
a100,sm80,other,,202,0,592,yes,0.125,0.125,0.0,void Kokkos::Impl::cuda_parallel_launch_constant_memory<Kokkos::Impl::ParallelFo...
a100,sm80,other,,191,0,0,no,0.125,0.125,0.0,void Kokkos::Impl::cuda_parallel_launch_constant_memory<Kokkos::Impl::ParallelFo...
a100,sm80,other,,188,0,0,no,0.125,0.125,0.0,void Kokkos::Impl::cuda_parallel_launch_constant_memory<Kokkos::Impl::ParallelFo...
a100,sm80,other,,186,0,272,yes,0.125,0.125,0.0,void Kokkos::Impl::cuda_parallel_launch_constant_memory<Kokkos::Impl::ParallelFo...
a100,sm80,other,,186,0,0,no,0.125,0.125,0.0,void Kokkos::Impl::cuda_parallel_launch_constant_memory<Kokkos::Impl::ParallelFo...
a100,sm80,other,,184,0,272,yes,0.125,0.125,0.0,void Kokkos::Impl::cuda_parallel_launch_constant_memory<Kokkos::Impl::ParallelFo...
a100,sm80,other,,182,0,512,yes,0.125,0.125,0.0,void Kokkos::Impl::cuda_parallel_launch_constant_memory<Kokkos::Impl::ParallelFo...
a100,sm80,other,,180,0,0,no,0.125,0.125,0.0,void Kokkos::Impl::cuda_parallel_launch_constant_memory<Kokkos::Impl::ParallelFo...
a100,sm80,other,,178,0,512,yes,0.125,0.125,0.0,void Kokkos::Impl::cuda_parallel_launch_constant_memory<Kokkos::Impl::ParallelFo...
a100,sm80,other,,174,0,48,yes,0.125,0.125,0.0,void Kokkos::Impl::cuda_parallel_launch_constant_memory<Kokkos::Impl::ParallelFo...
a100,sm80,other,,173,0,0,no,0.125,0.125,0.0,void Kokkos::Impl::cuda_parallel_launch_constant_memory<Kokkos::Impl::ParallelFo...
a100,sm80,other,,173,0,0,no,0.125,0.125,0.0,void Kokkos::Impl::cuda_parallel_launch_constant_memory<Kokkos::Impl::ParallelFo...
a100,sm80,other,,172,0,512,yes,0.125,0.125,0.0,void Kokkos::Impl::cuda_parallel_launch_constant_memory<Kokkos::Impl::ParallelFo...
a100,sm80,other,,171,0,328,yes,0.125,0.125,0.0,void Kokkos::Impl::cuda_parallel_launch_constant_memory<Kokkos::Impl::ParallelRe...
a100,sm80,other,,170,0,512,yes,0.125,0.125,0.0,void Kokkos::Impl::cuda_parallel_launch_constant_memory<Kokkos::Impl::ParallelFo...
a100,sm80,other,,168,8,0,no,0.188,0.125,0.0,void Kokkos::Impl::cuda_parallel_launch_constant_memory<Kokkos::Impl::ParallelFo...
a100,sm80,other,,166,0,552,yes,0.188,0.125,0.0,void Kokkos::Impl::cuda_parallel_launch_constant_memory<Kokkos::Impl::ParallelFo...
a100,sm80,other,,162,0,0,no,0.188,0.125,0.0,void Kokkos::Impl::cuda_parallel_launch_constant_memory<Kokkos::Impl::ParallelFo...
a100,sm80,other,,156,0,0,no,0.188,0.125,0.0,_ZN6Kokkos4Impl36cuda_parallel_launch_constant_memoryINS0_14ParallelReduceINS0_2...
a100,sm80,other,,154,0,528,yes,0.188,0.125,0.0,void Kokkos::Impl::cuda_parallel_launch_constant_memory<Kokkos::Impl::ParallelRe...
a100,sm80,other,,154,0,528,yes,0.188,0.125,0.0,void Kokkos::Impl::cuda_parallel_launch_constant_memory<Kokkos::Impl::ParallelRe...
a100,sm80,other,,142,0,512,yes,0.188,0.125,0.0,void Kokkos::Impl::cuda_parallel_launch_constant_memory<Kokkos::Impl::ParallelFo...
a100,sm80,other,,140,0,0,no,0.188,0.125,0.0,void Kokkos::Impl::cuda_parallel_launch_constant_memory<Kokkos::Impl::ParallelFo...
a100,sm80,other,,132,0,512,yes,0.188,0.125,0.0,void Kokkos::Impl::cuda_parallel_launch_constant_memory<Kokkos::Impl::ParallelFo...
a100,sm80,other,,128,0,512,yes,0.25,0.25,0.25,void Kokkos::Impl::cuda_parallel_launch_constant_memory<Kokkos::Impl::ParallelFo...
a100,sm80,other,,128,0,192,yes,0.25,0.25,0.25,void Kokkos::Impl::cuda_parallel_launch_constant_memory<Kokkos::Impl::ParallelFo...
a100,sm80,other,,128,0,192,yes,0.25,0.25,0.25,void Kokkos::Impl::cuda_parallel_launch_constant_memory<Kokkos::Impl::ParallelFo...
a100,sm80,other,,128,0,0,no,0.25,0.25,0.25,_ZN6Kokkos4Impl36cuda_parallel_launch_constant_memoryINS0_14ParallelReduceINS0_2...
a100,sm80,other,,128,0,192,yes,0.25,0.25,0.25,void Kokkos::Impl::cuda_parallel_launch_constant_memory<Kokkos::Impl::ParallelFo...
a100,sm80,other,,126,0,512,yes,0.25,0.25,0.25,void Kokkos::Impl::cuda_parallel_launch_constant_memory<Kokkos::Impl::ParallelFo...
a100,sm80,other,,126,0,0,no,0.25,0.25,0.25,_ZN6Kokkos4Impl36cuda_parallel_launch_constant_memoryINS0_14ParallelReduceINS0_2...
a100,sm80,other,,124,0,0,no,0.25,0.25,0.25,void Kokkos::Impl::cuda_parallel_launch_constant_memory<Kokkos::Impl::ParallelFo...
a100,sm80,other,,122,0,512,yes,0.25,0.25,0.25,void Kokkos::Impl::cuda_parallel_launch_constant_memory<Kokkos::Impl::ParallelFo...
a100,sm80,other,,122,0,192,yes,0.25,0.25,0.25,void Kokkos::Impl::cuda_parallel_launch_constant_memory<Kokkos::Impl::ParallelFo...
a100,sm80,other,,122,0,192,yes,0.25,0.25,0.25,void Kokkos::Impl::cuda_parallel_launch_constant_memory<Kokkos::Impl::ParallelFo...
a100,sm80,other,,122,0,48,yes,0.25,0.25,0.25,void Kokkos::Impl::cuda_parallel_launch_constant_memory<Kokkos::Impl::ParallelFo...
a100,sm80,other,,120,0,72,yes,0.25,0.25,0.25,void Kokkos::Impl::cuda_parallel_launch_constant_memory<Kokkos::Impl::ParallelRe...
a100,sm80,other,,118,8,0,no,0.25,0.25,0.25,void Kokkos::Impl::cuda_parallel_launch_global_memory<Kokkos::Impl::ParallelFor<...
a100,sm80,other,,118,0,512,yes,0.25,0.25,0.25,void Kokkos::Impl::cuda_parallel_launch_constant_memory<Kokkos::Impl::ParallelFo...
a100,sm80,other,,117,0,512,yes,0.25,0.25,0.25,void Kokkos::Impl::cuda_parallel_launch_constant_memory<Kokkos::Impl::ParallelFo...
a100,sm80,other,,114,0,0,no,0.25,0.25,0.25,void Kokkos::Impl::cuda_parallel_launch_local_memory<Kokkos::Impl::ParallelFor<p...
a100,sm80,other,,113,0,0,no,0.25,0.25,0.25,void Kokkos::Impl::cuda_parallel_launch_local_memory<Kokkos::Impl::ParallelFor<p...
a100,sm80,other,,112,0,72,yes,0.25,0.25,0.25,void Kokkos::Impl::cuda_parallel_launch_constant_memory<Kokkos::Impl::ParallelRe...
a100,sm80,other,,111,0,512,yes,0.25,0.25,0.25,void Kokkos::Impl::cuda_parallel_launch_constant_memory<Kokkos::Impl::ParallelFo...
a100,sm80,other,,110,0,160,yes,0.25,0.25,0.25,void Kokkos::Impl::cuda_parallel_launch_local_memory<Kokkos::Impl::ParallelReduc...
a100,sm80,other,,110,0,160,yes,0.25,0.25,0.25,void Kokkos::Impl::cuda_parallel_launch_constant_memory<Kokkos::Impl::ParallelRe...
a100,sm80,other,,110,0,160,yes,0.25,0.25,0.25,void Kokkos::Impl::cuda_parallel_launch_local_memory<Kokkos::Impl::ParallelReduc...
a100,sm80,other,,110,0,160,yes,0.25,0.25,0.25,void Kokkos::Impl::cuda_parallel_launch_constant_memory<Kokkos::Impl::ParallelRe...
a100,sm80,other,,110,0,208,yes,0.25,0.25,0.25,void Kokkos::Impl::cuda_parallel_launch_local_memory<Kokkos::Impl::ParallelReduc...
a100,sm80,other,,108,8,0,no,0.25,0.25,0.25,void Kokkos::Impl::cuda_parallel_launch_global_memory<Kokkos::Impl::ParallelFor<...
a100,sm80,other,,104,0,0,no,0.25,0.25,0.25,void Kokkos::Impl::cuda_parallel_launch_local_memory<Kokkos::Impl::ParallelFor<p...
a100,sm80,other,,104,0,0,no,0.25,0.25,0.25,void Kokkos::Impl::cuda_parallel_launch_local_memory<Kokkos::Impl::ParallelFor<p...
a100,sm80,other,,100,0,160,yes,0.25,0.25,0.25,void Kokkos::Impl::cuda_parallel_launch_constant_memory<Kokkos::Impl::ParallelRe...
a100,sm80,other,,100,0,688,yes,0.25,0.25,0.25,void Kokkos::Impl::cuda_parallel_launch_constant_memory<Kokkos::Impl::ParallelFo...
a100,sm80,other,,99,0,160,yes,0.25,0.25,0.25,void Kokkos::Impl::cuda_parallel_launch_local_memory<Kokkos::Impl::ParallelReduc...
a100,sm80,other,,99,0,160,yes,0.25,0.25,0.25,void Kokkos::Impl::cuda_parallel_launch_constant_memory<Kokkos::Impl::ParallelRe...
a100,sm80,other,,99,0,160,yes,0.25,0.25,0.25,void Kokkos::Impl::cuda_parallel_launch_local_memory<Kokkos::Impl::ParallelReduc...
a100,sm80,other,,96,0,80,yes,0.312,0.25,0.25,void Kokkos::Impl::cuda_parallel_launch_constant_memory<Kokkos::Impl::ParallelRe...
a100,sm80,other,,95,0,0,no,0.312,0.25,0.25,_ZN6Kokkos4Impl36cuda_parallel_launch_constant_memoryINS0_14ParallelReduceINS0_2...
a100,sm80,other,,94,0,0,no,0.312,0.25,0.25,void Kokkos::Impl::cuda_parallel_launch_constant_memory<Kokkos::Impl::ParallelFo...
a100,sm80,other,,94,0,0,no,0.312,0.25,0.25,void Kokkos::Impl::cuda_parallel_launch_constant_memory<Kokkos::Impl::ParallelFo...
a100,sm80,other,,94,0,0,no,0.312,0.25,0.25,void Kokkos::Impl::cuda_parallel_launch_constant_memory<Kokkos::Impl::ParallelFo...
a100,sm80,other,,94,0,256,yes,0.312,0.25,0.25,void Kokkos::Impl::cuda_parallel_launch_local_memory<Kokkos::Impl::ParallelFor<p...
a100,sm80,other,,92,0,0,no,0.312,0.25,0.25,void Kokkos::Impl::cuda_parallel_launch_local_memory<Kokkos::Impl::ParallelFor<p...
a100,sm80,other,,90,0,80,yes,0.312,0.25,0.25,void Kokkos::Impl::cuda_parallel_launch_constant_memory<Kokkos::Impl::ParallelRe...
a100,sm80,other,,89,8,0,no,0.312,0.25,0.25,void Kokkos::Impl::cuda_parallel_launch_global_memory<Kokkos::Impl::ParallelFor<...
a100,sm80,other,,88,0,0,no,0.312,0.25,0.25,void Kokkos::Impl::cuda_parallel_launch_local_memory<Kokkos::Impl::ParallelFor<p...
a100,sm80,other,,86,0,256,yes,0.312,0.25,0.25,void Kokkos::Impl::cuda_parallel_launch_local_memory<Kokkos::Impl::ParallelFor<p...
a100,sm80,other,,85,0,0,no,0.312,0.25,0.25,void Kokkos::Impl::cuda_parallel_launch_local_memory<Kokkos::Impl::ParallelFor<p...
a100,sm80,other,,84,0,0,no,0.312,0.25,0.25,void Kokkos::Impl::cuda_parallel_launch_local_memory<Kokkos::Impl::ParallelFor<p...
a100,sm80,other,,84,0,0,no,0.312,0.25,0.25,void Kokkos::Impl::cuda_parallel_launch_constant_memory<Kokkos::Impl::ParallelFo...
a100,sm80,other,,82,0,0,no,0.312,0.25,0.25,void Kokkos::Impl::cuda_parallel_launch_local_memory<Kokkos::Impl::ParallelFor<p...
a100,sm80,other,,81,0,0,no,0.312,0.25,0.25,_ZN6Kokkos4Impl36cuda_parallel_launch_constant_memoryINS0_14ParallelReduceINS0_2...
a100,sm80,other,,80,8,0,no,0.375,0.375,0.25,void Kokkos::Impl::cuda_parallel_launch_global_memory<Kokkos::Impl::ParallelFor<...
a100,sm80,other,,80,0,0,no,0.375,0.375,0.25,void Kokkos::Impl::cuda_parallel_launch_local_memory<Kokkos::Impl::ParallelFor<K...
a100,sm80,other,,80,0,0,no,0.375,0.375,0.25,void Kokkos::Impl::cuda_parallel_launch_local_memory<Kokkos::Impl::ParallelFor<K...
a100,sm80,other,,80,0,96,yes,0.375,0.375,0.25,void Kokkos::Impl::cuda_parallel_launch_constant_memory<Kokkos::Impl::ParallelFo...
a100,sm80,other,,80,0,96,yes,0.375,0.375,0.25,void Kokkos::Impl::cuda_parallel_launch_constant_memory<Kokkos::Impl::ParallelFo...
a100,sm80,other,,80,0,0,no,0.375,0.375,0.25,void Kokkos::Impl::cuda_parallel_launch_local_memory<Kokkos::Impl::ParallelFor<p...
a100,sm80,other,,80,0,144,yes,0.375,0.375,0.25,void Kokkos::Impl::cuda_parallel_launch_local_memory<Kokkos::Impl::ParallelFor<p...
a100,sm80,other,,80,0,0,no,0.375,0.375,0.25,void Kokkos::Impl::cuda_parallel_launch_local_memory<Kokkos::Impl::ParallelFor<K...
a100,sm80,other,,80,0,0,no,0.375,0.375,0.25,void Kokkos::Impl::cuda_parallel_launch_local_memory<Kokkos::Impl::ParallelFor<K...
a100,sm80,other,,78,8,0,no,0.375,0.375,0.25,void Kokkos::Impl::cuda_parallel_launch_global_memory<Kokkos::Impl::ParallelFor<...
a100,sm80,other,,78,0,48,yes,0.375,0.375,0.25,void Kokkos::Impl::cuda_parallel_launch_constant_memory<Kokkos::Impl::ParallelFo...
a100,sm80,other,,76,0,48,yes,0.375,0.375,0.25,void Kokkos::Impl::cuda_parallel_launch_constant_memory<Kokkos::Impl::ParallelFo...
a100,sm80,other,,76,0,0,no,0.375,0.375,0.25,void Kokkos::Impl::cuda_parallel_launch_local_memory<Kokkos::Impl::ParallelFor<p...
a100,sm80,other,,75,8,0,no,0.375,0.375,0.25,void Kokkos::Impl::cuda_parallel_launch_global_memory<Kokkos::Impl::ParallelFor<...
a100,sm80,other,,75,0,0,no,0.375,0.375,0.25,void Kokkos::Impl::cuda_parallel_launch_local_memory<Kokkos::Impl::ParallelFor<p...
a100,sm80,other,,75,0,0,no,0.375,0.375,0.25,void Kokkos::Impl::cuda_parallel_launch_local_memory<Kokkos::Impl::ParallelFor<p...
a100,sm80,other,,75,16,16,yes,0.375,0.375,0.25,void Kokkos::Impl::cuda_parallel_launch_constant_memory<Kokkos::Impl::ParallelFo...
a100,sm80,other,,73,0,0,no,0.375,0.375,0.25,void Kokkos::Impl::cuda_parallel_launch_local_memory<Kokkos::Impl::ParallelReduc...
a100,sm80,other,,73,16,16,yes,0.375,0.375,0.25,void Kokkos::Impl::cuda_parallel_launch_constant_memory<Kokkos::Impl::ParallelFo...
a100,sm80,other,,73,16,16,yes,0.375,0.375,0.25,void Kokkos::Impl::cuda_parallel_launch_constant_memory<Kokkos::Impl::ParallelFo...
a100,sm80,other,,73,16,16,yes,0.375,0.375,0.25,void Kokkos::Impl::cuda_parallel_launch_constant_memory<Kokkos::Impl::ParallelFo...
a100,sm80,other,,72,0,0,no,0.438,0.375,0.25,void Kokkos::Impl::cuda_parallel_launch_local_memory<Kokkos::Impl::ParallelFor<K...
a100,sm80,other,,72,0,0,no,0.438,0.375,0.25,void Kokkos::Impl::cuda_parallel_launch_local_memory<Kokkos::Impl::ParallelFor<K...
a100,sm80,other,,72,0,0,no,0.438,0.375,0.25,void Kokkos::Impl::cuda_parallel_launch_local_memory<Kokkos::Impl::ParallelFor<K...
a100,sm80,other,,72,0,0,no,0.438,0.375,0.25,void Kokkos::Impl::cuda_parallel_launch_local_memory<Kokkos::Impl::ParallelFor<K...
a100,sm80,other,,72,0,0,no,0.438,0.375,0.25,void Kokkos::Impl::cuda_parallel_launch_local_memory<Kokkos::Impl::ParallelFor<K...
a100,sm80,other,,72,0,0,no,0.438,0.375,0.25,void Kokkos::Impl::cuda_parallel_launch_local_memory<Kokkos::Impl::ParallelFor<K...
a100,sm80,other,,72,0,0,no,0.438,0.375,0.25,void Kokkos::Impl::cuda_parallel_launch_local_memory<Kokkos::Impl::ParallelFor<K...
a100,sm80,other,,72,0,0,no,0.438,0.375,0.25,void Kokkos::Impl::cuda_parallel_launch_local_memory<Kokkos::Impl::ParallelFor<K...
a100,sm80,other,,72,0,0,no,0.438,0.375,0.25,void Kokkos::Impl::cuda_parallel_launch_local_memory<Kokkos::Impl::ParallelFor<K...
a100,sm80,other,,72,0,0,no,0.438,0.375,0.25,void Kokkos::Impl::cuda_parallel_launch_local_memory<Kokkos::Impl::ParallelFor<K...
a100,sm80,other,,72,0,48,yes,0.438,0.375,0.25,void Kokkos::Impl::cuda_parallel_launch_constant_memory<Kokkos::Impl::ParallelFo...
a100,sm80,other,,72,0,0,no,0.438,0.375,0.25,void Kokkos::Impl::cuda_parallel_launch_local_memory<Kokkos::Impl::ParallelFor<K...
a100,sm80,other,,72,0,0,no,0.438,0.375,0.25,void Kokkos::Impl::cuda_parallel_launch_local_memory<Kokkos::Impl::ParallelFor<K...
a100,sm80,other,,72,0,0,no,0.438,0.375,0.25,void Kokkos::Impl::cuda_parallel_launch_local_memory<Kokkos::Impl::ParallelFor<K...
a100,sm80,other,,72,0,0,no,0.438,0.375,0.25,void Kokkos::Impl::cuda_parallel_launch_local_memory<Kokkos::Impl::ParallelFor<K...
a100,sm80,other,,72,0,0,no,0.438,0.375,0.25,void Kokkos::Impl::cuda_parallel_launch_local_memory<Kokkos::Impl::ParallelFor<K...
a100,sm80,other,,72,0,0,no,0.438,0.375,0.25,void Kokkos::Impl::cuda_parallel_launch_local_memory<Kokkos::Impl::ParallelFor<K...
a100,sm80,other,,72,0,0,no,0.438,0.375,0.25,void Kokkos::Impl::cuda_parallel_launch_local_memory<Kokkos::Impl::ParallelFor<K...
a100,sm80,other,,72,0,0,no,0.438,0.375,0.25,void Kokkos::Impl::cuda_parallel_launch_local_memory<Kokkos::Impl::ParallelFor<K...
a100,sm80,other,,72,0,0,no,0.438,0.375,0.25,void Kokkos::Impl::cuda_parallel_launch_local_memory<Kokkos::Impl::ParallelFor<K...
a100,sm80,other,,72,0,0,no,0.438,0.375,0.25,void Kokkos::Impl::cuda_parallel_launch_local_memory<Kokkos::Impl::ParallelFor<K...
a100,sm80,other,,72,0,0,no,0.438,0.375,0.25,void Kokkos::Impl::cuda_parallel_launch_local_memory<Kokkos::Impl::ParallelFor<K...
a100,sm80,other,,72,0,0,no,0.438,0.375,0.25,void Kokkos::Impl::cuda_parallel_launch_local_memory<Kokkos::Impl::ParallelFor<K...
a100,sm80,other,,72,0,0,no,0.438,0.375,0.25,void Kokkos::Impl::cuda_parallel_launch_local_memory<Kokkos::Impl::ParallelFor<K...
a100,sm80,other,,72,0,0,no,0.438,0.375,0.25,void Kokkos::Impl::cuda_parallel_launch_local_memory<Kokkos::Impl::ParallelFor<K...
a100,sm80,other,,72,0,0,no,0.438,0.375,0.25,void Kokkos::Impl::cuda_parallel_launch_local_memory<Kokkos::Impl::ParallelFor<K...
a100,sm80,other,,72,0,0,no,0.438,0.375,0.25,void Kokkos::Impl::cuda_parallel_launch_local_memory<Kokkos::Impl::ParallelFor<K...
a100,sm80,other,,72,0,0,no,0.438,0.375,0.25,void Kokkos::Impl::cuda_parallel_launch_local_memory<Kokkos::Impl::ParallelFor<K...
a100,sm80,other,,72,0,0,no,0.438,0.375,0.25,void Kokkos::Impl::cuda_parallel_launch_local_memory<Kokkos::Impl::ParallelFor<K...
a100,sm80,other,,72,0,0,no,0.438,0.375,0.25,void Kokkos::Impl::cuda_parallel_launch_local_memory<Kokkos::Impl::ParallelFor<K...
a100,sm80,other,,72,0,0,no,0.438,0.375,0.25,void Kokkos::Impl::cuda_parallel_launch_local_memory<Kokkos::Impl::ParallelFor<K...
a100,sm80,other,,72,0,0,no,0.438,0.375,0.25,void Kokkos::Impl::cuda_parallel_launch_local_memory<Kokkos::Impl::ParallelFor<K...
a100,sm80,other,,72,0,0,no,0.438,0.375,0.25,void Kokkos::Impl::cuda_parallel_launch_local_memory<Kokkos::Impl::ParallelFor<K...
a100,sm80,other,,69,0,0,no,0.438,0.375,0.25,void Kokkos::Impl::cuda_parallel_launch_local_memory<Kokkos::Impl::ParallelFor<p...
a100,sm80,other,,69,0,0,no,0.438,0.375,0.25,void Kokkos::Impl::cuda_parallel_launch_local_memory<Kokkos::Impl::ParallelFor<p...
a100,sm80,other,,68,0,0,no,0.438,0.375,0.25,void Kokkos::Impl::cuda_parallel_launch_constant_memory<Kokkos::Impl::ParallelFo...
a100,sm80,other,,68,0,48,yes,0.438,0.375,0.25,void Kokkos::Impl::cuda_parallel_launch_constant_memory<Kokkos::Impl::ParallelFo...
a100,sm80,other,,68,0,48,yes,0.438,0.375,0.25,void Kokkos::Impl::cuda_parallel_launch_constant_memory<Kokkos::Impl::ParallelFo...
a100,sm80,other,,68,0,48,yes,0.438,0.375,0.25,void Kokkos::Impl::cuda_parallel_launch_constant_memory<Kokkos::Impl::ParallelFo...
a100,sm80,other,,67,0,0,no,0.438,0.375,0.25,void Kokkos::Impl::cuda_parallel_launch_local_memory<Kokkos::Impl::ParallelFor<p...
a100,sm80,other,,66,0,0,no,0.438,0.375,0.25,void Kokkos::Impl::cuda_parallel_launch_local_memory<Kokkos::Impl::ParallelFor<K...
a100,sm80,other,,66,0,0,no,0.438,0.375,0.25,void Kokkos::Impl::cuda_parallel_launch_local_memory<Kokkos::Impl::ParallelFor<K...
a100,sm80,other,,65,0,0,no,0.438,0.375,0.25,void Kokkos::Impl::cuda_parallel_launch_local_memory<Kokkos::Impl::ParallelFor<p...
a100,sm80,other,,64,0,0,no,0.5,0.5,0.5,void Kokkos::Impl::cuda_parallel_launch_local_memory<Kokkos::Impl::ParallelFor<K...
a100,sm80,other,,64,0,0,no,0.5,0.5,0.5,void Kokkos::Impl::cuda_parallel_launch_local_memory<Kokkos::Impl::ParallelFor<K...
a100,sm80,other,,64,0,0,no,0.5,0.5,0.5,void Kokkos::Impl::cuda_parallel_launch_local_memory<Kokkos::Impl::ParallelFor<K...
a100,sm80,other,,64,0,0,no,0.5,0.5,0.5,void Kokkos::Impl::cuda_parallel_launch_local_memory<Kokkos::Impl::ParallelFor<K...
a100,sm80,other,,64,0,0,no,0.5,0.5,0.5,void Kokkos::Impl::cuda_parallel_launch_local_memory<Kokkos::Impl::ParallelFor<K...
a100,sm80,other,,64,0,0,no,0.5,0.5,0.5,void Kokkos::Impl::cuda_parallel_launch_local_memory<Kokkos::Impl::ParallelFor<K...
a100,sm80,other,,64,0,0,no,0.5,0.5,0.5,void Kokkos::Impl::cuda_parallel_launch_local_memory<Kokkos::Impl::ParallelFor<K...
a100,sm80,other,,64,0,0,no,0.5,0.5,0.5,void Kokkos::Impl::cuda_parallel_launch_local_memory<Kokkos::Impl::ParallelFor<K...
a100,sm80,other,,64,0,0,no,0.5,0.5,0.5,void Kokkos::Impl::cuda_parallel_launch_local_memory<Kokkos::Impl::ParallelFor<K...
a100,sm80,other,,64,0,0,no,0.5,0.5,0.5,void Kokkos::Impl::cuda_parallel_launch_local_memory<Kokkos::Impl::ParallelFor<K...
a100,sm80,other,,64,0,0,no,0.5,0.5,0.5,void Kokkos::Impl::cuda_parallel_launch_local_memory<Kokkos::Impl::ParallelFor<K...
a100,sm80,other,,64,0,0,no,0.5,0.5,0.5,void Kokkos::Impl::cuda_parallel_launch_local_memory<Kokkos::Impl::ParallelFor<K...
a100,sm80,other,,64,0,0,no,0.5,0.5,0.5,void Kokkos::Impl::cuda_parallel_launch_local_memory<Kokkos::Impl::ParallelReduc...
a100,sm80,other,,64,0,0,no,0.5,0.5,0.5,void Kokkos::Impl::cuda_parallel_launch_local_memory<Kokkos::Impl::ParallelFor<K...
a100,sm80,other,,64,0,0,no,0.5,0.5,0.5,void Kokkos::Impl::cuda_parallel_launch_local_memory<Kokkos::Impl::ParallelFor<K...
a100,sm80,other,,64,0,48,yes,0.5,0.5,0.5,void Kokkos::Impl::cuda_parallel_launch_local_memory<Kokkos::Impl::ParallelFor<p...
a100,sm80,other,,64,0,0,no,0.5,0.5,0.5,void Kokkos::Impl::cuda_parallel_launch_local_memory<Kokkos::Impl::ParallelFor<K...
a100,sm80,other,,64,0,0,no,0.5,0.5,0.5,void Kokkos::Impl::cuda_parallel_launch_local_memory<Kokkos::Impl::ParallelFor<K...
a100,sm80,other,,64,0,0,no,0.5,0.5,0.5,void Kokkos::Impl::cuda_parallel_launch_local_memory<Kokkos::Impl::ParallelFor<K...
a100,sm80,other,,64,0,0,no,0.5,0.5,0.5,void Kokkos::Impl::cuda_parallel_launch_local_memory<Kokkos::Impl::ParallelFor<K...
a100,sm80,other,,64,0,0,no,0.5,0.5,0.5,void Kokkos::Impl::cuda_parallel_launch_local_memory<Kokkos::Impl::ParallelFor<K...
a100,sm80,other,,64,0,0,no,0.5,0.5,0.5,void Kokkos::Impl::cuda_parallel_launch_local_memory<Kokkos::Impl::ParallelFor<K...
a100,sm80,other,,64,0,0,no,0.5,0.5,0.5,void Kokkos::Impl::cuda_parallel_launch_local_memory<Kokkos::Impl::ParallelFor<K...
a100,sm80,other,,64,0,0,no,0.5,0.5,0.5,void Kokkos::Impl::cuda_parallel_launch_local_memory<Kokkos::Impl::ParallelFor<K...
a100,sm80,other,,64,0,0,no,0.5,0.5,0.5,void Kokkos::Impl::cuda_parallel_launch_local_memory<Kokkos::Impl::ParallelFor<K...
a100,sm80,other,,64,0,0,no,0.5,0.5,0.5,void Kokkos::Impl::cuda_parallel_launch_local_memory<Kokkos::Impl::ParallelFor<K...
a100,sm80,other,,64,0,0,no,0.5,0.5,0.5,void Kokkos::Impl::cuda_parallel_launch_local_memory<Kokkos::Impl::ParallelFor<K...
a100,sm80,other,,64,0,0,no,0.5,0.5,0.5,void Kokkos::Impl::cuda_parallel_launch_local_memory<Kokkos::Impl::ParallelFor<K...
a100,sm80,other,,64,0,0,no,0.5,0.5,0.5,void Kokkos::Impl::cuda_parallel_launch_local_memory<Kokkos::Impl::ParallelFor<K...
a100,sm80,other,,64,0,0,no,0.5,0.5,0.5,void Kokkos::Impl::cuda_parallel_launch_local_memory<Kokkos::Impl::ParallelFor<K...
a100,sm80,other,,64,0,0,no,0.5,0.5,0.5,void Kokkos::Impl::cuda_parallel_launch_local_memory<Kokkos::Impl::ParallelFor<K...
a100,sm80,other,,64,0,0,no,0.5,0.5,0.5,void Kokkos::Impl::cuda_parallel_launch_local_memory<Kokkos::Impl::ParallelFor<K...
a100,sm80,other,,64,0,0,no,0.5,0.5,0.5,void Kokkos::Impl::cuda_parallel_launch_local_memory<Kokkos::Impl::ParallelFor<K...
a100,sm80,other,,64,0,0,no,0.5,0.5,0.5,void Kokkos::Impl::cuda_parallel_launch_local_memory<Kokkos::Impl::ParallelFor<K...
a100,sm80,other,,64,0,0,no,0.5,0.5,0.5,void Kokkos::Impl::cuda_parallel_launch_local_memory<Kokkos::Impl::ParallelFor<K...
a100,sm80,other,,64,0,0,no,0.5,0.5,0.5,void Kokkos::Impl::cuda_parallel_launch_local_memory<Kokkos::Impl::ParallelFor<K...
a100,sm80,other,,64,0,0,no,0.5,0.5,0.5,void Kokkos::Impl::cuda_parallel_launch_constant_memory<Kokkos::Impl::ParallelFo...
a100,sm80,other,,64,0,0,no,0.5,0.5,0.5,void Kokkos::Impl::cuda_parallel_launch_local_memory<Kokkos::Impl::ParallelFor<K...
a100,sm80,other,,64,0,0,no,0.5,0.5,0.5,void Kokkos::Impl::cuda_parallel_launch_local_memory<Kokkos::Impl::ParallelFor<K...
a100,sm80,other,,64,0,0,no,0.5,0.5,0.5,void Kokkos::Impl::cuda_parallel_launch_local_memory<Kokkos::Impl::ParallelFor<K...
a100,sm80,other,,64,0,0,no,0.5,0.5,0.5,void Kokkos::Impl::cuda_parallel_launch_local_memory<Kokkos::Impl::ParallelFor<K...
a100,sm80,other,,64,0,0,no,0.5,0.5,0.5,void Kokkos::Impl::cuda_parallel_launch_local_memory<Kokkos::Impl::ParallelFor<K...
a100,sm80,other,,64,0,0,no,0.5,0.5,0.5,void Kokkos::Impl::cuda_parallel_launch_local_memory<Kokkos::Impl::ParallelFor<K...
a100,sm80,other,,64,0,0,no,0.5,0.5,0.5,void Kokkos::Impl::cuda_parallel_launch_local_memory<Kokkos::Impl::ParallelFor<K...
a100,sm80,other,,64,0,0,no,0.5,0.5,0.5,void Kokkos::Impl::cuda_parallel_launch_local_memory<Kokkos::Impl::ParallelFor<K...
a100,sm80,other,,64,0,0,no,0.5,0.5,0.5,void Kokkos::Impl::cuda_parallel_launch_constant_memory<Kokkos::Impl::ParallelFo...
a100,sm80,other,,64,0,0,no,0.5,0.5,0.5,void Kokkos::Impl::cuda_parallel_launch_local_memory<Kokkos::Impl::ParallelFor<K...
a100,sm80,other,,64,0,0,no,0.5,0.5,0.5,void Kokkos::Impl::cuda_parallel_launch_local_memory<Kokkos::Impl::ParallelFor<K...
a100,sm80,other,,63,8,0,no,0.5,0.5,0.5,void Kokkos::Impl::cuda_parallel_launch_global_memory<Kokkos::Impl::ParallelFor<...
a100,sm80,other,,63,0,0,no,0.5,0.5,0.5,void Kokkos::Impl::cuda_parallel_launch_constant_memory<Kokkos::Impl::ParallelFo...
a100,sm80,other,,63,0,0,no,0.5,0.5,0.5,void Kokkos::Impl::cuda_parallel_launch_constant_memory<Kokkos::Impl::ParallelFo...
a100,sm80,other,,63,0,0,no,0.5,0.5,0.5,void Kokkos::Impl::cuda_parallel_launch_constant_memory<Kokkos::Impl::ParallelFo...
a100,sm80,other,,62,0,0,no,0.5,0.5,0.5,void Kokkos::Impl::cuda_parallel_launch_constant_memory<Kokkos::Impl::ParallelFo...
a100,sm80,other,,62,16,16,yes,0.5,0.5,0.5,void Kokkos::Impl::cuda_parallel_launch_local_memory<Kokkos::Impl::ParallelFor<p...
a100,sm80,other,,62,0,0,no,0.5,0.5,0.5,void Kokkos::Impl::cuda_parallel_launch_local_memory<Kokkos::Impl::ParallelFor<p...
a100,sm80,other,,62,0,0,no,0.5,0.5,0.5,void Kokkos::Impl::cuda_parallel_launch_constant_memory<Kokkos::Impl::ParallelRe...
a100,sm80,other,,62,0,0,no,0.5,0.5,0.5,void Kokkos::Impl::cuda_parallel_launch_local_memory<Kokkos::Impl::ParallelFor<p...
a100,sm80,other,,60,0,0,no,0.5,0.5,0.5,void Kokkos::Impl::cuda_parallel_launch_local_memory<Kokkos::Impl::ParallelFor<p...
a100,sm80,other,,60,0,0,no,0.5,0.5,0.5,void Kokkos::Impl::cuda_parallel_launch_local_memory<Kokkos::Impl::ParallelReduc...
a100,sm80,other,,60,0,48,yes,0.5,0.5,0.5,void Kokkos::Impl::cuda_parallel_launch_constant_memory<Kokkos::Impl::ParallelFo...
a100,sm80,other,,59,16,16,yes,0.5,0.5,0.5,void Kokkos::Impl::cuda_parallel_launch_local_memory<Kokkos::Impl::ParallelFor<p...
a100,sm80,other,,58,0,0,no,0.5,0.5,0.5,void Kokkos::Impl::cuda_parallel_launch_local_memory<Kokkos::Impl::ParallelFor<p...
a100,sm80,other,,57,0,0,no,0.5,0.5,0.5,void Kokkos::Impl::cuda_parallel_launch_local_memory<Kokkos::Impl::ParallelFor<p...
a100,sm80,other,,57,0,0,no,0.5,0.5,0.5,void Kokkos::Impl::cuda_parallel_launch_local_memory<Kokkos::Impl::ParallelFor<p...
a100,sm80,other,,57,0,0,no,0.5,0.5,0.5,void Kokkos::Impl::cuda_parallel_launch_local_memory<Kokkos::Impl::ParallelFor<p...
a100,sm80,other,,57,0,0,no,0.5,0.5,0.5,void Kokkos::Impl::cuda_parallel_launch_local_memory<Kokkos::Impl::ParallelFor<p...
a100,sm80,other,,56,0,0,no,0.562,0.5,0.5,void Kokkos::Impl::cuda_parallel_launch_local_memory<Kokkos::Impl::ParallelFor<p...
a100,sm80,other,,56,0,72,yes,0.562,0.5,0.5,void Kokkos::Impl::cuda_parallel_launch_local_memory<Kokkos::Impl::ParallelFor<p...
a100,sm80,other,,56,0,72,yes,0.562,0.5,0.5,void Kokkos::Impl::cuda_parallel_launch_local_memory<Kokkos::Impl::ParallelFor<p...
a100,sm80,other,,56,0,72,yes,0.562,0.5,0.5,void Kokkos::Impl::cuda_parallel_launch_local_memory<Kokkos::Impl::ParallelFor<p...
a100,sm80,other,,56,0,72,yes,0.562,0.5,0.5,void Kokkos::Impl::cuda_parallel_launch_local_memory<Kokkos::Impl::ParallelFor<p...
a100,sm80,other,,56,0,72,yes,0.562,0.5,0.5,void Kokkos::Impl::cuda_parallel_launch_local_memory<Kokkos::Impl::ParallelFor<p...
a100,sm80,other,,56,0,72,yes,0.562,0.5,0.5,void Kokkos::Impl::cuda_parallel_launch_local_memory<Kokkos::Impl::ParallelFor<p...
a100,sm80,other,,56,0,72,yes,0.562,0.5,0.5,void Kokkos::Impl::cuda_parallel_launch_local_memory<Kokkos::Impl::ParallelFor<p...
a100,sm80,other,,56,0,72,yes,0.562,0.5,0.5,void Kokkos::Impl::cuda_parallel_launch_local_memory<Kokkos::Impl::ParallelFor<p...
a100,sm80,other,,56,0,72,yes,0.562,0.5,0.5,void Kokkos::Impl::cuda_parallel_launch_local_memory<Kokkos::Impl::ParallelFor<p...
a100,sm80,other,,56,0,72,yes,0.562,0.5,0.5,void Kokkos::Impl::cuda_parallel_launch_local_memory<Kokkos::Impl::ParallelFor<p...
a100,sm80,other,,56,0,72,yes,0.562,0.5,0.5,void Kokkos::Impl::cuda_parallel_launch_local_memory<Kokkos::Impl::ParallelFor<p...
a100,sm80,other,,56,0,72,yes,0.562,0.5,0.5,void Kokkos::Impl::cuda_parallel_launch_local_memory<Kokkos::Impl::ParallelFor<p...
a100,sm80,other,,56,0,0,no,0.562,0.5,0.5,void Kokkos::Impl::cuda_parallel_launch_local_memory<Kokkos::Impl::ParallelFor<p...
a100,sm80,other,,56,0,0,no,0.562,0.5,0.5,void Kokkos::Impl::cuda_parallel_launch_local_memory<Kokkos::Impl::ParallelFor<p...
a100,sm80,other,,56,0,0,no,0.562,0.5,0.5,void Kokkos::Impl::cuda_parallel_launch_constant_memory<Kokkos::Impl::ParallelFo...
a100,sm80,other,,56,0,0,no,0.562,0.5,0.5,void Kokkos::Impl::cuda_parallel_launch_constant_memory<Kokkos::Impl::ParallelFo...
a100,sm80,other,,56,0,0,no,0.562,0.5,0.5,void Kokkos::Impl::cuda_parallel_launch_constant_memory<Kokkos::Impl::ParallelFo...
a100,sm80,other,,55,0,0,no,0.562,0.5,0.5,void Kokkos::Impl::cuda_parallel_launch_local_memory<Kokkos::Impl::ParallelReduc...
a100,sm80,other,,55,0,0,no,0.562,0.5,0.5,void Kokkos::Impl::cuda_parallel_launch_constant_memory<Kokkos::Impl::ParallelFo...
a100,sm80,other,,54,0,0,no,0.562,0.5,0.5,void Kokkos::Impl::cuda_parallel_launch_local_memory<Kokkos::Impl::ParallelFor<p...
a100,sm80,other,,54,0,0,no,0.562,0.5,0.5,void Kokkos::Impl::cuda_parallel_launch_local_memory<Kokkos::Impl::ParallelFor<p...
a100,sm80,other,,54,16,16,yes,0.562,0.5,0.5,void Kokkos::Impl::cuda_parallel_launch_local_memory<Kokkos::Impl::ParallelFor<p...
a100,sm80,other,,54,0,0,no,0.562,0.5,0.5,void Kokkos::Impl::cuda_parallel_launch_local_memory<Kokkos::Impl::ParallelFor<p...
a100,sm80,other,,54,0,0,no,0.562,0.5,0.5,void Kokkos::Impl::cuda_parallel_launch_constant_memory<Kokkos::Impl::ParallelFo...
a100,sm80,other,,53,0,0,no,0.562,0.5,0.5,void Kokkos::Impl::cuda_parallel_launch_local_memory<Kokkos::Impl::ParallelFor<p...
a100,sm80,other,,52,8,0,no,0.562,0.5,0.5,void Kokkos::Impl::cuda_parallel_launch_global_memory<Kokkos::Impl::ParallelFor<...
a100,sm80,other,,52,0,0,no,0.562,0.5,0.5,void Kokkos::Impl::cuda_parallel_launch_local_memory<Kokkos::Impl::ParallelFor<p...
a100,sm80,other,,52,0,0,no,0.562,0.5,0.5,void Kokkos::Impl::cuda_parallel_launch_local_memory<Kokkos::Impl::ParallelFor<p...
a100,sm80,other,,51,0,0,no,0.562,0.5,0.5,void Kokkos::Impl::cuda_parallel_launch_constant_memory<Kokkos::Impl::ParallelFo...
a100,sm80,other,,50,8,0,no,0.562,0.5,0.5,void Kokkos::Impl::cuda_parallel_launch_global_memory<Kokkos::Impl::ParallelFor<...
a100,sm80,other,,50,16,16,yes,0.562,0.5,0.5,void Kokkos::Impl::cuda_parallel_launch_constant_memory<Kokkos::Impl::ParallelFo...
a100,sm80,other,,49,16,16,yes,0.562,0.5,0.5,void Kokkos::Impl::cuda_parallel_launch_constant_memory<Kokkos::Impl::ParallelFo...
a100,sm80,other,,48,8,0,no,0.625,0.625,0.5,void Kokkos::Impl::cuda_parallel_launch_global_memory<Kokkos::Impl::ParallelFor<...
a100,sm80,other,,48,8,0,no,0.625,0.625,0.5,void Kokkos::Impl::cuda_parallel_launch_global_memory<Kokkos::Impl::ParallelFor<...
a100,sm80,other,,48,8,0,no,0.625,0.625,0.5,void Kokkos::Impl::cuda_parallel_launch_global_memory<Kokkos::Impl::ParallelFor<...
a100,sm80,other,,48,0,0,no,0.625,0.625,0.5,void Kokkos::Impl::cuda_parallel_launch_local_memory<Kokkos::Impl::ParallelFor<p...
a100,sm80,other,,48,0,0,no,0.625,0.625,0.5,void Kokkos::Impl::cuda_parallel_launch_local_memory<Kokkos::Impl::ParallelFor<p...
a100,sm80,other,,48,0,0,no,0.625,0.625,0.5,void Kokkos::Impl::cuda_parallel_launch_local_memory<Kokkos::Impl::ParallelFor<K...
a100,sm80,other,,48,0,0,no,0.625,0.625,0.5,void Kokkos::Impl::cuda_parallel_launch_constant_memory<Kokkos::Impl::ParallelFo...
a100,sm80,other,,48,0,0,no,0.625,0.625,0.5,void Kokkos::Impl::cuda_parallel_launch_local_memory<Kokkos::Impl::ParallelFor<K...
a100,sm80,other,,48,0,0,no,0.625,0.625,0.5,void Kokkos::Impl::cuda_parallel_launch_local_memory<Kokkos::Impl::ParallelReduc...
a100,sm80,other,,48,0,0,no,0.625,0.625,0.5,void Kokkos::Impl::cuda_parallel_launch_local_memory<Kokkos::Impl::ParallelFor<K...
a100,sm80,other,,48,0,0,no,0.625,0.625,0.5,void Kokkos::Impl::cuda_parallel_launch_local_memory<Kokkos::Impl::ParallelFor<K...
a100,sm80,other,,48,0,0,no,0.625,0.625,0.5,void Kokkos::Impl::cuda_parallel_launch_local_memory<Kokkos::Impl::ParallelFor<K...
a100,sm80,other,,48,0,0,no,0.625,0.625,0.5,void Kokkos::Impl::cuda_parallel_launch_local_memory<Kokkos::Impl::ParallelFor<K...
a100,sm80,other,,48,0,0,no,0.625,0.625,0.5,void Kokkos::Impl::cuda_parallel_launch_local_memory<Kokkos::Impl::ParallelFor<K...
a100,sm80,other,,48,0,0,no,0.625,0.625,0.5,void Kokkos::Impl::cuda_parallel_launch_local_memory<Kokkos::Impl::ParallelFor<K...
a100,sm80,other,,48,0,0,no,0.625,0.625,0.5,void Kokkos::Impl::cuda_parallel_launch_constant_memory<Kokkos::Impl::ParallelFo...
a100,sm80,other,,48,0,0,no,0.625,0.625,0.5,void Kokkos::Impl::cuda_parallel_launch_local_memory<Kokkos::Impl::ParallelFor<K...
a100,sm80,other,,48,0,0,no,0.625,0.625,0.5,void Kokkos::Impl::cuda_parallel_launch_local_memory<Kokkos::Impl::ParallelFor<K...
a100,sm80,other,,48,0,0,no,0.625,0.625,0.5,void Kokkos::Impl::cuda_parallel_launch_local_memory<Kokkos::Impl::ParallelFor<K...
a100,sm80,other,,48,0,0,no,0.625,0.625,0.5,void Kokkos::Impl::cuda_parallel_launch_local_memory<Kokkos::Impl::ParallelFor<p...
a100,sm80,other,,48,0,0,no,0.625,0.625,0.5,void Kokkos::Impl::cuda_parallel_launch_local_memory<Kokkos::Impl::ParallelFor<p...
a100,sm80,other,,48,0,0,no,0.625,0.625,0.5,void Kokkos::Impl::cuda_parallel_launch_local_memory<Kokkos::Impl::ParallelFor<p...
a100,sm80,other,,48,0,0,no,0.625,0.625,0.5,void Kokkos::Impl::cuda_parallel_launch_local_memory<Kokkos::Impl::ParallelFor<K...
a100,sm80,other,,48,0,0,no,0.625,0.625,0.5,void Kokkos::Impl::cuda_parallel_launch_local_memory<Kokkos::Impl::ParallelFor<p...
a100,sm80,other,,48,0,0,no,0.625,0.625,0.5,void Kokkos::Impl::cuda_parallel_launch_local_memory<Kokkos::Impl::ParallelFor<K...
a100,sm80,other,,48,0,0,no,0.625,0.625,0.5,void Kokkos::Impl::cuda_parallel_launch_constant_memory<Kokkos::Impl::ParallelFo...
a100,sm80,other,,48,0,0,no,0.625,0.625,0.5,void Kokkos::Impl::cuda_parallel_launch_local_memory<Kokkos::Impl::ParallelFor<p...
a100,sm80,other,,48,0,0,no,0.625,0.625,0.5,void Kokkos::Impl::cuda_parallel_launch_local_memory<Kokkos::Impl::ParallelFor<K...
a100,sm80,other,,48,0,48,yes,0.625,0.625,0.5,void Kokkos::Impl::cuda_parallel_launch_local_memory<Kokkos::Impl::ParallelFor<p...
a100,sm80,other,,48,0,0,no,0.625,0.625,0.5,void Kokkos::Impl::cuda_parallel_launch_local_memory<Kokkos::Impl::ParallelFor<K...
a100,sm80,other,,48,0,0,no,0.625,0.625,0.5,void Kokkos::Impl::cuda_parallel_launch_local_memory<Kokkos::Impl::ParallelFor<K...
a100,sm80,other,,48,0,0,no,0.625,0.625,0.5,void Kokkos::Impl::cuda_parallel_launch_local_memory<Kokkos::Impl::ParallelFor<K...
a100,sm80,other,,48,0,0,no,0.625,0.625,0.5,void Kokkos::Impl::cuda_parallel_launch_local_memory<Kokkos::Impl::ParallelFor<K...
a100,sm80,other,,48,0,408,yes,0.625,0.625,0.5,void Kokkos::Impl::cuda_parallel_launch_local_memory<Kokkos::Impl::ParallelReduc...
a100,sm80,other,,48,0,0,no,0.625,0.625,0.5,void Kokkos::Impl::cuda_parallel_launch_local_memory<Kokkos::Impl::ParallelFor<p...
a100,sm80,other,,48,0,0,no,0.625,0.625,0.5,void Kokkos::Impl::cuda_parallel_launch_local_memory<Kokkos::Impl::ParallelFor<K...
a100,sm80,other,,48,0,0,no,0.625,0.625,0.5,void Kokkos::Impl::cuda_parallel_launch_constant_memory<Kokkos::Impl::ParallelFo...
a100,sm80,other,,48,0,0,no,0.625,0.625,0.5,void Kokkos::Impl::cuda_parallel_launch_constant_memory<Kokkos::Impl::ParallelFo...
a100,sm80,other,,47,0,0,no,0.625,0.625,0.5,void Kokkos::Impl::cuda_parallel_launch_local_memory<Kokkos::Impl::ParallelFor<p...
a100,sm80,other,,47,0,0,no,0.625,0.625,0.5,void Kokkos::Impl::cuda_parallel_launch_local_memory<Kokkos::Impl::ParallelFor<p...
a100,sm80,other,,47,0,0,no,0.625,0.625,0.5,void Kokkos::Impl::cuda_parallel_launch_local_memory<Kokkos::Impl::ParallelFor<p...
a100,sm80,other,,46,0,0,no,0.625,0.625,0.5,void Kokkos::Impl::cuda_parallel_launch_constant_memory<Kokkos::Impl::ParallelFo...
a100,sm80,other,,46,0,0,no,0.625,0.625,0.5,void Kokkos::Impl::cuda_parallel_launch_constant_memory<Kokkos::Impl::ParallelFo...
a100,sm80,other,,46,0,0,no,0.625,0.625,0.5,void Kokkos::Impl::cuda_parallel_launch_constant_memory<Kokkos::Impl::ParallelFo...
a100,sm80,other,,46,0,0,no,0.625,0.625,0.5,void Kokkos::Impl::cuda_parallel_launch_constant_memory<Kokkos::Impl::ParallelFo...
a100,sm80,other,,46,0,0,no,0.625,0.625,0.5,void Kokkos::Impl::cuda_parallel_launch_constant_memory<Kokkos::Impl::ParallelFo...
a100,sm80,other,,46,0,0,no,0.625,0.625,0.5,void Kokkos::Impl::cuda_parallel_launch_constant_memory<Kokkos::Impl::ParallelFo...
a100,sm80,other,,46,0,0,no,0.625,0.625,0.5,void Kokkos::Impl::cuda_parallel_launch_constant_memory<Kokkos::Impl::ParallelFo...
a100,sm80,other,,46,0,0,no,0.625,0.625,0.5,void Kokkos::Impl::cuda_parallel_launch_constant_memory<Kokkos::Impl::ParallelFo...
a100,sm80,other,,46,0,0,no,0.625,0.625,0.5,void Kokkos::Impl::cuda_parallel_launch_constant_memory<Kokkos::Impl::ParallelFo...
a100,sm80,other,,46,0,0,no,0.625,0.625,0.5,void Kokkos::Impl::cuda_parallel_launch_constant_memory<Kokkos::Impl::ParallelFo...
a100,sm80,other,,46,0,0,no,0.625,0.625,0.5,void Kokkos::Impl::cuda_parallel_launch_constant_memory<Kokkos::Impl::ParallelFo...
a100,sm80,other,,46,0,0,no,0.625,0.625,0.5,void Kokkos::Impl::cuda_parallel_launch_constant_memory<Kokkos::Impl::ParallelFo...
a100,sm80,other,,46,0,0,no,0.625,0.625,0.5,void Kokkos::Impl::cuda_parallel_launch_constant_memory<Kokkos::Impl::ParallelFo...
a100,sm80,other,,46,0,0,no,0.625,0.625,0.5,void Kokkos::Impl::cuda_parallel_launch_local_memory<Kokkos::Impl::ParallelFor<K...
a100,sm80,other,,46,0,0,no,0.625,0.625,0.5,void Kokkos::Impl::cuda_parallel_launch_local_memory<Kokkos::Impl::ParallelFor<p...
a100,sm80,other,,46,0,48,yes,0.625,0.625,0.5,void Kokkos::Impl::cuda_parallel_launch_local_memory<Kokkos::Impl::ParallelFor<p...
a100,sm80,other,,46,8,0,no,0.625,0.625,0.5,void Kokkos::Impl::cuda_parallel_launch_constant_memory<Kokkos::Impl::ParallelFo...
a100,sm80,other,,46,0,0,no,0.625,0.625,0.5,void Kokkos::Impl::cuda_parallel_launch_local_memory<Kokkos::Impl::ParallelFor<p...
a100,sm80,other,,46,0,0,no,0.625,0.625,0.5,void Kokkos::Impl::cuda_parallel_launch_local_memory<Kokkos::Impl::ParallelFor<p...
a100,sm80,other,,45,0,0,no,0.625,0.625,0.5,void Kokkos::Impl::cuda_parallel_launch_local_memory<Kokkos::Impl::ParallelFor<p...
a100,sm80,other,,45,0,0,no,0.625,0.625,0.5,void Kokkos::Impl::cuda_parallel_launch_local_memory<Kokkos::Impl::ParallelFor<K...
a100,sm80,other,,44,8,0,no,0.625,0.625,0.5,void Kokkos::Impl::cuda_parallel_launch_constant_memory<Kokkos::Impl::ParallelFo...
a100,sm80,other,,44,8,0,no,0.625,0.625,0.5,void Kokkos::Impl::cuda_parallel_launch_global_memory<Kokkos::Impl::ParallelFor<...
a100,sm80,other,,44,0,0,no,0.625,0.625,0.5,void Kokkos::Impl::cuda_parallel_launch_local_memory<Kokkos::Impl::ParallelFor<K...
a100,sm80,other,,44,0,0,no,0.625,0.625,0.5,void Kokkos::Impl::cuda_parallel_launch_local_memory<Kokkos::Impl::ParallelFor<K...
a100,sm80,other,,44,0,0,no,0.625,0.625,0.5,void Kokkos::Impl::cuda_parallel_launch_constant_memory<Kokkos::Impl::ParallelFo...
a100,sm80,other,,44,0,0,no,0.625,0.625,0.5,void Kokkos::Impl::cuda_parallel_launch_local_memory<Kokkos::Impl::ParallelFor<K...
a100,sm80,other,,44,0,0,no,0.625,0.625,0.5,void Kokkos::Impl::cuda_parallel_launch_local_memory<Kokkos::Impl::ParallelFor<K...
a100,sm80,other,,44,0,0,no,0.625,0.625,0.5,void Kokkos::Impl::cuda_parallel_launch_local_memory<Kokkos::Impl::ParallelFor<K...
a100,sm80,other,,44,0,0,no,0.625,0.625,0.5,void Kokkos::Impl::cuda_parallel_launch_local_memory<Kokkos::Impl::ParallelFor<K...
a100,sm80,other,,44,0,0,no,0.625,0.625,0.5,void Kokkos::Impl::cuda_parallel_launch_local_memory<Kokkos::Impl::ParallelFor<K...
a100,sm80,other,,44,0,0,no,0.625,0.625,0.5,void Kokkos::Impl::cuda_parallel_launch_local_memory<Kokkos::Impl::ParallelFor<K...
a100,sm80,other,,44,0,0,no,0.625,0.625,0.5,void Kokkos::Impl::cuda_parallel_launch_local_memory<Kokkos::Impl::ParallelFor<K...
a100,sm80,other,,44,0,0,no,0.625,0.625,0.5,void Kokkos::Impl::cuda_parallel_launch_local_memory<Kokkos::Impl::ParallelFor<K...
a100,sm80,other,,44,0,0,no,0.625,0.625,0.5,void Kokkos::Impl::cuda_parallel_launch_local_memory<Kokkos::Impl::ParallelFor<K...
a100,sm80,other,,44,0,0,no,0.625,0.625,0.5,void Kokkos::Impl::cuda_parallel_launch_local_memory<Kokkos::Impl::ParallelFor<K...
a100,sm80,other,,44,0,48,yes,0.625,0.625,0.5,void Kokkos::Impl::cuda_parallel_launch_local_memory<Kokkos::Impl::ParallelFor<p...
a100,sm80,other,,44,0,0,no,0.625,0.625,0.5,void Kokkos::Impl::cuda_parallel_launch_constant_memory<Kokkos::Impl::ParallelFo...
a100,sm80,other,,44,0,0,no,0.625,0.625,0.5,void Kokkos::Impl::cuda_parallel_launch_local_memory<Kokkos::Impl::ParallelFor<p...
a100,sm80,other,,44,0,0,no,0.625,0.625,0.5,void Kokkos::Impl::cuda_parallel_launch_constant_memory<Kokkos::Impl::ParallelFo...
a100,sm80,other,,44,0,0,no,0.625,0.625,0.5,void Kokkos::Impl::cuda_parallel_launch_local_memory<Kokkos::Impl::ParallelFor<K...
a100,sm80,other,,44,0,0,no,0.625,0.625,0.5,void Kokkos::Impl::cuda_parallel_launch_local_memory<Kokkos::Impl::ParallelFor<K...
a100,sm80,other,,44,0,0,no,0.625,0.625,0.5,void Kokkos::Impl::cuda_parallel_launch_local_memory<Kokkos::Impl::ParallelFor<K...
a100,sm80,other,,44,0,0,no,0.625,0.625,0.5,void Kokkos::Impl::cuda_parallel_launch_local_memory<Kokkos::Impl::ParallelFor<K...
a100,sm80,other,,44,0,0,no,0.625,0.625,0.5,void Kokkos::Impl::cuda_parallel_launch_local_memory<Kokkos::Impl::ParallelFor<K...
a100,sm80,other,,44,0,0,no,0.625,0.625,0.5,void Kokkos::Impl::cuda_parallel_launch_local_memory<Kokkos::Impl::ParallelFor<K...
a100,sm80,other,,44,0,0,no,0.625,0.625,0.5,void Kokkos::Impl::cuda_parallel_launch_local_memory<Kokkos::Impl::ParallelFor<K...
a100,sm80,other,,44,0,0,no,0.625,0.625,0.5,void Kokkos::Impl::cuda_parallel_launch_local_memory<Kokkos::Impl::ParallelFor<K...
a100,sm80,other,,44,0,0,no,0.625,0.625,0.5,void Kokkos::Impl::cuda_parallel_launch_local_memory<Kokkos::Impl::ParallelFor<K...
a100,sm80,other,,44,0,0,no,0.625,0.625,0.5,void Kokkos::Impl::cuda_parallel_launch_local_memory<Kokkos::Impl::ParallelFor<K...
a100,sm80,other,,44,0,0,no,0.625,0.625,0.5,void Kokkos::Impl::cuda_parallel_launch_local_memory<Kokkos::Impl::ParallelFor<K...
a100,sm80,other,,44,0,0,no,0.625,0.625,0.5,void Kokkos::Impl::cuda_parallel_launch_local_memory<Kokkos::Impl::ParallelFor<K...
a100,sm80,other,,44,0,0,no,0.625,0.625,0.5,void Kokkos::Impl::cuda_parallel_launch_local_memory<Kokkos::Impl::ParallelFor<K...
a100,sm80,other,,44,0,0,no,0.625,0.625,0.5,void Kokkos::Impl::cuda_parallel_launch_local_memory<Kokkos::Impl::ParallelFor<K...
a100,sm80,other,,44,0,0,no,0.625,0.625,0.5,void Kokkos::Impl::cuda_parallel_launch_local_memory<Kokkos::Impl::ParallelFor<K...
a100,sm80,other,,44,0,0,no,0.625,0.625,0.5,void Kokkos::Impl::cuda_parallel_launch_local_memory<Kokkos::Impl::ParallelFor<K...
a100,sm80,other,,44,0,0,no,0.625,0.625,0.5,void Kokkos::Impl::cuda_parallel_launch_local_memory<Kokkos::Impl::ParallelFor<K...
a100,sm80,other,,44,0,0,no,0.625,0.625,0.5,void Kokkos::Impl::cuda_parallel_launch_local_memory<Kokkos::Impl::ParallelFor<K...
a100,sm80,other,,44,0,0,no,0.625,0.625,0.5,void Kokkos::Impl::cuda_parallel_launch_local_memory<Kokkos::Impl::ParallelFor<p...
a100,sm80,other,,44,0,0,no,0.625,0.625,0.5,void Kokkos::Impl::cuda_parallel_launch_constant_memory<Kokkos::Impl::ParallelFo...
a100,sm80,other,,44,0,0,no,0.625,0.625,0.5,void Kokkos::Impl::cuda_parallel_launch_constant_memory<Kokkos::Impl::ParallelFo...
a100,sm80,other,,44,0,0,no,0.625,0.625,0.5,void Kokkos::Impl::cuda_parallel_launch_constant_memory<Kokkos::Impl::ParallelFo...
a100,sm80,other,,43,0,0,no,0.625,0.625,0.5,void Kokkos::Impl::cuda_parallel_launch_local_memory<Kokkos::Impl::ParallelFor<p...
a100,sm80,other,,43,0,0,no,0.625,0.625,0.5,void Kokkos::Impl::cuda_parallel_launch_local_memory<Kokkos::Impl::ParallelFor<K...
a100,sm80,other,,43,0,0,no,0.625,0.625,0.5,void Kokkos::Impl::cuda_parallel_launch_local_memory<Kokkos::Impl::ParallelFor<K...
a100,sm80,other,,42,8,0,no,0.625,0.625,0.5,void Kokkos::Impl::cuda_parallel_launch_global_memory<Kokkos::Impl::ParallelFor<...
a100,sm80,other,,42,0,0,no,0.625,0.625,0.5,void Kokkos::Impl::cuda_parallel_launch_local_memory<Kokkos::Impl::ParallelReduc...
a100,sm80,other,,42,0,0,no,0.625,0.625,0.5,void Kokkos::Impl::cuda_parallel_launch_local_memory<Kokkos::Impl::ParallelReduc...
a100,sm80,other,,41,0,0,no,0.625,0.625,0.5,void Kokkos::Impl::cuda_parallel_launch_local_memory<Kokkos::Impl::ParallelFor<p...
a100,sm80,other,,41,0,0,no,0.625,0.625,0.5,void Kokkos::Impl::cuda_parallel_launch_local_memory<Kokkos::Impl::ParallelFor<p...
a100,sm80,other,,40,8,0,no,0.75,0.75,0.75,void Kokkos::Impl::cuda_parallel_launch_global_memory<Kokkos::Impl::ParallelFor<...
a100,sm80,other,,40,8,0,no,0.75,0.75,0.75,void Kokkos::Impl::cuda_parallel_launch_global_memory<Kokkos::Impl::ParallelFor<...
a100,sm80,other,,40,0,0,no,0.75,0.75,0.75,void Kokkos::Impl::cuda_parallel_launch_local_memory<Kokkos::Impl::ParallelFor<p...
a100,sm80,other,,40,0,0,no,0.75,0.75,0.75,void Kokkos::Impl::cuda_parallel_launch_local_memory<Kokkos::Impl::ParallelFor<p...
a100,sm80,other,,40,0,0,no,0.75,0.75,0.75,void Kokkos::Impl::cuda_parallel_launch_local_memory<Kokkos::Impl::ParallelFor<p...
a100,sm80,other,,40,0,0,no,0.75,0.75,0.75,void Kokkos::Impl::cuda_parallel_launch_local_memory<Kokkos::Impl::ParallelFor<p...
a100,sm80,other,,40,0,0,no,0.75,0.75,0.75,void Kokkos::Impl::cuda_parallel_launch_local_memory<Kokkos::Impl::ParallelFor<p...
a100,sm80,other,,40,0,0,no,0.75,0.75,0.75,void Kokkos::Impl::cuda_parallel_launch_local_memory<Kokkos::Impl::ParallelFor<p...
a100,sm80,other,,40,0,0,no,0.75,0.75,0.75,void Kokkos::Impl::cuda_parallel_launch_local_memory<Kokkos::Impl::ParallelFor<p...
a100,sm80,other,,40,0,0,no,0.75,0.75,0.75,void Kokkos::Impl::cuda_parallel_launch_local_memory<Kokkos::Impl::ParallelFor<p...
a100,sm80,other,,40,0,0,no,0.75,0.75,0.75,void Kokkos::Impl::cuda_parallel_launch_local_memory<Kokkos::Impl::ParallelFor<p...
a100,sm80,other,,40,0,0,no,0.75,0.75,0.75,void Kokkos::Impl::cuda_parallel_launch_local_memory<Kokkos::Impl::ParallelFor<p...
a100,sm80,other,,40,0,0,no,0.75,0.75,0.75,void Kokkos::Impl::cuda_parallel_launch_local_memory<Kokkos::Impl::ParallelFor<p...
a100,sm80,other,,40,0,0,no,0.75,0.75,0.75,void Kokkos::Impl::cuda_parallel_launch_local_memory<Kokkos::Impl::ParallelFor<K...
a100,sm80,other,,40,0,0,no,0.75,0.75,0.75,void Kokkos::Impl::cuda_parallel_launch_local_memory<Kokkos::Impl::ParallelFor<K...
a100,sm80,other,,40,0,0,no,0.75,0.75,0.75,void Kokkos::Impl::cuda_parallel_launch_local_memory<Kokkos::Impl::ParallelFor<K...
a100,sm80,other,,40,0,0,no,0.75,0.75,0.75,void Kokkos::Impl::cuda_parallel_launch_local_memory<Kokkos::Impl::ParallelFor<K...
a100,sm80,other,,40,0,0,no,0.75,0.75,0.75,void Kokkos::Impl::cuda_parallel_launch_local_memory<Kokkos::Impl::ParallelFor<K...
a100,sm80,other,,40,0,0,no,0.75,0.75,0.75,void Kokkos::Impl::cuda_parallel_launch_local_memory<Kokkos::Impl::ParallelFor<p...
a100,sm80,other,,40,0,0,no,0.75,0.75,0.75,void Kokkos::Impl::cuda_parallel_launch_constant_memory<Kokkos::Impl::ParallelFo...
a100,sm80,other,,40,0,0,no,0.75,0.75,0.75,void Kokkos::Impl::cuda_parallel_launch_local_memory<Kokkos::Impl::ParallelFor<p...
a100,sm80,other,,40,0,0,no,0.75,0.75,0.75,void Kokkos::Impl::cuda_parallel_launch_constant_memory<Kokkos::Impl::ParallelFo...
a100,sm80,other,,40,0,0,no,0.75,0.75,0.75,void Kokkos::Impl::cuda_parallel_launch_local_memory<Kokkos::Impl::ParallelFor<K...
a100,sm80,other,,40,0,0,no,0.75,0.75,0.75,void Kokkos::Impl::cuda_parallel_launch_local_memory<Kokkos::Impl::ParallelFor<p...
a100,sm80,other,,40,0,0,no,0.75,0.75,0.75,void Kokkos::Impl::cuda_parallel_launch_local_memory<Kokkos::Impl::ParallelFor<K...
a100,sm80,other,,40,0,48,yes,0.75,0.75,0.75,void Kokkos::Impl::cuda_parallel_launch_constant_memory<Kokkos::Impl::ParallelFo...
a100,sm80,other,,40,0,0,no,0.75,0.75,0.75,void Kokkos::Impl::cuda_parallel_launch_local_memory<Kokkos::Impl::ParallelFor<K...
a100,sm80,other,,40,0,0,no,0.75,0.75,0.75,void Kokkos::Impl::cuda_parallel_launch_local_memory<Kokkos::Impl::ParallelFor<p...
a100,sm80,other,,40,0,0,no,0.75,0.75,0.75,void Kokkos::Impl::cuda_parallel_launch_local_memory<Kokkos::Impl::ParallelFor<p...
a100,sm80,other,,40,0,48,yes,0.75,0.75,0.75,void Kokkos::Impl::cuda_parallel_launch_local_memory<Kokkos::Impl::ParallelFor<p...
a100,sm80,other,,40,0,48,yes,0.75,0.75,0.75,void Kokkos::Impl::cuda_parallel_launch_local_memory<Kokkos::Impl::ParallelFor<p...
a100,sm80,other,,40,0,0,no,0.75,0.75,0.75,void Kokkos::Impl::cuda_parallel_launch_local_memory<Kokkos::Impl::ParallelFor<K...
a100,sm80,other,,40,0,0,no,0.75,0.75,0.75,void Kokkos::Impl::cuda_parallel_launch_local_memory<Kokkos::Impl::ParallelFor<K...
a100,sm80,other,,40,0,0,no,0.75,0.75,0.75,void Kokkos::Impl::cuda_parallel_launch_local_memory<Kokkos::Impl::ParallelFor<K...
a100,sm80,other,,40,0,0,no,0.75,0.75,0.75,void Kokkos::Impl::cuda_parallel_launch_local_memory<Kokkos::Impl::ParallelFor<K...
a100,sm80,other,,40,0,0,no,0.75,0.75,0.75,void Kokkos::Impl::cuda_parallel_launch_local_memory<Kokkos::Impl::ParallelFor<K...
a100,sm80,other,,40,0,0,no,0.75,0.75,0.75,void Kokkos::Impl::cuda_parallel_launch_local_memory<Kokkos::Impl::ParallelFor<K...
a100,sm80,other,,40,0,0,no,0.75,0.75,0.75,void Kokkos::Impl::cuda_parallel_launch_local_memory<Kokkos::Impl::ParallelFor<K...
a100,sm80,other,,40,0,0,no,0.75,0.75,0.75,void Kokkos::Impl::cuda_parallel_launch_local_memory<Kokkos::Impl::ParallelFor<K...
a100,sm80,other,,40,0,0,no,0.75,0.75,0.75,void Kokkos::Impl::cuda_parallel_launch_local_memory<Kokkos::Impl::ParallelFor<K...
a100,sm80,other,,40,0,0,no,0.75,0.75,0.75,void Kokkos::Impl::cuda_parallel_launch_local_memory<Kokkos::Impl::ParallelReduc...
a100,sm80,other,,40,0,0,no,0.75,0.75,0.75,void Kokkos::Impl::cuda_parallel_launch_constant_memory<Kokkos::Impl::ParallelFo...
a100,sm80,other,,40,0,0,no,0.75,0.75,0.75,void Kokkos::Impl::cuda_parallel_launch_local_memory<Kokkos::Impl::ParallelFor<K...
a100,sm80,other,,40,0,0,no,0.75,0.75,0.75,void Kokkos::Impl::cuda_parallel_launch_local_memory<Kokkos::Impl::ParallelFor<p...
a100,sm80,other,,40,0,0,no,0.75,0.75,0.75,void Kokkos::Impl::cuda_parallel_launch_local_memory<Kokkos::Impl::ParallelFor<K...
a100,sm80,other,,39,8,0,no,0.75,0.75,0.75,void Kokkos::Impl::cuda_parallel_launch_constant_memory<Kokkos::Impl::ParallelFo...
a100,sm80,other,,39,8,0,no,0.75,0.75,0.75,void Kokkos::Impl::cuda_parallel_launch_global_memory<Kokkos::Impl::ParallelFor<...
a100,sm80,other,,39,0,0,no,0.75,0.75,0.75,void Kokkos::Impl::cuda_parallel_launch_constant_memory<Kokkos::Impl::ParallelFo...
a100,sm80,other,,39,0,0,no,0.75,0.75,0.75,void Kokkos::Impl::cuda_parallel_launch_local_memory<Kokkos::Impl::ParallelFor<K...
a100,sm80,other,,39,0,0,no,0.75,0.75,0.75,void Kokkos::Impl::cuda_parallel_launch_local_memory<Kokkos::Impl::ParallelFor<K...
a100,sm80,other,,39,0,0,no,0.75,0.75,0.75,void Kokkos::Impl::cuda_parallel_launch_local_memory<Kokkos::Impl::ParallelFor<K...
a100,sm80,other,,39,0,0,no,0.75,0.75,0.75,void Kokkos::Impl::cuda_parallel_launch_local_memory<Kokkos::Impl::ParallelFor<K...
a100,sm80,other,,39,0,0,no,0.75,0.75,0.75,void Kokkos::Impl::cuda_parallel_launch_local_memory<Kokkos::Impl::ParallelFor<K...
a100,sm80,other,,39,0,0,no,0.75,0.75,0.75,void Kokkos::Impl::cuda_parallel_launch_local_memory<Kokkos::Impl::ParallelFor<K...
a100,sm80,other,,39,0,0,no,0.75,0.75,0.75,void Kokkos::Impl::cuda_parallel_launch_local_memory<Kokkos::Impl::ParallelFor<K...
a100,sm80,other,,39,0,0,no,0.75,0.75,0.75,void Kokkos::Impl::cuda_parallel_launch_local_memory<Kokkos::Impl::ParallelFor<K...
a100,sm80,other,,39,0,0,no,0.75,0.75,0.75,void Kokkos::Impl::cuda_parallel_launch_local_memory<Kokkos::Impl::ParallelFor<K...
a100,sm80,other,,39,0,0,no,0.75,0.75,0.75,void Kokkos::Impl::cuda_parallel_launch_local_memory<Kokkos::Impl::ParallelFor<K...
a100,sm80,other,,39,0,0,no,0.75,0.75,0.75,void Kokkos::Impl::cuda_parallel_launch_local_memory<Kokkos::Impl::ParallelFor<K...
a100,sm80,other,,39,0,0,no,0.75,0.75,0.75,void Kokkos::Impl::cuda_parallel_launch_local_memory<Kokkos::Impl::ParallelFor<K...
a100,sm80,other,,39,0,0,no,0.75,0.75,0.75,void Kokkos::Impl::cuda_parallel_launch_local_memory<Kokkos::Impl::ParallelFor<K...
a100,sm80,other,,39,0,0,no,0.75,0.75,0.75,void Kokkos::Impl::cuda_parallel_launch_local_memory<Kokkos::Impl::ParallelFor<K...
a100,sm80,other,,39,0,0,no,0.75,0.75,0.75,void Kokkos::Impl::cuda_parallel_launch_local_memory<Kokkos::Impl::ParallelFor<p...
a100,sm80,other,,39,0,0,no,0.75,0.75,0.75,void Kokkos::Impl::cuda_parallel_launch_local_memory<Kokkos::Impl::ParallelFor<p...
a100,sm80,other,,39,0,0,no,0.75,0.75,0.75,void Kokkos::Impl::cuda_parallel_launch_local_memory<Kokkos::Impl::ParallelFor<K...
a100,sm80,other,,39,0,0,no,0.75,0.75,0.75,void Kokkos::Impl::cuda_parallel_launch_local_memory<Kokkos::Impl::ParallelFor<K...
a100,sm80,other,,38,0,0,no,0.75,0.75,0.75,void Kokkos::Impl::cuda_parallel_launch_local_memory<Kokkos::Impl::ParallelFor<K...
a100,sm80,other,,38,16,16,yes,0.75,0.75,0.75,void Kokkos::Impl::cuda_parallel_launch_local_memory<Kokkos::Impl::ParallelFor<p...
a100,sm80,other,,38,0,0,no,0.75,0.75,0.75,void Kokkos::Impl::cuda_parallel_launch_local_memory<Kokkos::Impl::ParallelFor<K...
a100,sm80,other,,38,0,0,no,0.75,0.75,0.75,void Kokkos::Impl::cuda_parallel_launch_local_memory<Kokkos::Impl::ParallelFor<K...
a100,sm80,other,,38,0,0,no,0.75,0.75,0.75,void Kokkos::Impl::cuda_parallel_launch_local_memory<Kokkos::Impl::ParallelReduc...
a100,sm80,other,,38,40,0,no,0.75,0.75,0.75,void Kokkos::Impl::cuda_parallel_launch_local_memory<Kokkos::Impl::ParallelFor<p...
a100,sm80,other,,38,0,0,no,0.75,0.75,0.75,void Kokkos::Impl::cuda_parallel_launch_local_memory<Kokkos::Impl::ParallelFor<K...
a100,sm80,other,,38,0,0,no,0.75,0.75,0.75,void Kokkos::Impl::cuda_parallel_launch_local_memory<Kokkos::Impl::ParallelFor<K...
a100,sm80,other,,38,0,0,no,0.75,0.75,0.75,void Kokkos::Impl::cuda_parallel_launch_local_memory<Kokkos::Impl::ParallelReduc...
a100,sm80,other,,38,0,0,no,0.75,0.75,0.75,void Kokkos::Impl::cuda_parallel_launch_local_memory<Kokkos::Impl::ParallelFor<K...
a100,sm80,other,,38,0,48,yes,0.75,0.75,0.75,void Kokkos::Impl::cuda_parallel_launch_local_memory<Kokkos::Impl::ParallelFor<p...
a100,sm80,other,,38,0,48,yes,0.75,0.75,0.75,void Kokkos::Impl::cuda_parallel_launch_local_memory<Kokkos::Impl::ParallelFor<p...
a100,sm80,other,,38,0,48,yes,0.75,0.75,0.75,void Kokkos::Impl::cuda_parallel_launch_local_memory<Kokkos::Impl::ParallelFor<p...
a100,sm80,other,,38,0,48,yes,0.75,0.75,0.75,void Kokkos::Impl::cuda_parallel_launch_constant_memory<Kokkos::Impl::ParallelFo...
a100,sm80,other,,38,0,0,no,0.75,0.75,0.75,void Kokkos::Impl::cuda_parallel_launch_local_memory<Kokkos::Impl::ParallelFor<p...
a100,sm80,other,,38,16,0,no,0.75,0.75,0.75,void Kokkos::Impl::cuda_parallel_launch_constant_memory<Kokkos::Impl::ParallelFo...
a100,sm80,other,,38,0,0,no,0.75,0.75,0.75,void Kokkos::Impl::cuda_parallel_launch_local_memory<Kokkos::Impl::ParallelFor<p...
a100,sm80,other,,38,0,408,yes,0.75,0.75,0.75,void Kokkos::Impl::cuda_parallel_launch_local_memory<Kokkos::Impl::ParallelFor<p...
a100,sm80,other,,38,0,48,yes,0.75,0.75,0.75,void Kokkos::Impl::cuda_parallel_launch_local_memory<Kokkos::Impl::ParallelFor<p...
a100,sm80,other,,38,0,48,yes,0.75,0.75,0.75,void Kokkos::Impl::cuda_parallel_launch_local_memory<Kokkos::Impl::ParallelFor<p...
a100,sm80,other,,37,0,0,no,0.75,0.75,0.75,void Kokkos::Impl::cuda_parallel_launch_local_memory<Kokkos::Impl::ParallelFor<p...
a100,sm80,other,,37,0,48,yes,0.75,0.75,0.75,void Kokkos::Impl::cuda_parallel_launch_constant_memory<Kokkos::Impl::ParallelFo...
a100,sm80,other,,37,0,48,yes,0.75,0.75,0.75,void Kokkos::Impl::cuda_parallel_launch_local_memory<Kokkos::Impl::ParallelFor<p...
a100,sm80,other,,37,0,0,no,0.75,0.75,0.75,void Kokkos::Impl::cuda_parallel_launch_local_memory<Kokkos::Impl::ParallelReduc...
a100,sm80,other,,36,0,0,no,0.75,0.75,0.75,void Kokkos::Impl::cuda_parallel_launch_local_memory<Kokkos::Impl::ParallelFor<K...
a100,sm80,other,,36,0,0,no,0.75,0.75,0.75,void Kokkos::Impl::cuda_parallel_launch_local_memory<Kokkos::Impl::ParallelReduc...
a100,sm80,other,,36,0,0,no,0.75,0.75,0.75,void Kokkos::Impl::cuda_parallel_launch_local_memory<Kokkos::Impl::ParallelFor<K...
a100,sm80,other,,36,0,0,no,0.75,0.75,0.75,void Kokkos::Impl::cuda_parallel_launch_local_memory<Kokkos::Impl::ParallelFor<K...
a100,sm80,other,,36,0,0,no,0.75,0.75,0.75,void Kokkos::Impl::cuda_parallel_launch_local_memory<Kokkos::Impl::ParallelFor<K...
a100,sm80,other,,36,40,0,no,0.75,0.75,0.75,void Kokkos::Impl::cuda_parallel_launch_local_memory<Kokkos::Impl::ParallelFor<p...
a100,sm80,other,,36,0,0,no,0.75,0.75,0.75,void Kokkos::Impl::cuda_parallel_launch_local_memory<Kokkos::Impl::ParallelFor<K...
a100,sm80,other,,36,0,0,no,0.75,0.75,0.75,void Kokkos::Impl::cuda_parallel_launch_local_memory<Kokkos::Impl::ParallelFor<K...
a100,sm80,other,,36,0,0,no,0.75,0.75,0.75,void Kokkos::Impl::cuda_parallel_launch_local_memory<Kokkos::Impl::ParallelFor<K...
a100,sm80,other,,36,0,0,no,0.75,0.75,0.75,void Kokkos::Impl::cuda_parallel_launch_local_memory<Kokkos::Impl::ParallelFor<K...
a100,sm80,other,,36,0,0,no,0.75,0.75,0.75,void Kokkos::Impl::cuda_parallel_launch_local_memory<Kokkos::Impl::ParallelFor<K...
a100,sm80,other,,36,0,0,no,0.75,0.75,0.75,void Kokkos::Impl::cuda_parallel_launch_constant_memory<Kokkos::Impl::ParallelFo...
a100,sm80,other,,36,0,0,no,0.75,0.75,0.75,void Kokkos::Impl::cuda_parallel_launch_local_memory<Kokkos::Impl::ParallelFor<K...
a100,sm80,other,,36,0,0,no,0.75,0.75,0.75,void Kokkos::Impl::cuda_parallel_launch_local_memory<Kokkos::Impl::ParallelFor<K...
a100,sm80,other,,36,0,0,no,0.75,0.75,0.75,void Kokkos::Impl::cuda_parallel_launch_local_memory<Kokkos::Impl::ParallelFor<K...
a100,sm80,other,,36,0,0,no,0.75,0.75,0.75,void Kokkos::Impl::cuda_parallel_launch_local_memory<Kokkos::Impl::ParallelFor<K...
a100,sm80,other,,36,0,0,no,0.75,0.75,0.75,void Kokkos::Impl::cuda_parallel_launch_local_memory<Kokkos::Impl::ParallelReduc...
a100,sm80,other,,36,0,0,no,0.75,0.75,0.75,void Kokkos::Impl::cuda_parallel_launch_local_memory<Kokkos::Impl::ParallelFor<K...
a100,sm80,other,,36,0,0,no,0.75,0.75,0.75,void Kokkos::Impl::cuda_parallel_launch_local_memory<Kokkos::Impl::ParallelFor<K...
a100,sm80,other,,36,0,0,no,0.75,0.75,0.75,void Kokkos::Impl::cuda_parallel_launch_local_memory<Kokkos::Impl::ParallelFor<K...
a100,sm80,other,,36,0,0,no,0.75,0.75,0.75,void Kokkos::Impl::cuda_parallel_launch_local_memory<Kokkos::Impl::ParallelFor<K...
a100,sm80,other,,36,0,0,no,0.75,0.75,0.75,void Kokkos::Impl::cuda_parallel_launch_local_memory<Kokkos::Impl::ParallelFor<K...
a100,sm80,other,,36,0,0,no,0.75,0.75,0.75,void Kokkos::Impl::cuda_parallel_launch_local_memory<Kokkos::Impl::ParallelFor<K...
a100,sm80,other,,36,0,0,no,0.75,0.75,0.75,void Kokkos::Impl::cuda_parallel_launch_local_memory<Kokkos::Impl::ParallelFor<K...
a100,sm80,other,,36,0,0,no,0.75,0.75,0.75,void Kokkos::Impl::cuda_parallel_launch_local_memory<Kokkos::Impl::ParallelFor<K...
a100,sm80,other,,36,0,0,no,0.75,0.75,0.75,void Kokkos::Impl::cuda_parallel_launch_local_memory<Kokkos::Impl::ParallelFor<K...
a100,sm80,other,,36,0,0,no,0.75,0.75,0.75,void Kokkos::Impl::cuda_parallel_launch_local_memory<Kokkos::Impl::ParallelFor<K...
a100,sm80,other,,36,0,0,no,0.75,0.75,0.75,void Kokkos::Impl::cuda_parallel_launch_local_memory<Kokkos::Impl::ParallelFor<K...
a100,sm80,other,,35,0,0,no,0.75,0.75,0.75,void Kokkos::Impl::cuda_parallel_launch_local_memory<Kokkos::Impl::ParallelFor<K...
a100,sm80,other,,35,0,0,no,0.75,0.75,0.75,void Kokkos::Impl::cuda_parallel_launch_local_memory<Kokkos::Impl::ParallelFor<K...
a100,sm80,other,,35,0,0,no,0.75,0.75,0.75,void Kokkos::Impl::cuda_parallel_launch_local_memory<Kokkos::Impl::ParallelFor<K...
a100,sm80,other,,35,0,0,no,0.75,0.75,0.75,void Kokkos::Impl::cuda_parallel_launch_local_memory<Kokkos::Impl::ParallelFor<K...
a100,sm80,other,,35,0,0,no,0.75,0.75,0.75,void Kokkos::Impl::cuda_parallel_launch_local_memory<Kokkos::Impl::ParallelFor<K...
a100,sm80,other,,35,0,0,no,0.75,0.75,0.75,void Kokkos::Impl::cuda_parallel_launch_local_memory<Kokkos::Impl::ParallelFor<K...
a100,sm80,other,,35,0,0,no,0.75,0.75,0.75,void Kokkos::Impl::cuda_parallel_launch_local_memory<Kokkos::Impl::ParallelFor<K...
a100,sm80,other,,35,0,0,no,0.75,0.75,0.75,void Kokkos::Impl::cuda_parallel_launch_local_memory<Kokkos::Impl::ParallelFor<K...
a100,sm80,other,,35,0,0,no,0.75,0.75,0.75,void Kokkos::Impl::cuda_parallel_launch_local_memory<Kokkos::Impl::ParallelFor<K...
a100,sm80,other,,35,0,0,no,0.75,0.75,0.75,void Kokkos::Impl::cuda_parallel_launch_local_memory<Kokkos::Impl::ParallelFor<K...
a100,sm80,other,,35,0,0,no,0.75,0.75,0.75,void Kokkos::Impl::cuda_parallel_launch_local_memory<Kokkos::Impl::ParallelFor<K...
a100,sm80,other,,35,0,0,no,0.75,0.75,0.75,void Kokkos::Impl::cuda_parallel_launch_local_memory<Kokkos::Impl::ParallelFor<K...
a100,sm80,other,,35,0,0,no,0.75,0.75,0.75,void Kokkos::Impl::cuda_parallel_launch_local_memory<Kokkos::Impl::ParallelFor<K...
a100,sm80,other,,34,0,0,no,0.75,0.75,0.75,void Kokkos::Impl::cuda_parallel_launch_local_memory<Kokkos::Impl::ParallelFor<K...
a100,sm80,other,,34,0,0,no,0.75,0.75,0.75,void Kokkos::Impl::cuda_parallel_launch_constant_memory<Kokkos::Impl::ParallelFo...
a100,sm80,other,,34,0,0,no,0.75,0.75,0.75,void Kokkos::Impl::cuda_parallel_launch_local_memory<Kokkos::Impl::ParallelFor<K...
a100,sm80,other,,34,0,0,no,0.75,0.75,0.75,void Kokkos::Impl::cuda_parallel_launch_local_memory<Kokkos::Impl::ParallelFor<K...
a100,sm80,other,,34,0,0,no,0.75,0.75,0.75,void Kokkos::Impl::cuda_parallel_launch_local_memory<Kokkos::Impl::ParallelFor<K...
a100,sm80,other,,34,0,0,no,0.75,0.75,0.75,void Kokkos::Impl::cuda_parallel_launch_local_memory<Kokkos::Impl::ParallelFor<K...
a100,sm80,other,,34,0,0,no,0.75,0.75,0.75,void Kokkos::Impl::cuda_parallel_launch_local_memory<Kokkos::Impl::ParallelFor<p...
a100,sm80,other,,34,0,0,no,0.75,0.75,0.75,void Kokkos::Impl::cuda_parallel_launch_local_memory<Kokkos::Impl::ParallelFor<p...
a100,sm80,other,,34,0,0,no,0.75,0.75,0.75,void Kokkos::Impl::cuda_parallel_launch_local_memory<Kokkos::Impl::ParallelFor<p...
a100,sm80,other,,34,0,0,no,0.75,0.75,0.75,void Kokkos::Impl::cuda_parallel_launch_local_memory<Kokkos::Impl::ParallelFor<K...
a100,sm80,other,,34,0,48,yes,0.75,0.75,0.75,void Kokkos::Impl::cuda_parallel_launch_local_memory<Kokkos::Impl::ParallelFor<p...
a100,sm80,other,,34,0,0,no,0.75,0.75,0.75,void Kokkos::Impl::cuda_parallel_launch_local_memory<Kokkos::Impl::ParallelFor<K...
a100,sm80,other,,34,0,0,no,0.75,0.75,0.75,void Kokkos::Impl::cuda_parallel_launch_local_memory<Kokkos::Impl::ParallelFor<K...
a100,sm80,other,,34,0,0,no,0.75,0.75,0.75,void Kokkos::Impl::cuda_parallel_launch_local_memory<Kokkos::Impl::ParallelFor<K...
a100,sm80,other,,34,0,0,no,0.75,0.75,0.75,void Kokkos::Impl::cuda_parallel_launch_local_memory<Kokkos::Impl::ParallelFor<K...
a100,sm80,other,,34,0,0,no,0.75,0.75,0.75,void Kokkos::Impl::cuda_parallel_launch_local_memory<Kokkos::Impl::ParallelFor<K...
a100,sm80,other,,34,0,0,no,0.75,0.75,0.75,void Kokkos::Impl::cuda_parallel_launch_local_memory<Kokkos::Impl::ParallelFor<K...
a100,sm80,other,,34,0,0,no,0.75,0.75,0.75,void Kokkos::Impl::cuda_parallel_launch_local_memory<Kokkos::Impl::ParallelFor<K...
a100,sm80,other,,34,0,0,no,0.75,0.75,0.75,void Kokkos::Impl::cuda_parallel_launch_local_memory<Kokkos::Impl::ParallelFor<K...
a100,sm80,other,,34,0,0,no,0.75,0.75,0.75,void Kokkos::Impl::cuda_parallel_launch_local_memory<Kokkos::Impl::ParallelReduc...
a100,sm80,other,,34,0,0,no,0.75,0.75,0.75,void Kokkos::Impl::cuda_parallel_launch_local_memory<Kokkos::Impl::ParallelFor<K...
a100,sm80,other,,34,0,0,no,0.75,0.75,0.75,void Kokkos::Impl::cuda_parallel_launch_local_memory<Kokkos::Impl::ParallelFor<K...
a100,sm80,other,,34,0,0,no,0.75,0.75,0.75,void Kokkos::Impl::cuda_parallel_launch_local_memory<Kokkos::Impl::ParallelFor<K...
a100,sm80,other,,34,0,0,no,0.75,0.75,0.75,void Kokkos::Impl::cuda_parallel_launch_local_memory<Kokkos::Impl::ParallelFor<K...
a100,sm80,other,,34,0,0,no,0.75,0.75,0.75,void Kokkos::Impl::cuda_parallel_launch_local_memory<Kokkos::Impl::ParallelFor<K...
a100,sm80,other,,34,0,0,no,0.75,0.75,0.75,void Kokkos::Impl::cuda_parallel_launch_local_memory<Kokkos::Impl::ParallelFor<K...
a100,sm80,other,,34,0,0,no,0.75,0.75,0.75,void Kokkos::Impl::cuda_parallel_launch_local_memory<Kokkos::Impl::ParallelFor<p...
a100,sm80,other,,34,0,0,no,0.75,0.75,0.75,void Kokkos::Impl::cuda_parallel_launch_local_memory<Kokkos::Impl::ParallelFor<K...
a100,sm80,other,,33,0,0,no,0.75,0.75,0.75,void Kokkos::Impl::cuda_parallel_launch_local_memory<Kokkos::Impl::ParallelFor<K...
a100,sm80,other,,33,0,0,no,0.75,0.75,0.75,void Kokkos::Impl::cuda_parallel_launch_local_memory<Kokkos::Impl::ParallelFor<K...
a100,sm80,other,,33,0,0,no,0.75,0.75,0.75,void Kokkos::Impl::cuda_parallel_launch_local_memory<Kokkos::Impl::ParallelFor<K...
a100,sm80,other,,33,0,0,no,0.75,0.75,0.75,void Kokkos::Impl::cuda_parallel_launch_local_memory<Kokkos::Impl::ParallelFor<K...
a100,sm80,other,,33,0,0,no,0.75,0.75,0.75,void Kokkos::Impl::cuda_parallel_launch_local_memory<Kokkos::Impl::ParallelFor<K...
a100,sm80,other,,33,0,0,no,0.75,0.75,0.75,void Kokkos::Impl::cuda_parallel_launch_local_memory<Kokkos::Impl::ParallelFor<K...
a100,sm80,other,,33,0,0,no,0.75,0.75,0.75,void Kokkos::Impl::cuda_parallel_launch_local_memory<Kokkos::Impl::ParallelFor<K...
a100,sm80,other,,33,0,0,no,0.75,0.75,0.75,void Kokkos::Impl::cuda_parallel_launch_local_memory<Kokkos::Impl::ParallelFor<K...
a100,sm80,other,,33,0,0,no,0.75,0.75,0.75,void Kokkos::Impl::cuda_parallel_launch_local_memory<Kokkos::Impl::ParallelFor<p...
a100,sm80,other,,33,0,0,no,0.75,0.75,0.75,void Kokkos::Impl::cuda_parallel_launch_local_memory<Kokkos::Impl::ParallelFor<K...
a100,sm80,other,,33,0,0,no,0.75,0.75,0.75,void Kokkos::Impl::cuda_parallel_launch_local_memory<Kokkos::Impl::ParallelFor<K...
a100,sm80,other,,33,0,0,no,0.75,0.75,0.75,void Kokkos::Impl::cuda_parallel_launch_local_memory<Kokkos::Impl::ParallelFor<K...
a100,sm80,other,,32,0,0,no,1.0,1.0,1.0,void Kokkos::Impl::cuda_parallel_launch_local_memory<Kokkos::Impl::ParallelFor<p...
a100,sm80,other,,32,0,0,no,1.0,1.0,1.0,void Kokkos::Impl::cuda_parallel_launch_local_memory<Kokkos::Impl::ParallelFor<p...
a100,sm80,other,,32,0,0,no,1.0,1.0,1.0,void Kokkos::Impl::cuda_parallel_launch_local_memory<Kokkos::Impl::ParallelFor<p...
a100,sm80,other,,32,0,0,no,1.0,1.0,1.0,void Kokkos::Impl::cuda_parallel_launch_local_memory<Kokkos::Impl::ParallelFor<p...
a100,sm80,other,,32,0,0,no,1.0,1.0,1.0,void Kokkos::Impl::cuda_parallel_launch_local_memory<Kokkos::Impl::ParallelFor<p...
a100,sm80,other,,32,0,0,no,1.0,1.0,1.0,void Kokkos::Impl::cuda_parallel_launch_local_memory<Kokkos::Impl::ParallelFor<p...
a100,sm80,other,,32,0,0,no,1.0,1.0,1.0,void Kokkos::Impl::cuda_parallel_launch_local_memory<Kokkos::Impl::ParallelFor<p...
a100,sm80,other,,32,0,0,no,1.0,1.0,1.0,void Kokkos::Impl::cuda_parallel_launch_local_memory<Kokkos::Impl::ParallelFor<p...
a100,sm80,other,,32,0,0,no,1.0,1.0,1.0,void Kokkos::Impl::cuda_parallel_launch_local_memory<Kokkos::Impl::ParallelFor<p...
a100,sm80,other,,32,0,0,no,1.0,1.0,1.0,void Kokkos::Impl::cuda_parallel_launch_local_memory<Kokkos::Impl::ParallelFor<p...
a100,sm80,other,,32,0,0,no,1.0,1.0,1.0,void Kokkos::Impl::cuda_parallel_launch_local_memory<Kokkos::Impl::ParallelFor<p...
a100,sm80,other,,32,0,0,no,1.0,1.0,1.0,void Kokkos::Impl::cuda_parallel_launch_local_memory<Kokkos::Impl::ParallelFor<p...
a100,sm80,other,,32,0,0,no,1.0,1.0,1.0,void Kokkos::Impl::cuda_parallel_launch_local_memory<Kokkos::Impl::ParallelFor<p...
a100,sm80,other,,32,0,0,no,1.0,1.0,1.0,void Kokkos::Impl::cuda_parallel_launch_local_memory<Kokkos::Impl::ParallelReduc...
a100,sm80,other,,32,0,0,no,1.0,1.0,1.0,void Kokkos::Impl::cuda_parallel_launch_local_memory<Kokkos::Impl::ParallelFor<p...
a100,sm80,other,,32,0,0,no,1.0,1.0,1.0,void Kokkos::Impl::cuda_parallel_launch_local_memory<Kokkos::Impl::ParallelFor<p...
a100,sm80,other,,32,0,0,no,1.0,1.0,1.0,void Kokkos::Impl::cuda_parallel_launch_local_memory<Kokkos::Impl::ParallelFor<p...
a100,sm80,other,,32,0,0,no,1.0,1.0,1.0,void Kokkos::Impl::cuda_parallel_launch_local_memory<Kokkos::Impl::ParallelFor<K...
a100,sm80,other,,32,0,0,no,1.0,1.0,1.0,void Kokkos::Impl::cuda_parallel_launch_local_memory<Kokkos::Impl::ParallelFor<K...
a100,sm80,other,,32,0,0,no,1.0,1.0,1.0,void Kokkos::Impl::cuda_parallel_launch_local_memory<Kokkos::Impl::ParallelFor<K...
a100,sm80,other,,32,0,0,no,1.0,1.0,1.0,void Kokkos::Impl::cuda_parallel_launch_local_memory<Kokkos::Impl::ParallelFor<K...
a100,sm80,other,,32,0,0,no,1.0,1.0,1.0,void Kokkos::Impl::cuda_parallel_launch_local_memory<Kokkos::Impl::ParallelFor<K...
a100,sm80,other,,32,0,0,no,1.0,1.0,1.0,void Kokkos::Impl::cuda_parallel_launch_local_memory<Kokkos::Impl::ParallelFor<K...
a100,sm80,other,,32,0,0,no,1.0,1.0,1.0,void Kokkos::Impl::cuda_parallel_launch_local_memory<Kokkos::Impl::ParallelFor<K...
a100,sm80,other,,32,0,0,no,1.0,1.0,1.0,void Kokkos::Impl::cuda_parallel_launch_local_memory<Kokkos::Impl::ParallelFor<K...
a100,sm80,other,,32,0,0,no,1.0,1.0,1.0,void Kokkos::Impl::cuda_parallel_launch_local_memory<Kokkos::Impl::ParallelFor<K...
a100,sm80,other,,32,0,0,no,1.0,1.0,1.0,void Kokkos::Impl::cuda_parallel_launch_local_memory<Kokkos::Impl::ParallelFor<K...
a100,sm80,other,,32,0,0,no,1.0,1.0,1.0,void Kokkos::Impl::cuda_parallel_launch_local_memory<Kokkos::Impl::ParallelFor<K...
a100,sm80,other,,32,0,0,no,1.0,1.0,1.0,void Kokkos::Impl::cuda_parallel_launch_local_memory<Kokkos::Impl::ParallelFor<K...
a100,sm80,other,,32,0,0,no,1.0,1.0,1.0,void Kokkos::Impl::cuda_parallel_launch_local_memory<Kokkos::Impl::ParallelFor<p...
a100,sm80,other,,32,0,0,no,1.0,1.0,1.0,void Kokkos::Impl::cuda_parallel_launch_local_memory<Kokkos::Impl::ParallelFor<p...
a100,sm80,other,,32,0,0,no,1.0,1.0,1.0,void Kokkos::Impl::cuda_parallel_launch_local_memory<Kokkos::Impl::ParallelFor<p...
a100,sm80,other,,32,0,0,no,1.0,1.0,1.0,void Kokkos::Impl::cuda_parallel_launch_local_memory<Kokkos::Impl::ParallelFor<p...
a100,sm80,other,,32,0,0,no,1.0,1.0,1.0,void Kokkos::Impl::cuda_parallel_launch_local_memory<Kokkos::Impl::ParallelFor<K...
a100,sm80,other,,32,0,0,no,1.0,1.0,1.0,void Kokkos::Impl::cuda_parallel_launch_local_memory<Kokkos::Impl::ParallelFor<K...
a100,sm80,other,,32,0,0,no,1.0,1.0,1.0,void Kokkos::Impl::cuda_parallel_launch_local_memory<Kokkos::Impl::ParallelFor<K...
a100,sm80,other,,32,0,0,no,1.0,1.0,1.0,void Kokkos::Impl::cuda_parallel_launch_local_memory<Kokkos::Impl::ParallelFor<K...
a100,sm80,other,,32,0,0,no,1.0,1.0,1.0,void Kokkos::Impl::cuda_parallel_launch_local_memory<Kokkos::Impl::ParallelFor<K...
a100,sm80,other,,32,0,0,no,1.0,1.0,1.0,void Kokkos::Impl::cuda_parallel_launch_local_memory<Kokkos::Impl::ParallelFor<K...
a100,sm80,other,,32,0,0,no,1.0,1.0,1.0,void Kokkos::Impl::cuda_parallel_launch_local_memory<Kokkos::Impl::ParallelFor<p...
a100,sm80,other,,32,0,0,no,1.0,1.0,1.0,void Kokkos::Impl::cuda_parallel_launch_local_memory<Kokkos::Impl::ParallelFor<p...
a100,sm80,other,,32,0,0,no,1.0,1.0,1.0,void Kokkos::Impl::cuda_parallel_launch_local_memory<Kokkos::Impl::ParallelFor<p...
a100,sm80,other,,32,0,0,no,1.0,1.0,1.0,void Kokkos::Impl::cuda_parallel_launch_local_memory<Kokkos::Impl::ParallelFor<K...
a100,sm80,other,,32,0,0,no,1.0,1.0,1.0,void Kokkos::Impl::cuda_parallel_launch_local_memory<Kokkos::Impl::ParallelFor<K...
a100,sm80,other,,32,0,0,no,1.0,1.0,1.0,void Kokkos::Impl::cuda_parallel_launch_local_memory<Kokkos::Impl::ParallelFor<K...
a100,sm80,other,,32,0,0,no,1.0,1.0,1.0,void Kokkos::Impl::cuda_parallel_launch_local_memory<Kokkos::Impl::ParallelFor<p...
a100,sm80,other,,32,0,0,no,1.0,1.0,1.0,void Kokkos::Impl::cuda_parallel_launch_local_memory<Kokkos::Impl::ParallelFor<p...
a100,sm80,other,,32,0,0,no,1.0,1.0,1.0,void Kokkos::Impl::cuda_parallel_launch_local_memory<Kokkos::Impl::ParallelFor<p...
a100,sm80,other,,32,0,0,no,1.0,1.0,1.0,void Kokkos::Impl::cuda_parallel_launch_local_memory<Kokkos::Impl::ParallelFor<p...
a100,sm80,other,,32,0,0,no,1.0,1.0,1.0,void Kokkos::Impl::cuda_parallel_launch_local_memory<Kokkos::Impl::ParallelFor<K...
a100,sm80,other,,32,0,0,no,1.0,1.0,1.0,void Kokkos::Impl::cuda_parallel_launch_local_memory<Kokkos::Impl::ParallelFor<K...
a100,sm80,other,,32,0,0,no,1.0,1.0,1.0,void Kokkos::Impl::cuda_parallel_launch_local_memory<Kokkos::Impl::ParallelFor<K...
a100,sm80,other,,32,0,0,no,1.0,1.0,1.0,void Kokkos::Impl::cuda_parallel_launch_constant_memory<Kokkos::Impl::ParallelFo...
a100,sm80,other,,32,0,0,no,1.0,1.0,1.0,void Kokkos::Impl::cuda_parallel_launch_constant_memory<Kokkos::Impl::ParallelFo...
a100,sm80,other,,32,0,0,no,1.0,1.0,1.0,void Kokkos::Impl::cuda_parallel_launch_constant_memory<Kokkos::Impl::ParallelFo...
a100,sm80,other,,32,0,0,no,1.0,1.0,1.0,void Kokkos::Impl::cuda_parallel_launch_local_memory<Kokkos::Impl::ParallelFor<p...
a100,sm80,other,,32,0,0,no,1.0,1.0,1.0,void Kokkos::Impl::cuda_parallel_launch_local_memory<Kokkos::Impl::ParallelFor<p...
a100,sm80,other,,32,0,0,no,1.0,1.0,1.0,void Kokkos::Impl::cuda_parallel_launch_local_memory<Kokkos::Impl::ParallelFor<p...
a100,sm80,other,,32,0,0,no,1.0,1.0,1.0,void Kokkos::Impl::cuda_parallel_launch_local_memory<Kokkos::Impl::ParallelFor<p...
a100,sm80,other,,32,0,0,no,1.0,1.0,1.0,void Kokkos::Impl::cuda_parallel_launch_local_memory<Kokkos::Impl::ParallelFor<K...
a100,sm80,other,,32,0,0,no,1.0,1.0,1.0,void Kokkos::Impl::cuda_parallel_launch_local_memory<Kokkos::Impl::ParallelFor<p...
a100,sm80,other,,32,0,0,no,1.0,1.0,1.0,void Kokkos::Impl::cuda_parallel_launch_local_memory<Kokkos::Impl::ParallelFor<p...
a100,sm80,other,,32,0,0,no,1.0,1.0,1.0,void Kokkos::Impl::cuda_parallel_launch_local_memory<Kokkos::Impl::ParallelFor<K...
a100,sm80,other,,32,0,0,no,1.0,1.0,1.0,void Kokkos::Impl::cuda_parallel_launch_local_memory<Kokkos::Impl::ParallelFor<K...
a100,sm80,other,,32,0,0,no,1.0,1.0,1.0,void Kokkos::Impl::cuda_parallel_launch_local_memory<Kokkos::Impl::ParallelFor<p...
a100,sm80,other,,32,0,0,no,1.0,1.0,1.0,void Kokkos::Impl::cuda_parallel_launch_local_memory<Kokkos::Impl::ParallelFor<K...
a100,sm80,other,,32,0,0,no,1.0,1.0,1.0,void Kokkos::Impl::cuda_parallel_launch_local_memory<Kokkos::Impl::ParallelFor<K...
a100,sm80,other,,32,0,0,no,1.0,1.0,1.0,void Kokkos::Impl::cuda_parallel_launch_local_memory<Kokkos::Impl::ParallelFor<K...
a100,sm80,other,,32,0,0,no,1.0,1.0,1.0,void Kokkos::Impl::cuda_parallel_launch_local_memory<Kokkos::Impl::ParallelFor<K...
a100,sm80,other,,32,0,0,no,1.0,1.0,1.0,void Kokkos::Impl::cuda_parallel_launch_local_memory<Kokkos::Impl::ParallelReduc...
a100,sm80,other,,32,0,0,no,1.0,1.0,1.0,void Kokkos::Impl::cuda_parallel_launch_local_memory<Kokkos::Impl::ParallelFor<K...
a100,sm80,other,,32,0,0,no,1.0,1.0,1.0,void Kokkos::Impl::cuda_parallel_launch_local_memory<Kokkos::Impl::ParallelFor<p...
a100,sm80,other,,32,0,0,no,1.0,1.0,1.0,void Kokkos::Impl::cuda_parallel_launch_local_memory<Kokkos::Impl::ParallelFor<p...
a100,sm80,other,,32,0,0,no,1.0,1.0,1.0,void Kokkos::Impl::cuda_parallel_launch_local_memory<Kokkos::Impl::ParallelFor<p...
a100,sm80,other,,32,0,0,no,1.0,1.0,1.0,void Kokkos::Impl::cuda_parallel_launch_local_memory<Kokkos::Impl::ParallelFor<p...
a100,sm80,other,,32,0,0,no,1.0,1.0,1.0,void Kokkos::Impl::cuda_parallel_launch_local_memory<Kokkos::Impl::ParallelFor<p...
a100,sm80,other,,32,0,0,no,1.0,1.0,1.0,void Kokkos::Impl::cuda_parallel_launch_local_memory<Kokkos::Impl::ParallelFor<K...
a100,sm80,other,,32,0,0,no,1.0,1.0,1.0,void Kokkos::Impl::cuda_parallel_launch_local_memory<Kokkos::Impl::ParallelFor<K...
a100,sm80,other,,32,0,0,no,1.0,1.0,1.0,void Kokkos::Impl::cuda_parallel_launch_local_memory<Kokkos::Impl::ParallelReduc...
a100,sm80,other,,32,0,48,yes,1.0,1.0,1.0,void Kokkos::Impl::cuda_parallel_launch_local_memory<Kokkos::Impl::ParallelFor<p...
a100,sm80,other,,32,0,0,no,1.0,1.0,1.0,void Kokkos::Impl::cuda_parallel_launch_local_memory<Kokkos::Impl::ParallelFor<K...
a100,sm80,other,,32,0,0,no,1.0,1.0,1.0,void Kokkos::Impl::cuda_parallel_launch_local_memory<Kokkos::Impl::ParallelFor<K...
a100,sm80,other,,32,0,0,no,1.0,1.0,1.0,void Kokkos::Impl::cuda_parallel_launch_local_memory<Kokkos::Impl::ParallelFor<K...
a100,sm80,other,,32,0,0,no,1.0,1.0,1.0,void Kokkos::Impl::cuda_parallel_launch_local_memory<Kokkos::Impl::ParallelFor<K...
a100,sm80,other,,32,0,0,no,1.0,1.0,1.0,void Kokkos::Impl::cuda_parallel_launch_local_memory<Kokkos::Impl::ParallelFor<p...
a100,sm80,other,,32,0,0,no,1.0,1.0,1.0,void Kokkos::Impl::cuda_parallel_launch_local_memory<Kokkos::Impl::ParallelFor<p...
a100,sm80,other,,32,0,0,no,1.0,1.0,1.0,void Kokkos::Impl::cuda_parallel_launch_local_memory<Kokkos::Impl::ParallelReduc...
a100,sm80,other,,32,0,0,no,1.0,1.0,1.0,void Kokkos::Impl::cuda_parallel_launch_constant_memory<Kokkos::Impl::ParallelFo...
a100,sm80,other,,32,40,0,no,1.0,1.0,1.0,void Kokkos::Impl::cuda_parallel_launch_local_memory<Kokkos::Impl::ParallelFor<p...
a100,sm80,other,,31,8,0,no,1.0,1.0,1.0,void Kokkos::Impl::cuda_parallel_launch_constant_memory<Kokkos::Impl::ParallelFo...
a100,sm80,other,,31,8,0,no,1.0,1.0,1.0,void Kokkos::Impl::cuda_parallel_launch_constant_memory<Kokkos::Impl::ParallelFo...
a100,sm80,other,,31,0,0,no,1.0,1.0,1.0,void Kokkos::Impl::cuda_parallel_launch_local_memory<Kokkos::Impl::ParallelFor<p...
a100,sm80,other,,30,0,0,no,1.0,1.0,1.0,void Kokkos::Impl::cuda_parallel_launch_local_memory<Kokkos::Impl::ParallelFor<p...
a100,sm80,other,,30,0,0,no,1.0,1.0,1.0,void Kokkos::Impl::cuda_parallel_launch_local_memory<Kokkos::Impl::ParallelFor<p...
a100,sm80,other,,30,0,0,no,1.0,1.0,1.0,void Kokkos::Impl::cuda_parallel_launch_local_memory<Kokkos::Impl::ParallelFor<p...
a100,sm80,other,,30,0,0,no,1.0,1.0,1.0,void Kokkos::Impl::cuda_parallel_launch_local_memory<Kokkos::Impl::ParallelFor<p...
a100,sm80,other,,30,0,0,no,1.0,1.0,1.0,void Kokkos::Impl::cuda_parallel_launch_local_memory<Kokkos::Impl::ParallelFor<p...
a100,sm80,other,,30,0,0,no,1.0,1.0,1.0,void Kokkos::Impl::cuda_parallel_launch_local_memory<Kokkos::Impl::ParallelFor<p...
a100,sm80,other,,30,0,0,no,1.0,1.0,1.0,void Kokkos::Impl::cuda_parallel_launch_local_memory<Kokkos::Impl::ParallelFor<p...
a100,sm80,other,,30,0,0,no,1.0,1.0,1.0,void Kokkos::Impl::cuda_parallel_launch_local_memory<Kokkos::Impl::ParallelFor<p...
a100,sm80,other,,30,0,0,no,1.0,1.0,1.0,void Kokkos::Impl::cuda_parallel_launch_local_memory<Kokkos::Impl::ParallelFor<p...
a100,sm80,other,,30,0,0,no,1.0,1.0,1.0,void Kokkos::Impl::cuda_parallel_launch_local_memory<Kokkos::Impl::ParallelFor<p...
a100,sm80,other,,30,0,0,no,1.0,1.0,1.0,void Kokkos::Impl::cuda_parallel_launch_local_memory<Kokkos::Impl::ParallelFor<p...
a100,sm80,other,,30,0,0,no,1.0,1.0,1.0,void Kokkos::Impl::cuda_parallel_launch_local_memory<Kokkos::Impl::ParallelFor<p...
a100,sm80,other,,30,0,0,no,1.0,1.0,1.0,void Kokkos::Impl::cuda_parallel_launch_local_memory<Kokkos::Impl::ParallelFor<p...
a100,sm80,other,,30,0,0,no,1.0,1.0,1.0,void Kokkos::Impl::cuda_parallel_launch_local_memory<Kokkos::Impl::ParallelFor<K...
a100,sm80,other,,30,0,0,no,1.0,1.0,1.0,void Kokkos::Impl::cuda_parallel_launch_local_memory<Kokkos::Impl::ParallelFor<K...
a100,sm80,other,,30,0,0,no,1.0,1.0,1.0,void Kokkos::Impl::cuda_parallel_launch_local_memory<Kokkos::Impl::ParallelFor<K...
a100,sm80,other,,30,0,0,no,1.0,1.0,1.0,void Kokkos::Impl::cuda_parallel_launch_local_memory<Kokkos::Impl::ParallelFor<K...
a100,sm80,other,,30,0,0,no,1.0,1.0,1.0,void Kokkos::Impl::cuda_parallel_launch_local_memory<Kokkos::Impl::ParallelFor<K...
a100,sm80,other,,30,0,0,no,1.0,1.0,1.0,void Kokkos::Impl::cuda_parallel_launch_local_memory<Kokkos::Impl::ParallelFor<K...
a100,sm80,other,,30,8,0,no,1.0,1.0,1.0,void Kokkos::Impl::cuda_parallel_launch_local_memory<Kokkos::Impl::ParallelFor<M...
a100,sm80,other,,30,8,0,no,1.0,1.0,1.0,void Kokkos::Impl::cuda_parallel_launch_local_memory<Kokkos::Impl::ParallelFor<M...
a100,sm80,other,,30,0,0,no,1.0,1.0,1.0,void Kokkos::Impl::cuda_parallel_launch_local_memory<Kokkos::Impl::ParallelFor<K...
a100,sm80,other,,30,0,0,no,1.0,1.0,1.0,void Kokkos::Impl::cuda_parallel_launch_local_memory<Kokkos::Impl::ParallelFor<K...
a100,sm80,other,,30,0,0,no,1.0,1.0,1.0,void Kokkos::Impl::cuda_parallel_launch_local_memory<Kokkos::Impl::ParallelFor<p...
a100,sm80,other,,30,0,0,no,1.0,1.0,1.0,void Kokkos::Impl::cuda_parallel_launch_constant_memory<Kokkos::Impl::ParallelFo...
a100,sm80,other,,30,0,0,no,1.0,1.0,1.0,void Kokkos::Impl::cuda_parallel_launch_local_memory<Kokkos::Impl::ParallelFor<K...
a100,sm80,other,,30,0,0,no,1.0,1.0,1.0,void Kokkos::Impl::cuda_parallel_launch_local_memory<Kokkos::Impl::ParallelFor<p...
a100,sm80,other,,30,0,0,no,1.0,1.0,1.0,void Kokkos::Impl::cuda_parallel_launch_local_memory<Kokkos::Impl::ParallelFor<p...
a100,sm80,other,,30,0,0,no,1.0,1.0,1.0,void Kokkos::Impl::cuda_parallel_launch_local_memory<Kokkos::Impl::ParallelFor<C...
a100,sm80,other,,30,0,0,no,1.0,1.0,1.0,void Kokkos::Impl::cuda_parallel_launch_local_memory<Kokkos::Impl::ParallelFor<K...
a100,sm80,other,,30,0,0,no,1.0,1.0,1.0,void Kokkos::Impl::cuda_parallel_launch_local_memory<Kokkos::Impl::ParallelFor<p...
a100,sm80,other,,30,0,0,no,1.0,1.0,1.0,void Kokkos::Impl::cuda_parallel_launch_local_memory<Kokkos::Impl::ParallelFor<p...
a100,sm80,other,,30,0,0,no,1.0,1.0,1.0,void Kokkos::Impl::cuda_parallel_launch_local_memory<Kokkos::Impl::ParallelFor<p...
a100,sm80,other,,30,0,0,no,1.0,1.0,1.0,void Kokkos::Impl::cuda_parallel_launch_local_memory<Kokkos::Impl::ParallelFor<p...
a100,sm80,other,,30,0,0,no,1.0,1.0,1.0,void Kokkos::Impl::cuda_parallel_launch_local_memory<Kokkos::Impl::ParallelFor<p...
a100,sm80,other,,30,0,0,no,1.0,1.0,1.0,void Kokkos::Impl::cuda_parallel_launch_local_memory<Kokkos::Impl::ParallelFor<p...
a100,sm80,other,,30,0,0,no,1.0,1.0,1.0,void Kokkos::Impl::cuda_parallel_launch_local_memory<Kokkos::Impl::ParallelFor<p...
a100,sm80,other,,30,0,0,no,1.0,1.0,1.0,void Kokkos::Impl::cuda_parallel_launch_local_memory<Kokkos::Impl::ParallelFor<p...
a100,sm80,other,,30,0,0,no,1.0,1.0,1.0,void Kokkos::Impl::cuda_parallel_launch_local_memory<Kokkos::Impl::ParallelFor<K...
a100,sm80,other,,30,0,0,no,1.0,1.0,1.0,void Kokkos::Impl::cuda_parallel_launch_local_memory<Kokkos::Impl::ParallelFor<K...
a100,sm80,other,,30,0,0,no,1.0,1.0,1.0,void Kokkos::Impl::cuda_parallel_launch_local_memory<Kokkos::Impl::ParallelFor<K...
a100,sm80,other,,30,0,0,no,1.0,1.0,1.0,void Kokkos::Impl::cuda_parallel_launch_local_memory<Kokkos::Impl::ParallelFor<K...
a100,sm80,other,,30,0,0,no,1.0,1.0,1.0,void Kokkos::Impl::cuda_parallel_launch_local_memory<Kokkos::Impl::ParallelFor<p...
a100,sm80,other,,30,16,0,no,1.0,1.0,1.0,void Kokkos::Impl::cuda_parallel_launch_constant_memory<Kokkos::Impl::ParallelFo...
a100,sm80,other,,30,16,0,no,1.0,1.0,1.0,void Kokkos::Impl::cuda_parallel_launch_constant_memory<Kokkos::Impl::ParallelFo...
a100,sm80,other,,30,0,0,no,1.0,1.0,1.0,void Kokkos::Impl::cuda_parallel_launch_local_memory<Kokkos::Impl::ParallelFor<p...
a100,sm80,other,,30,0,0,no,1.0,1.0,1.0,void Kokkos::Impl::cuda_parallel_launch_local_memory<Kokkos::Impl::ParallelFor<p...
a100,sm80,other,,30,0,0,no,1.0,1.0,1.0,void Kokkos::Impl::cuda_parallel_launch_local_memory<Kokkos::Impl::ParallelFor<K...
a100,sm80,other,,30,0,0,no,1.0,1.0,1.0,void Kokkos::Impl::cuda_parallel_launch_local_memory<Kokkos::Impl::ParallelFor<K...
a100,sm80,other,,30,0,0,no,1.0,1.0,1.0,void Kokkos::Impl::cuda_parallel_launch_local_memory<Kokkos::Impl::ParallelFor<K...
a100,sm80,other,,30,0,0,no,1.0,1.0,1.0,void Kokkos::Impl::cuda_parallel_launch_local_memory<Kokkos::Impl::ParallelFor<K...
a100,sm80,other,,30,0,0,no,1.0,1.0,1.0,void Kokkos::Impl::cuda_parallel_launch_local_memory<Kokkos::Impl::ParallelFor<K...
a100,sm80,other,,30,0,0,no,1.0,1.0,1.0,void Kokkos::Impl::cuda_parallel_launch_local_memory<Kokkos::Impl::ParallelFor<K...
a100,sm80,other,,29,0,0,no,1.0,1.0,1.0,void Kokkos::Impl::cuda_parallel_launch_local_memory<Kokkos::Impl::ParallelFor<p...
a100,sm80,other,,29,0,0,no,1.0,1.0,1.0,void Kokkos::Impl::cuda_parallel_launch_local_memory<Kokkos::Impl::ParallelFor<p...
a100,sm80,other,,29,0,0,no,1.0,1.0,1.0,void Kokkos::Impl::cuda_parallel_launch_local_memory<Kokkos::Impl::ParallelFor<p...
a100,sm80,other,,29,0,0,no,1.0,1.0,1.0,void Kokkos::Impl::cuda_parallel_launch_local_memory<Kokkos::Impl::ParallelFor<p...
a100,sm80,other,,28,0,0,no,1.0,1.0,1.0,void Kokkos::Impl::cuda_parallel_launch_local_memory<Kokkos::Impl::ParallelFor<K...
a100,sm80,other,,28,0,0,no,1.0,1.0,1.0,void Kokkos::Impl::cuda_parallel_launch_local_memory<Kokkos::Impl::ParallelFor<K...
a100,sm80,other,,28,0,0,no,1.0,1.0,1.0,void Kokkos::Impl::cuda_parallel_launch_local_memory<Kokkos::Impl::ParallelFor<K...
a100,sm80,other,,28,0,0,no,1.0,1.0,1.0,void Kokkos::Impl::cuda_parallel_launch_local_memory<Kokkos::Impl::ParallelFor<K...
a100,sm80,other,,28,0,0,no,1.0,1.0,1.0,void Kokkos::Impl::cuda_parallel_launch_local_memory<Kokkos::Impl::ParallelFor<K...
a100,sm80,other,,28,8,0,no,1.0,1.0,1.0,void Kokkos::Impl::cuda_parallel_launch_local_memory<Kokkos::Impl::ParallelFor<M...
a100,sm80,other,,28,0,0,no,1.0,1.0,1.0,void Kokkos::Impl::cuda_parallel_launch_local_memory<Kokkos::Impl::ParallelFor<K...
a100,sm80,other,,28,0,0,no,1.0,1.0,1.0,void Kokkos::Impl::cuda_parallel_launch_local_memory<Kokkos::Impl::ParallelFor<K...
a100,sm80,other,,28,0,0,no,1.0,1.0,1.0,void Kokkos::Impl::cuda_parallel_launch_local_memory<Kokkos::Impl::ParallelFor<K...
a100,sm80,other,,28,0,0,no,1.0,1.0,1.0,void Kokkos::Impl::cuda_parallel_launch_local_memory<Kokkos::Impl::ParallelFor<K...
a100,sm80,other,,28,0,0,no,1.0,1.0,1.0,void Kokkos::Impl::cuda_parallel_launch_local_memory<Kokkos::Impl::ParallelFor<p...
a100,sm80,other,,28,0,0,no,1.0,1.0,1.0,void Kokkos::Impl::cuda_parallel_launch_local_memory<Kokkos::Impl::ParallelFor<K...
a100,sm80,other,,28,40,0,no,1.0,1.0,1.0,void Kokkos::Impl::cuda_parallel_launch_local_memory<Kokkos::Impl::ParallelFor<p...
a100,sm80,other,,28,40,0,no,1.0,1.0,1.0,void Kokkos::Impl::cuda_parallel_launch_local_memory<Kokkos::Impl::ParallelFor<p...
a100,sm80,other,,28,0,0,no,1.0,1.0,1.0,void Kokkos::Impl::cuda_parallel_launch_local_memory<Kokkos::Impl::ParallelFor<K...
a100,sm80,other,,28,0,0,no,1.0,1.0,1.0,void Kokkos::Impl::cuda_parallel_launch_local_memory<Kokkos::Impl::ParallelFor<K...
a100,sm80,other,,28,0,0,no,1.0,1.0,1.0,void Kokkos::Impl::cuda_parallel_launch_local_memory<Kokkos::Impl::ParallelFor<p...
a100,sm80,other,,28,0,0,no,1.0,1.0,1.0,void Kokkos::Impl::cuda_parallel_launch_local_memory<Kokkos::Impl::ParallelFor<K...
a100,sm80,other,,28,0,0,no,1.0,1.0,1.0,void Kokkos::Impl::cuda_parallel_launch_local_memory<Kokkos::Impl::ParallelFor<K...
a100,sm80,other,,28,0,0,no,1.0,1.0,1.0,void Kokkos::Impl::cuda_parallel_launch_local_memory<Kokkos::Impl::ParallelFor<K...
a100,sm80,other,,28,0,0,no,1.0,1.0,1.0,void Kokkos::Impl::cuda_parallel_launch_local_memory<Kokkos::Impl::ParallelFor<K...
a100,sm80,other,,28,0,0,no,1.0,1.0,1.0,void Kokkos::Impl::cuda_parallel_launch_local_memory<Kokkos::Impl::ParallelFor<K...
a100,sm80,other,,28,0,0,no,1.0,1.0,1.0,void Kokkos::Impl::cuda_parallel_launch_local_memory<Kokkos::Impl::ParallelFor<C...
a100,sm80,other,,28,0,0,no,1.0,1.0,1.0,void Kokkos::Impl::cuda_parallel_launch_local_memory<Kokkos::Impl::ParallelFor<K...
a100,sm80,other,,28,0,0,no,1.0,1.0,1.0,void Kokkos::Impl::cuda_parallel_launch_local_memory<Kokkos::Impl::ParallelFor<K...
a100,sm80,other,,28,0,0,no,1.0,1.0,1.0,void Kokkos::Impl::cuda_parallel_launch_local_memory<Kokkos::Impl::ParallelFor<K...
a100,sm80,other,,28,0,0,no,1.0,1.0,1.0,void Kokkos::Impl::cuda_parallel_launch_local_memory<Kokkos::Impl::ParallelFor<p...
a100,sm80,other,,28,0,0,no,1.0,1.0,1.0,void Kokkos::Impl::cuda_parallel_launch_local_memory<Kokkos::Impl::ParallelFor<K...
a100,sm80,other,,28,0,0,no,1.0,1.0,1.0,void Kokkos::Impl::cuda_parallel_launch_local_memory<Kokkos::Impl::ParallelFor<p...
a100,sm80,other,,28,0,0,no,1.0,1.0,1.0,void Kokkos::Impl::cuda_parallel_launch_local_memory<Kokkos::Impl::ParallelFor<K...
a100,sm80,other,,28,0,0,no,1.0,1.0,1.0,void Kokkos::Impl::cuda_parallel_launch_local_memory<Kokkos::Impl::ParallelFor<K...
a100,sm80,other,,28,0,0,no,1.0,1.0,1.0,void Kokkos::Impl::cuda_parallel_launch_local_memory<Kokkos::Impl::ParallelFor<p...
a100,sm80,other,,28,0,0,no,1.0,1.0,1.0,void Kokkos::Impl::cuda_parallel_launch_local_memory<Kokkos::Impl::ParallelFor<p...
a100,sm80,other,,28,0,0,no,1.0,1.0,1.0,void Kokkos::Impl::cuda_parallel_launch_local_memory<Kokkos::Impl::ParallelFor<p...
a100,sm80,other,,28,0,0,no,1.0,1.0,1.0,void Kokkos::Impl::cuda_parallel_launch_local_memory<Kokkos::Impl::ParallelFor<p...
a100,sm80,other,,28,0,0,no,1.0,1.0,1.0,void Kokkos::Impl::cuda_parallel_launch_local_memory<Kokkos::Impl::ParallelFor<K...
a100,sm80,other,,28,0,0,no,1.0,1.0,1.0,void Kokkos::Impl::cuda_parallel_launch_local_memory<Kokkos::Impl::ParallelFor<K...
a100,sm80,other,,28,0,0,no,1.0,1.0,1.0,void Kokkos::Impl::cuda_parallel_launch_local_memory<Kokkos::Impl::ParallelFor<K...
a100,sm80,other,,28,48,0,no,1.0,1.0,1.0,void Kokkos::Impl::cuda_parallel_launch_local_memory<Kokkos::Impl::ParallelFor<p...
a100,sm80,other,,28,0,0,no,1.0,1.0,1.0,void Kokkos::Impl::cuda_parallel_launch_local_memory<Kokkos::Impl::ParallelFor<K...
a100,sm80,other,,28,0,0,no,1.0,1.0,1.0,void Kokkos::Impl::cuda_parallel_launch_local_memory<Kokkos::Impl::ParallelFor<K...
a100,sm80,other,,28,0,0,no,1.0,1.0,1.0,void Kokkos::Impl::cuda_parallel_launch_local_memory<Kokkos::Impl::ParallelFor<K...
a100,sm80,other,,28,0,0,no,1.0,1.0,1.0,void Kokkos::Impl::cuda_parallel_launch_local_memory<Kokkos::Impl::ParallelFor<K...
a100,sm80,other,,28,0,0,no,1.0,1.0,1.0,void Kokkos::Impl::cuda_parallel_launch_local_memory<Kokkos::Impl::ParallelFor<K...
a100,sm80,other,,28,0,0,no,1.0,1.0,1.0,void Kokkos::Impl::cuda_parallel_launch_local_memory<Kokkos::Impl::ParallelFor<K...
a100,sm80,other,,28,0,0,no,1.0,1.0,1.0,void Kokkos::Impl::cuda_parallel_launch_local_memory<Kokkos::Impl::ParallelFor<p...
a100,sm80,other,,28,16,0,no,1.0,1.0,1.0,void Kokkos::Impl::cuda_parallel_launch_constant_memory<Kokkos::Impl::ParallelFo...
a100,sm80,other,,28,0,0,no,1.0,1.0,1.0,void Kokkos::Impl::cuda_parallel_launch_local_memory<Kokkos::Impl::ParallelFor<K...
a100,sm80,other,,28,0,0,no,1.0,1.0,1.0,void Kokkos::Impl::cuda_parallel_launch_local_memory<Kokkos::Impl::ParallelFor<K...
a100,sm80,other,,28,0,0,no,1.0,1.0,1.0,void Kokkos::Impl::cuda_parallel_launch_local_memory<Kokkos::Impl::ParallelFor<K...
a100,sm80,other,,28,0,0,no,1.0,1.0,1.0,void Kokkos::Impl::cuda_parallel_launch_local_memory<Kokkos::Impl::ParallelFor<p...
a100,sm80,other,,28,0,0,no,1.0,1.0,1.0,void Kokkos::Impl::cuda_parallel_launch_local_memory<Kokkos::Impl::ParallelFor<p...
a100,sm80,other,,28,0,0,no,1.0,1.0,1.0,void Kokkos::Impl::cuda_parallel_launch_local_memory<Kokkos::Impl::ParallelFor<K...
a100,sm80,other,,28,0,0,no,1.0,1.0,1.0,void Kokkos::Impl::cuda_parallel_launch_local_memory<Kokkos::Impl::ParallelFor<K...
a100,sm80,other,,28,40,0,no,1.0,1.0,1.0,void Kokkos::Impl::cuda_parallel_launch_local_memory<Kokkos::Impl::ParallelFor<p...
a100,sm80,other,,27,0,0,no,1.0,1.0,1.0,void Kokkos::Impl::cuda_parallel_launch_local_memory<Kokkos::Impl::ParallelFor<K...
a100,sm80,other,,27,0,0,no,1.0,1.0,1.0,void Kokkos::Impl::cuda_parallel_launch_local_memory<Kokkos::Impl::ParallelFor<K...
a100,sm80,other,,26,0,0,no,1.0,1.0,1.0,void Kokkos::Impl::cuda_parallel_launch_local_memory<Kokkos::Impl::ParallelFor<K...
a100,sm80,other,,26,0,0,no,1.0,1.0,1.0,void Kokkos::Impl::cuda_parallel_launch_local_memory<Kokkos::Impl::ParallelFor<K...
a100,sm80,other,,26,0,0,no,1.0,1.0,1.0,void Kokkos::Impl::cuda_parallel_launch_local_memory<Kokkos::Impl::ParallelFor<K...
a100,sm80,other,,26,0,0,no,1.0,1.0,1.0,void Kokkos::Impl::cuda_parallel_launch_local_memory<Kokkos::Impl::ParallelFor<K...
a100,sm80,other,,26,0,0,no,1.0,1.0,1.0,void Kokkos::Impl::cuda_parallel_launch_local_memory<Kokkos::Impl::ParallelFor<K...
a100,sm80,other,,26,0,0,no,1.0,1.0,1.0,void Kokkos::Impl::cuda_parallel_launch_local_memory<Kokkos::Impl::ParallelFor<K...
a100,sm80,other,,26,0,0,no,1.0,1.0,1.0,void Kokkos::Impl::cuda_parallel_launch_local_memory<Kokkos::Impl::ParallelFor<K...
a100,sm80,other,,26,0,0,no,1.0,1.0,1.0,void Kokkos::Impl::cuda_parallel_launch_local_memory<Kokkos::Impl::ParallelFor<p...
a100,sm80,other,,26,0,0,no,1.0,1.0,1.0,void Kokkos::Impl::cuda_parallel_launch_local_memory<Kokkos::Impl::ParallelFor<K...
a100,sm80,other,,26,0,0,no,1.0,1.0,1.0,void Kokkos::Impl::cuda_parallel_launch_local_memory<Kokkos::Impl::ParallelFor<K...
a100,sm80,other,,26,0,0,no,1.0,1.0,1.0,void Kokkos::Impl::cuda_parallel_launch_local_memory<Kokkos::Impl::ParallelFor<K...
a100,sm80,other,,26,0,0,no,1.0,1.0,1.0,void Kokkos::Impl::cuda_parallel_launch_local_memory<Kokkos::Impl::ParallelFor<p...
a100,sm80,other,,26,0,0,no,1.0,1.0,1.0,void Kokkos::Impl::cuda_parallel_launch_local_memory<Kokkos::Impl::ParallelFor<p...
a100,sm80,other,,26,0,0,no,1.0,1.0,1.0,void Kokkos::Impl::cuda_parallel_launch_local_memory<Kokkos::Impl::ParallelFor<p...
a100,sm80,other,,25,0,0,no,1.0,1.0,1.0,void Kokkos::Impl::cuda_parallel_launch_local_memory<Kokkos::Impl::ParallelFor<K...
a100,sm80,other,,25,0,0,no,1.0,1.0,1.0,void Kokkos::Impl::cuda_parallel_launch_local_memory<Kokkos::Impl::ParallelFor<K...
a100,sm80,other,,25,0,0,no,1.0,1.0,1.0,void Kokkos::Impl::cuda_parallel_launch_local_memory<Kokkos::Impl::ParallelFor<K...
a100,sm80,other,,25,0,0,no,1.0,1.0,1.0,void Kokkos::Impl::cuda_parallel_launch_local_memory<Kokkos::Impl::ParallelFor<K...
a100,sm80,other,,25,0,0,no,1.0,1.0,1.0,void Kokkos::Impl::cuda_parallel_launch_local_memory<Kokkos::Impl::ParallelFor<K...
a100,sm80,other,,25,0,0,no,1.0,1.0,1.0,void Kokkos::Impl::cuda_parallel_launch_local_memory<Kokkos::Impl::ParallelFor<K...
a100,sm80,other,,25,0,0,no,1.0,1.0,1.0,void Kokkos::Impl::cuda_parallel_launch_local_memory<Kokkos::Impl::ParallelFor<K...
a100,sm80,other,,25,0,0,no,1.0,1.0,1.0,void Kokkos::Impl::cuda_parallel_launch_local_memory<Kokkos::Impl::ParallelFor<K...
a100,sm80,other,,25,0,0,no,1.0,1.0,1.0,void Kokkos::Impl::cuda_parallel_launch_local_memory<Kokkos::Impl::ParallelFor<K...
a100,sm80,other,,25,0,0,no,1.0,1.0,1.0,void Kokkos::Impl::cuda_parallel_launch_local_memory<Kokkos::Impl::ParallelFor<K...
a100,sm80,other,,25,0,0,no,1.0,1.0,1.0,void Kokkos::Impl::cuda_parallel_launch_local_memory<Kokkos::Impl::ParallelFor<K...
a100,sm80,other,,25,0,0,no,1.0,1.0,1.0,void Kokkos::Impl::cuda_parallel_launch_local_memory<Kokkos::Impl::ParallelFor<K...
a100,sm80,other,,25,0,0,no,1.0,1.0,1.0,void Kokkos::Impl::cuda_parallel_launch_local_memory<Kokkos::Impl::ParallelFor<K...
a100,sm80,other,,25,0,0,no,1.0,1.0,1.0,void Kokkos::Impl::cuda_parallel_launch_local_memory<Kokkos::Impl::ParallelReduc...
a100,sm80,other,,25,0,0,no,1.0,1.0,1.0,void Kokkos::Impl::cuda_parallel_launch_local_memory<Kokkos::Impl::ParallelFor<K...
a100,sm80,other,,25,0,0,no,1.0,1.0,1.0,void Kokkos::Impl::cuda_parallel_launch_local_memory<Kokkos::Impl::ParallelFor<K...
a100,sm80,other,,25,0,0,no,1.0,1.0,1.0,void Kokkos::Impl::cuda_parallel_launch_local_memory<Kokkos::Impl::ParallelReduc...
a100,sm80,other,,24,8,0,no,1.0,1.0,1.0,void Kokkos::Impl::cuda_parallel_launch_local_memory<Kokkos::Impl::ParallelFor<M...
a100,sm80,other,,24,0,0,no,1.0,1.0,1.0,void Kokkos::Impl::cuda_parallel_launch_local_memory<Kokkos::Impl::ParallelFor<K...
a100,sm80,other,,24,0,0,no,1.0,1.0,1.0,void Kokkos::Impl::cuda_parallel_launch_local_memory<Kokkos::Impl::ParallelFor<K...
a100,sm80,other,,24,0,0,no,1.0,1.0,1.0,void Kokkos::Impl::cuda_parallel_launch_local_memory<Kokkos::Impl::ParallelFor<K...
a100,sm80,other,,24,0,0,no,1.0,1.0,1.0,void Kokkos::Impl::cuda_parallel_launch_local_memory<Kokkos::Impl::ParallelFor<K...
a100,sm80,other,,24,0,0,no,1.0,1.0,1.0,void Kokkos::Impl::cuda_parallel_launch_local_memory<Kokkos::Impl::ParallelFor<p...
a100,sm80,other,,24,0,0,no,1.0,1.0,1.0,void Kokkos::Impl::cuda_parallel_launch_local_memory<Kokkos::Impl::ParallelFor<K...
a100,sm80,other,,24,0,0,no,1.0,1.0,1.0,void Kokkos::Impl::cuda_parallel_launch_local_memory<Kokkos::Impl::ParallelFor<K...
a100,sm80,other,,24,0,0,no,1.0,1.0,1.0,void Kokkos::Impl::cuda_parallel_launch_local_memory<Kokkos::Impl::ParallelFor<K...
a100,sm80,other,,24,0,0,no,1.0,1.0,1.0,void Kokkos::Impl::cuda_parallel_launch_local_memory<Kokkos::Impl::ParallelFor<K...
a100,sm80,other,,22,0,0,no,1.0,1.0,1.0,void Kokkos::Impl::cuda_parallel_launch_local_memory<Kokkos::Impl::ParallelFor<K...
a100,sm80,other,,22,0,0,no,1.0,1.0,1.0,void Kokkos::Impl::cuda_parallel_launch_local_memory<Kokkos::Impl::ParallelFor<K...
a100,sm80,other,,22,0,0,no,1.0,1.0,1.0,void Kokkos::Impl::cuda_parallel_launch_local_memory<Kokkos::Impl::ParallelFor<K...
a100,sm80,other,,22,0,0,no,1.0,1.0,1.0,void Kokkos::Impl::cuda_parallel_launch_local_memory<Kokkos::Impl::ParallelFor<K...
a100,sm80,other,,22,0,0,no,1.0,1.0,1.0,void Kokkos::Impl::cuda_parallel_launch_local_memory<Kokkos::Impl::ParallelFor<K...
a100,sm80,other,,22,0,0,no,1.0,1.0,1.0,void Kokkos::Impl::cuda_parallel_launch_local_memory<Kokkos::Impl::ParallelFor<K...
a100,sm80,other,,22,0,0,no,1.0,1.0,1.0,void Kokkos::Impl::cuda_parallel_launch_local_memory<Kokkos::Impl::ParallelFor<K...
a100,sm80,other,,22,0,0,no,1.0,1.0,1.0,void Kokkos::Impl::cuda_parallel_launch_local_memory<Kokkos::Impl::ParallelFor<K...
a100,sm80,other,,22,0,0,no,1.0,1.0,1.0,void Kokkos::Impl::cuda_parallel_launch_local_memory<Kokkos::Impl::ParallelFor<p...
a100,sm80,other,,22,0,0,no,1.0,1.0,1.0,void Kokkos::Impl::cuda_parallel_launch_local_memory<Kokkos::Impl::ParallelFor<K...
a100,sm80,other,,22,0,0,no,1.0,1.0,1.0,void Kokkos::Impl::cuda_parallel_launch_local_memory<Kokkos::Impl::ParallelFor<K...
a100,sm80,other,,22,0,0,no,1.0,1.0,1.0,void Kokkos::Impl::cuda_parallel_launch_local_memory<Kokkos::Impl::ParallelFor<K...
a100,sm80,other,,21,0,0,no,1.0,1.0,1.0,void Kokkos::Impl::cuda_parallel_launch_local_memory<Kokkos::Impl::ParallelFor<K...
a100,sm80,other,,21,0,0,no,1.0,1.0,1.0,void Kokkos::Impl::cuda_parallel_launch_local_memory<Kokkos::Impl::ParallelFor<K...
a100,sm80,other,,21,0,0,no,1.0,1.0,1.0,void Kokkos::Impl::cuda_parallel_launch_constant_memory<Kokkos::Impl::ParallelFo...
a100,sm80,other,,21,0,0,no,1.0,1.0,1.0,void Kokkos::Impl::cuda_parallel_launch_local_memory<Kokkos::Impl::ParallelFor<K...
a100,sm80,other,,21,0,0,no,1.0,1.0,1.0,void Kokkos::Impl::cuda_parallel_launch_local_memory<Kokkos::Impl::ParallelFor<K...
a100,sm80,other,,21,0,0,no,1.0,1.0,1.0,void Kokkos::Impl::cuda_parallel_launch_local_memory<Kokkos::Impl::ParallelFor<K...
a100,sm80,other,,21,0,0,no,1.0,1.0,1.0,void Kokkos::Impl::cuda_parallel_launch_local_memory<Kokkos::Impl::ParallelFor<K...
a100,sm80,other,,21,0,0,no,1.0,1.0,1.0,void Kokkos::Impl::cuda_parallel_launch_local_memory<Kokkos::Impl::ParallelFor<K...
a100,sm80,other,,21,0,0,no,1.0,1.0,1.0,void Kokkos::Impl::cuda_parallel_launch_local_memory<Kokkos::Impl::ParallelFor<K...
a100,sm80,other,,21,0,0,no,1.0,1.0,1.0,void Kokkos::Impl::cuda_parallel_launch_local_memory<Kokkos::Impl::ParallelFor<K...
a100,sm80,other,,21,0,0,no,1.0,1.0,1.0,void Kokkos::Impl::cuda_parallel_launch_local_memory<Kokkos::Impl::ParallelFor<K...
a100,sm80,other,,21,0,0,no,1.0,1.0,1.0,void Kokkos::Impl::cuda_parallel_launch_local_memory<Kokkos::Impl::ParallelFor<K...
a100,sm80,other,,21,0,0,no,1.0,1.0,1.0,void Kokkos::Impl::cuda_parallel_launch_local_memory<Kokkos::Impl::ParallelFor<K...
a100,sm80,other,,21,0,0,no,1.0,1.0,1.0,void Kokkos::Impl::cuda_parallel_launch_local_memory<Kokkos::Impl::ParallelFor<K...
a100,sm80,other,,21,0,0,no,1.0,1.0,1.0,void Kokkos::Impl::cuda_parallel_launch_local_memory<Kokkos::Impl::ParallelFor<K...
a100,sm80,other,,21,0,0,no,1.0,1.0,1.0,void Kokkos::Impl::cuda_parallel_launch_local_memory<Kokkos::Impl::ParallelFor<K...
a100,sm80,other,,21,0,0,no,1.0,1.0,1.0,void Kokkos::Impl::cuda_parallel_launch_local_memory<Kokkos::Impl::ParallelFor<K...
a100,sm80,other,,21,0,0,no,1.0,1.0,1.0,void Kokkos::Impl::cuda_parallel_launch_local_memory<Kokkos::Impl::ParallelFor<p...
a100,sm80,other,,21,0,0,no,1.0,1.0,1.0,void Kokkos::Impl::cuda_parallel_launch_local_memory<Kokkos::Impl::ParallelFor<K...
a100,sm80,other,,21,0,0,no,1.0,1.0,1.0,void Kokkos::Impl::cuda_parallel_launch_local_memory<Kokkos::Impl::ParallelFor<K...
a100,sm80,other,,21,0,0,no,1.0,1.0,1.0,void Kokkos::Impl::cuda_parallel_launch_local_memory<Kokkos::Impl::ParallelFor<K...
a100,sm80,other,,21,0,0,no,1.0,1.0,1.0,void Kokkos::Impl::cuda_parallel_launch_local_memory<Kokkos::Impl::ParallelFor<K...
a100,sm80,other,,21,0,0,no,1.0,1.0,1.0,void Kokkos::Impl::cuda_parallel_launch_local_memory<Kokkos::Impl::ParallelFor<K...
a100,sm80,other,,21,0,0,no,1.0,1.0,1.0,void Kokkos::Impl::cuda_parallel_launch_local_memory<Kokkos::Impl::ParallelFor<K...
a100,sm80,other,,21,0,0,no,1.0,1.0,1.0,void Kokkos::Impl::cuda_parallel_launch_local_memory<Kokkos::Impl::ParallelFor<K...
a100,sm80,other,,21,0,0,no,1.0,1.0,1.0,void Kokkos::Impl::cuda_parallel_launch_local_memory<Kokkos::Impl::ParallelFor<K...
a100,sm80,other,,21,0,0,no,1.0,1.0,1.0,void Kokkos::Impl::cuda_parallel_launch_local_memory<Kokkos::Impl::ParallelFor<K...
a100,sm80,other,,21,0,0,no,1.0,1.0,1.0,void Kokkos::Impl::cuda_parallel_launch_local_memory<Kokkos::Impl::ParallelFor<K...
a100,sm80,other,,20,0,0,no,1.0,1.0,1.0,void Kokkos::Impl::cuda_parallel_launch_local_memory<Kokkos::Impl::ParallelFor<K...
a100,sm80,other,,20,0,0,no,1.0,1.0,1.0,void Kokkos::Impl::cuda_parallel_launch_local_memory<Kokkos::Impl::ParallelFor<K...
a100,sm80,other,,20,0,0,no,1.0,1.0,1.0,void Kokkos::Impl::cuda_parallel_launch_local_memory<Kokkos::Impl::ParallelFor<K...
a100,sm80,other,,20,0,0,no,1.0,1.0,1.0,void Kokkos::Impl::cuda_parallel_launch_local_memory<Kokkos::Impl::ParallelFor<K...
a100,sm80,other,,20,0,0,no,1.0,1.0,1.0,void Kokkos::Impl::cuda_parallel_launch_local_memory<Kokkos::Impl::ParallelFor<K...
a100,sm80,other,,20,0,0,no,1.0,1.0,1.0,void Kokkos::Impl::cuda_parallel_launch_local_memory<Kokkos::Impl::ParallelFor<K...
a100,sm80,other,,20,0,0,no,1.0,1.0,1.0,void Kokkos::Impl::cuda_parallel_launch_local_memory<Kokkos::Impl::ParallelFor<K...
a100,sm80,other,,20,0,0,no,1.0,1.0,1.0,void Kokkos::Impl::cuda_parallel_launch_local_memory<Kokkos::Impl::ParallelFor<K...
a100,sm80,other,,20,0,0,no,1.0,1.0,1.0,void Kokkos::Impl::cuda_parallel_launch_local_memory<Kokkos::Impl::ParallelFor<K...
a100,sm80,other,,20,0,0,no,1.0,1.0,1.0,void Kokkos::Impl::cuda_parallel_launch_local_memory<Kokkos::Impl::ParallelFor<p...
a100,sm80,other,,20,0,0,no,1.0,1.0,1.0,void Kokkos::Impl::cuda_parallel_launch_local_memory<Kokkos::Impl::ParallelFor<p...
a100,sm80,other,,20,0,0,no,1.0,1.0,1.0,void Kokkos::Impl::cuda_parallel_launch_local_memory<Kokkos::Impl::ParallelFor<K...
a100,sm80,other,,20,0,0,no,1.0,1.0,1.0,void Kokkos::Impl::cuda_parallel_launch_local_memory<Kokkos::Impl::ParallelFor<K...
a100,sm80,other,,20,0,0,no,1.0,1.0,1.0,void Kokkos::Impl::cuda_parallel_launch_local_memory<Kokkos::Impl::ParallelFor<K...
a100,sm80,other,,20,0,0,no,1.0,1.0,1.0,void Kokkos::Impl::cuda_parallel_launch_local_memory<Kokkos::Impl::ParallelFor<K...
a100,sm80,other,,20,0,0,no,1.0,1.0,1.0,void Kokkos::Impl::cuda_parallel_launch_local_memory<Kokkos::Impl::ParallelFor<K...
a100,sm80,other,,20,0,0,no,1.0,1.0,1.0,void Kokkos::Impl::cuda_parallel_launch_local_memory<Kokkos::Impl::ParallelFor<K...
a100,sm80,other,,20,0,0,no,1.0,1.0,1.0,void Kokkos::Impl::cuda_parallel_launch_local_memory<Kokkos::Impl::ParallelFor<K...
a100,sm80,other,,20,0,0,no,1.0,1.0,1.0,void Kokkos::Impl::cuda_parallel_launch_local_memory<Kokkos::Impl::ParallelFor<K...
a100,sm80,other,,20,0,0,no,1.0,1.0,1.0,void Kokkos::Impl::cuda_parallel_launch_local_memory<Kokkos::Impl::ParallelFor<p...
a100,sm80,other,,20,0,0,no,1.0,1.0,1.0,void Kokkos::Impl::cuda_parallel_launch_local_memory<Kokkos::Impl::ParallelFor<p...
a100,sm80,other,,20,0,0,no,1.0,1.0,1.0,void Kokkos::Impl::cuda_parallel_launch_local_memory<Kokkos::Impl::ParallelFor<K...
a100,sm80,other,,20,0,0,no,1.0,1.0,1.0,void Kokkos::Impl::cuda_parallel_launch_local_memory<Kokkos::Impl::ParallelFor<K...
a100,sm80,other,,19,0,0,no,1.0,1.0,1.0,void Kokkos::Impl::cuda_parallel_launch_local_memory<Kokkos::Impl::ParallelFor<K...
a100,sm80,other,,19,0,0,no,1.0,1.0,1.0,void Kokkos::Impl::cuda_parallel_launch_local_memory<Kokkos::Impl::ParallelFor<K...
a100,sm80,other,,19,0,0,no,1.0,1.0,1.0,void Kokkos::Impl::cuda_parallel_launch_local_memory<Kokkos::Impl::ParallelFor<K...
a100,sm80,other,,19,0,0,no,1.0,1.0,1.0,void Kokkos::Impl::cuda_parallel_launch_local_memory<Kokkos::Impl::ParallelFor<K...
a100,sm80,other,,19,0,0,no,1.0,1.0,1.0,void Kokkos::Impl::cuda_parallel_launch_local_memory<Kokkos::Impl::ParallelFor<K...
a100,sm80,other,,19,0,0,no,1.0,1.0,1.0,void Kokkos::Impl::cuda_parallel_launch_local_memory<Kokkos::Impl::ParallelFor<K...
a100,sm80,other,,19,0,0,no,1.0,1.0,1.0,void Kokkos::Impl::cuda_parallel_launch_local_memory<Kokkos::Impl::ParallelFor<K...
a100,sm80,other,,19,0,0,no,1.0,1.0,1.0,void Kokkos::Impl::cuda_parallel_launch_local_memory<Kokkos::Impl::ParallelFor<K...
a100,sm80,other,,19,0,0,no,1.0,1.0,1.0,void Kokkos::Impl::cuda_parallel_launch_local_memory<Kokkos::Impl::ParallelFor<K...
a100,sm80,other,,19,0,0,no,1.0,1.0,1.0,void Kokkos::Impl::cuda_parallel_launch_local_memory<Kokkos::Impl::ParallelFor<K...
a100,sm80,other,,19,0,0,no,1.0,1.0,1.0,void Kokkos::Impl::cuda_parallel_launch_local_memory<Kokkos::Impl::ParallelFor<K...
a100,sm80,other,,19,0,0,no,1.0,1.0,1.0,void Kokkos::Impl::cuda_parallel_launch_local_memory<Kokkos::Impl::ParallelFor<K...
a100,sm80,other,,19,0,0,no,1.0,1.0,1.0,void Kokkos::Impl::cuda_parallel_launch_local_memory<Kokkos::Impl::ParallelFor<K...
a100,sm80,other,,19,0,0,no,1.0,1.0,1.0,void Kokkos::Impl::cuda_parallel_launch_local_memory<Kokkos::Impl::ParallelFor<K...
a100,sm80,other,,19,0,0,no,1.0,1.0,1.0,void Kokkos::Impl::cuda_parallel_launch_local_memory<Kokkos::Impl::ParallelFor<K...
a100,sm80,other,,19,0,0,no,1.0,1.0,1.0,void Kokkos::Impl::cuda_parallel_launch_local_memory<Kokkos::Impl::ParallelFor<K...
a100,sm80,other,,19,0,0,no,1.0,1.0,1.0,void Kokkos::Impl::cuda_parallel_launch_local_memory<Kokkos::Impl::ParallelFor<K...
a100,sm80,other,,19,0,0,no,1.0,1.0,1.0,void Kokkos::Impl::cuda_parallel_launch_local_memory<Kokkos::Impl::ParallelFor<K...
a100,sm80,other,,19,0,0,no,1.0,1.0,1.0,void Kokkos::Impl::cuda_parallel_launch_local_memory<Kokkos::Impl::ParallelFor<K...
a100,sm80,other,,19,0,0,no,1.0,1.0,1.0,void Kokkos::Impl::cuda_parallel_launch_local_memory<Kokkos::Impl::ParallelFor<K...
a100,sm80,other,,19,0,0,no,1.0,1.0,1.0,void Kokkos::Impl::cuda_parallel_launch_local_memory<Kokkos::Impl::ParallelFor<K...
a100,sm80,other,,19,0,0,no,1.0,1.0,1.0,void Kokkos::Impl::cuda_parallel_launch_local_memory<Kokkos::Impl::ParallelFor<K...
a100,sm80,other,,19,0,0,no,1.0,1.0,1.0,void Kokkos::Impl::cuda_parallel_launch_local_memory<Kokkos::Impl::ParallelFor<K...
a100,sm80,other,,19,0,0,no,1.0,1.0,1.0,void Kokkos::Impl::cuda_parallel_launch_local_memory<Kokkos::Impl::ParallelFor<K...
a100,sm80,other,,18,0,0,no,1.0,1.0,1.0,void Kokkos::Impl::cuda_parallel_launch_local_memory<Kokkos::Impl::ParallelFor<K...
a100,sm80,other,,18,0,0,no,1.0,1.0,1.0,void Kokkos::Impl::cuda_parallel_launch_local_memory<Kokkos::Impl::ParallelFor<K...
a100,sm80,other,,18,0,0,no,1.0,1.0,1.0,void Kokkos::Impl::cuda_parallel_launch_local_memory<Kokkos::Impl::ParallelFor<K...
a100,sm80,other,,18,0,0,no,1.0,1.0,1.0,void Kokkos::Impl::cuda_parallel_launch_local_memory<Kokkos::Impl::ParallelFor<K...
a100,sm80,other,,18,0,0,no,1.0,1.0,1.0,void Kokkos::Impl::cuda_parallel_launch_local_memory<Kokkos::Impl::ParallelFor<K...
a100,sm80,other,,18,0,0,no,1.0,1.0,1.0,void Kokkos::Impl::cuda_parallel_launch_local_memory<Kokkos::Impl::ParallelFor<K...
a100,sm80,other,,18,0,0,no,1.0,1.0,1.0,void Kokkos::Impl::cuda_parallel_launch_local_memory<Kokkos::Impl::ParallelFor<K...
a100,sm80,other,,18,0,0,no,1.0,1.0,1.0,void Kokkos::Impl::cuda_parallel_launch_local_memory<Kokkos::Impl::ParallelFor<K...
a100,sm80,other,,18,0,0,no,1.0,1.0,1.0,void Kokkos::Impl::cuda_parallel_launch_local_memory<Kokkos::Impl::ParallelFor<K...
a100,sm80,other,,18,0,0,no,1.0,1.0,1.0,void Kokkos::Impl::cuda_parallel_launch_local_memory<Kokkos::Impl::ParallelFor<K...
a100,sm80,other,,18,0,0,no,1.0,1.0,1.0,void Kokkos::Impl::cuda_parallel_launch_local_memory<Kokkos::Impl::ParallelFor<K...
a100,sm80,other,,18,0,0,no,1.0,1.0,1.0,void Kokkos::Impl::cuda_parallel_launch_local_memory<Kokkos::Impl::ParallelFor<K...
a100,sm80,other,,18,0,0,no,1.0,1.0,1.0,void Kokkos::Impl::cuda_parallel_launch_local_memory<Kokkos::Impl::ParallelFor<K...
a100,sm80,other,,18,0,0,no,1.0,1.0,1.0,void Kokkos::Impl::cuda_parallel_launch_local_memory<Kokkos::Impl::ParallelFor<K...
a100,sm80,other,,18,0,0,no,1.0,1.0,1.0,void Kokkos::Impl::cuda_parallel_launch_local_memory<Kokkos::Impl::ParallelFor<K...
a100,sm80,other,,18,0,0,no,1.0,1.0,1.0,void Kokkos::Impl::cuda_parallel_launch_local_memory<Kokkos::Impl::ParallelFor<K...
a100,sm80,other,,18,0,0,no,1.0,1.0,1.0,void Kokkos::Impl::cuda_parallel_launch_local_memory<Kokkos::Impl::ParallelFor<K...
a100,sm80,other,,18,0,0,no,1.0,1.0,1.0,void Kokkos::Impl::cuda_parallel_launch_local_memory<Kokkos::Impl::ParallelFor<K...
a100,sm80,other,,18,0,0,no,1.0,1.0,1.0,void Kokkos::Impl::cuda_parallel_launch_local_memory<Kokkos::Impl::ParallelFor<K...
a100,sm80,other,,18,0,0,no,1.0,1.0,1.0,void Kokkos::Impl::cuda_parallel_launch_local_memory<Kokkos::Impl::ParallelFor<K...
a100,sm80,other,,18,0,0,no,1.0,1.0,1.0,void Kokkos::Impl::cuda_parallel_launch_local_memory<Kokkos::Impl::ParallelFor<K...
a100,sm80,other,,18,0,0,no,1.0,1.0,1.0,void Kokkos::Impl::cuda_parallel_launch_local_memory<Kokkos::Impl::ParallelFor<K...
a100,sm80,other,,18,0,0,no,1.0,1.0,1.0,void Kokkos::Impl::cuda_parallel_launch_local_memory<Kokkos::Impl::ParallelFor<K...
a100,sm80,other,,18,0,0,no,1.0,1.0,1.0,void Kokkos::Impl::cuda_parallel_launch_local_memory<Kokkos::Impl::ParallelFor<K...
a100,sm80,other,,18,0,0,no,1.0,1.0,1.0,void Kokkos::Impl::cuda_parallel_launch_local_memory<Kokkos::Impl::ParallelFor<K...
a100,sm80,other,,18,0,0,no,1.0,1.0,1.0,void Kokkos::Impl::cuda_parallel_launch_local_memory<Kokkos::Impl::ParallelFor<K...
a100,sm80,other,,18,0,0,no,1.0,1.0,1.0,void Kokkos::Impl::cuda_parallel_launch_local_memory<Kokkos::Impl::ParallelFor<K...
a100,sm80,other,,18,0,0,no,1.0,1.0,1.0,void Kokkos::Impl::cuda_parallel_launch_local_memory<Kokkos::Impl::ParallelFor<K...
a100,sm80,other,,18,0,0,no,1.0,1.0,1.0,void Kokkos::Impl::cuda_parallel_launch_local_memory<Kokkos::Impl::ParallelFor<K...
a100,sm80,other,,18,0,0,no,1.0,1.0,1.0,void Kokkos::Impl::cuda_parallel_launch_local_memory<Kokkos::Impl::ParallelFor<K...
a100,sm80,other,,18,0,0,no,1.0,1.0,1.0,void Kokkos::Impl::cuda_parallel_launch_local_memory<Kokkos::Impl::ParallelFor<K...
a100,sm80,other,,18,0,0,no,1.0,1.0,1.0,void Kokkos::Impl::cuda_parallel_launch_local_memory<Kokkos::Impl::ParallelFor<K...
a100,sm80,other,,18,0,0,no,1.0,1.0,1.0,void Kokkos::Impl::cuda_parallel_launch_local_memory<Kokkos::Impl::ParallelFor<K...
a100,sm80,other,,18,0,0,no,1.0,1.0,1.0,void Kokkos::Impl::cuda_parallel_launch_local_memory<Kokkos::Impl::ParallelFor<K...
a100,sm80,other,,18,0,0,no,1.0,1.0,1.0,void Kokkos::Impl::cuda_parallel_launch_local_memory<Kokkos::Impl::ParallelFor<K...
a100,sm80,other,,18,0,0,no,1.0,1.0,1.0,void Kokkos::Impl::cuda_parallel_launch_local_memory<Kokkos::Impl::ParallelFor<K...
a100,sm80,other,,18,0,0,no,1.0,1.0,1.0,void Kokkos::Impl::cuda_parallel_launch_local_memory<Kokkos::Impl::ParallelFor<K...
a100,sm80,other,,18,0,0,no,1.0,1.0,1.0,void Kokkos::Impl::cuda_parallel_launch_local_memory<Kokkos::Impl::ParallelFor<K...
a100,sm80,other,,18,0,0,no,1.0,1.0,1.0,void Kokkos::Impl::cuda_parallel_launch_local_memory<Kokkos::Impl::ParallelFor<K...
a100,sm80,other,,18,0,0,no,1.0,1.0,1.0,void Kokkos::Impl::cuda_parallel_launch_local_memory<Kokkos::Impl::ParallelFor<K...
a100,sm80,other,,18,0,0,no,1.0,1.0,1.0,void Kokkos::Impl::cuda_parallel_launch_local_memory<Kokkos::Impl::ParallelFor<K...
a100,sm80,other,,18,0,0,no,1.0,1.0,1.0,void Kokkos::Impl::cuda_parallel_launch_local_memory<Kokkos::Impl::ParallelFor<K...
a100,sm80,other,,18,0,0,no,1.0,1.0,1.0,void Kokkos::Impl::cuda_parallel_launch_local_memory<Kokkos::Impl::ParallelFor<K...
a100,sm80,other,,17,0,0,no,1.0,1.0,1.0,void Kokkos::Impl::cuda_parallel_launch_local_memory<Kokkos::Impl::ParallelFor<K...
a100,sm80,other,,17,0,0,no,1.0,1.0,1.0,void Kokkos::Impl::cuda_parallel_launch_local_memory<Kokkos::Impl::ParallelFor<K...
a100,sm80,other,,17,0,0,no,1.0,1.0,1.0,void Kokkos::Impl::cuda_parallel_launch_local_memory<Kokkos::Impl::ParallelFor<K...
a100,sm80,other,,17,0,0,no,1.0,1.0,1.0,void Kokkos::Impl::cuda_parallel_launch_local_memory<Kokkos::Impl::ParallelFor<K...
a100,sm80,other,,17,0,0,no,1.0,1.0,1.0,void Kokkos::Impl::cuda_parallel_launch_local_memory<Kokkos::Impl::ParallelFor<K...
a100,sm80,other,,17,0,0,no,1.0,1.0,1.0,void Kokkos::Impl::cuda_parallel_launch_local_memory<Kokkos::Impl::ParallelFor<K...
a100,sm80,other,,17,0,0,no,1.0,1.0,1.0,void Kokkos::Impl::cuda_parallel_launch_local_memory<Kokkos::Impl::ParallelFor<K...
a100,sm80,other,,17,0,0,no,1.0,1.0,1.0,void Kokkos::Impl::cuda_parallel_launch_local_memory<Kokkos::Impl::ParallelFor<K...
a100,sm80,other,,17,0,0,no,1.0,1.0,1.0,void Kokkos::Impl::cuda_parallel_launch_local_memory<Kokkos::Impl::ParallelFor<K...
a100,sm80,other,,17,0,0,no,1.0,1.0,1.0,void Kokkos::Impl::cuda_parallel_launch_local_memory<Kokkos::Impl::ParallelFor<K...
a100,sm80,other,,17,0,0,no,1.0,1.0,1.0,void Kokkos::Impl::cuda_parallel_launch_local_memory<Kokkos::Impl::ParallelFor<K...
a100,sm80,other,,17,0,0,no,1.0,1.0,1.0,void Kokkos::Impl::cuda_parallel_launch_local_memory<Kokkos::Impl::ParallelFor<K...
a100,sm80,other,,17,0,0,no,1.0,1.0,1.0,void Kokkos::Impl::cuda_parallel_launch_local_memory<Kokkos::Impl::ParallelFor<K...
a100,sm80,other,,17,0,0,no,1.0,1.0,1.0,void Kokkos::Impl::cuda_parallel_launch_local_memory<Kokkos::Impl::ParallelFor<K...
a100,sm80,other,,17,0,0,no,1.0,1.0,1.0,void Kokkos::Impl::cuda_parallel_launch_local_memory<Kokkos::Impl::ParallelFor<K...
a100,sm80,other,,17,0,0,no,1.0,1.0,1.0,void Kokkos::Impl::cuda_parallel_launch_local_memory<Kokkos::Impl::ParallelFor<K...
a100,sm80,other,,17,0,0,no,1.0,1.0,1.0,void Kokkos::Impl::cuda_parallel_launch_local_memory<Kokkos::Impl::ParallelFor<K...
a100,sm80,other,,17,0,0,no,1.0,1.0,1.0,void Kokkos::Impl::cuda_parallel_launch_local_memory<Kokkos::Impl::ParallelFor<K...
a100,sm80,other,,17,0,0,no,1.0,1.0,1.0,void Kokkos::Impl::cuda_parallel_launch_local_memory<Kokkos::Impl::ParallelFor<K...
a100,sm80,other,,17,0,0,no,1.0,1.0,1.0,void Kokkos::Impl::cuda_parallel_launch_local_memory<Kokkos::Impl::ParallelFor<K...
a100,sm80,other,,17,0,0,no,1.0,1.0,1.0,void Kokkos::Impl::cuda_parallel_launch_local_memory<Kokkos::Impl::ParallelFor<K...
a100,sm80,other,,17,0,0,no,1.0,1.0,1.0,void Kokkos::Impl::cuda_parallel_launch_local_memory<Kokkos::Impl::ParallelFor<K...
a100,sm80,other,,17,0,0,no,1.0,1.0,1.0,void Kokkos::Impl::cuda_parallel_launch_local_memory<Kokkos::Impl::ParallelFor<K...
a100,sm80,other,,17,0,0,no,1.0,1.0,1.0,void Kokkos::Impl::cuda_parallel_launch_local_memory<Kokkos::Impl::ParallelFor<K...
a100,sm80,other,,17,0,0,no,1.0,1.0,1.0,void Kokkos::Impl::cuda_parallel_launch_local_memory<Kokkos::Impl::ParallelFor<K...
a100,sm80,other,,17,0,0,no,1.0,1.0,1.0,void Kokkos::Impl::cuda_parallel_launch_local_memory<Kokkos::Impl::ParallelFor<K...
a100,sm80,other,,17,0,0,no,1.0,1.0,1.0,void Kokkos::Impl::cuda_parallel_launch_local_memory<Kokkos::Impl::ParallelFor<K...
a100,sm80,other,,17,0,0,no,1.0,1.0,1.0,void Kokkos::Impl::cuda_parallel_launch_local_memory<Kokkos::Impl::ParallelFor<K...
a100,sm80,other,,17,0,0,no,1.0,1.0,1.0,void Kokkos::Impl::cuda_parallel_launch_local_memory<Kokkos::Impl::ParallelFor<K...
a100,sm80,other,,17,0,0,no,1.0,1.0,1.0,void Kokkos::Impl::cuda_parallel_launch_local_memory<Kokkos::Impl::ParallelFor<K...
a100,sm80,other,,17,0,0,no,1.0,1.0,1.0,void Kokkos::Impl::cuda_parallel_launch_local_memory<Kokkos::Impl::ParallelFor<K...
a100,sm80,other,,17,0,0,no,1.0,1.0,1.0,void Kokkos::Impl::cuda_parallel_launch_local_memory<Kokkos::Impl::ParallelFor<K...
a100,sm80,other,,17,0,0,no,1.0,1.0,1.0,void Kokkos::Impl::cuda_parallel_launch_local_memory<Kokkos::Impl::ParallelFor<K...
a100,sm80,other,,17,0,0,no,1.0,1.0,1.0,void Kokkos::Impl::cuda_parallel_launch_local_memory<Kokkos::Impl::ParallelFor<K...
a100,sm80,other,,17,0,0,no,1.0,1.0,1.0,void Kokkos::Impl::cuda_parallel_launch_local_memory<Kokkos::Impl::ParallelFor<K...
a100,sm80,other,,17,0,0,no,1.0,1.0,1.0,void Kokkos::Impl::cuda_parallel_launch_local_memory<Kokkos::Impl::ParallelFor<K...
a100,sm80,other,,17,0,0,no,1.0,1.0,1.0,void Kokkos::Impl::cuda_parallel_launch_local_memory<Kokkos::Impl::ParallelFor<K...
a100,sm80,other,,17,0,0,no,1.0,1.0,1.0,void Kokkos::Impl::cuda_parallel_launch_local_memory<Kokkos::Impl::ParallelFor<K...
a100,sm80,other,,17,0,0,no,1.0,1.0,1.0,void Kokkos::Impl::cuda_parallel_launch_local_memory<Kokkos::Impl::ParallelFor<K...
a100,sm80,other,,17,0,0,no,1.0,1.0,1.0,void Kokkos::Impl::cuda_parallel_launch_local_memory<Kokkos::Impl::ParallelFor<K...
a100,sm80,other,,17,0,0,no,1.0,1.0,1.0,void Kokkos::Impl::cuda_parallel_launch_local_memory<Kokkos::Impl::ParallelFor<K...
a100,sm80,other,,17,0,0,no,1.0,1.0,1.0,void Kokkos::Impl::cuda_parallel_launch_local_memory<Kokkos::Impl::ParallelFor<K...
a100,sm80,other,,17,0,0,no,1.0,1.0,1.0,void Kokkos::Impl::cuda_parallel_launch_local_memory<Kokkos::Impl::ParallelFor<K...
a100,sm80,other,,17,0,0,no,1.0,1.0,1.0,void Kokkos::Impl::cuda_parallel_launch_local_memory<Kokkos::Impl::ParallelFor<K...
a100,sm80,other,,17,0,0,no,1.0,1.0,1.0,void Kokkos::Impl::cuda_parallel_launch_local_memory<Kokkos::Impl::ParallelFor<K...
a100,sm80,other,,17,0,0,no,1.0,1.0,1.0,void Kokkos::Impl::cuda_parallel_launch_local_memory<Kokkos::Impl::ParallelFor<K...
a100,sm80,other,,17,0,0,no,1.0,1.0,1.0,void Kokkos::Impl::cuda_parallel_launch_local_memory<Kokkos::Impl::ParallelFor<K...
a100,sm80,other,,17,0,0,no,1.0,1.0,1.0,void Kokkos::Impl::cuda_parallel_launch_local_memory<Kokkos::Impl::ParallelFor<K...
a100,sm80,other,,17,0,0,no,1.0,1.0,1.0,void Kokkos::Impl::cuda_parallel_launch_local_memory<Kokkos::Impl::ParallelFor<K...
a100,sm80,other,,17,0,0,no,1.0,1.0,1.0,void Kokkos::Impl::cuda_parallel_launch_local_memory<Kokkos::Impl::ParallelFor<K...
a100,sm80,other,,17,0,0,no,1.0,1.0,1.0,void Kokkos::Impl::cuda_parallel_launch_local_memory<Kokkos::Impl::ParallelFor<K...
a100,sm80,other,,17,0,0,no,1.0,1.0,1.0,void Kokkos::Impl::cuda_parallel_launch_local_memory<Kokkos::Impl::ParallelFor<K...
a100,sm80,other,,17,0,0,no,1.0,1.0,1.0,void Kokkos::Impl::cuda_parallel_launch_local_memory<Kokkos::Impl::ParallelFor<K...
a100,sm80,other,,17,0,0,no,1.0,1.0,1.0,void Kokkos::Impl::cuda_parallel_launch_local_memory<Kokkos::Impl::ParallelFor<K...
a100,sm80,other,,17,0,0,no,1.0,1.0,1.0,void Kokkos::Impl::cuda_parallel_launch_local_memory<Kokkos::Impl::ParallelFor<K...
a100,sm80,other,,17,0,0,no,1.0,1.0,1.0,void Kokkos::Impl::cuda_parallel_launch_local_memory<Kokkos::Impl::ParallelFor<K...
a100,sm80,other,,17,0,0,no,1.0,1.0,1.0,void Kokkos::Impl::cuda_parallel_launch_local_memory<Kokkos::Impl::ParallelFor<K...
a100,sm80,other,,17,0,0,no,1.0,1.0,1.0,void Kokkos::Impl::cuda_parallel_launch_local_memory<Kokkos::Impl::ParallelFor<K...
a100,sm80,other,,17,0,0,no,1.0,1.0,1.0,void Kokkos::Impl::cuda_parallel_launch_local_memory<Kokkos::Impl::ParallelFor<K...
a100,sm80,other,,17,0,0,no,1.0,1.0,1.0,void Kokkos::Impl::cuda_parallel_launch_local_memory<Kokkos::Impl::ParallelFor<K...
a100,sm80,other,,17,0,0,no,1.0,1.0,1.0,void Kokkos::Impl::cuda_parallel_launch_local_memory<Kokkos::Impl::ParallelFor<K...
a100,sm80,other,,17,0,0,no,1.0,1.0,1.0,void Kokkos::Impl::cuda_parallel_launch_local_memory<Kokkos::Impl::ParallelFor<K...
a100,sm80,other,,17,0,0,no,1.0,1.0,1.0,void Kokkos::Impl::cuda_parallel_launch_local_memory<Kokkos::Impl::ParallelFor<K...
a100,sm80,other,,17,0,0,no,1.0,1.0,1.0,void Kokkos::Impl::cuda_parallel_launch_local_memory<Kokkos::Impl::ParallelFor<K...
a100,sm80,other,,17,0,0,no,1.0,1.0,1.0,void Kokkos::Impl::cuda_parallel_launch_local_memory<Kokkos::Impl::ParallelFor<K...
a100,sm80,other,,17,0,0,no,1.0,1.0,1.0,void Kokkos::Impl::cuda_parallel_launch_local_memory<Kokkos::Impl::ParallelFor<K...
a100,sm80,other,,17,0,0,no,1.0,1.0,1.0,void Kokkos::Impl::cuda_parallel_launch_local_memory<Kokkos::Impl::ParallelFor<K...
a100,sm80,other,,17,0,0,no,1.0,1.0,1.0,void Kokkos::Impl::cuda_parallel_launch_local_memory<Kokkos::Impl::ParallelFor<K...
a100,sm80,other,,17,0,0,no,1.0,1.0,1.0,void Kokkos::Impl::cuda_parallel_launch_local_memory<Kokkos::Impl::ParallelFor<K...
a100,sm80,other,,17,0,0,no,1.0,1.0,1.0,void Kokkos::Impl::cuda_parallel_launch_local_memory<Kokkos::Impl::ParallelFor<K...
a100,sm80,other,,17,0,0,no,1.0,1.0,1.0,void Kokkos::Impl::cuda_parallel_launch_local_memory<Kokkos::Impl::ParallelFor<K...
a100,sm80,other,,17,0,0,no,1.0,1.0,1.0,void Kokkos::Impl::cuda_parallel_launch_local_memory<Kokkos::Impl::ParallelFor<K...
a100,sm80,other,,17,0,0,no,1.0,1.0,1.0,void Kokkos::Impl::cuda_parallel_launch_local_memory<Kokkos::Impl::ParallelFor<K...
a100,sm80,other,,17,0,0,no,1.0,1.0,1.0,void Kokkos::Impl::cuda_parallel_launch_local_memory<Kokkos::Impl::ParallelFor<K...
a100,sm80,other,,17,0,0,no,1.0,1.0,1.0,void Kokkos::Impl::cuda_parallel_launch_local_memory<Kokkos::Impl::ParallelFor<K...
a100,sm80,other,,17,0,0,no,1.0,1.0,1.0,void Kokkos::Impl::cuda_parallel_launch_local_memory<Kokkos::Impl::ParallelFor<K...
a100,sm80,other,,17,0,0,no,1.0,1.0,1.0,void Kokkos::Impl::cuda_parallel_launch_local_memory<Kokkos::Impl::ParallelFor<K...
a100,sm80,other,,17,0,0,no,1.0,1.0,1.0,void Kokkos::Impl::cuda_parallel_launch_local_memory<Kokkos::Impl::ParallelFor<K...
a100,sm80,other,,17,0,0,no,1.0,1.0,1.0,void Kokkos::Impl::cuda_parallel_launch_local_memory<Kokkos::Impl::ParallelFor<K...
a100,sm80,other,,17,0,0,no,1.0,1.0,1.0,void Kokkos::Impl::cuda_parallel_launch_local_memory<Kokkos::Impl::ParallelFor<K...
a100,sm80,other,,17,0,0,no,1.0,1.0,1.0,void Kokkos::Impl::cuda_parallel_launch_local_memory<Kokkos::Impl::ParallelFor<K...
a100,sm80,other,,17,0,0,no,1.0,1.0,1.0,void Kokkos::Impl::cuda_parallel_launch_local_memory<Kokkos::Impl::ParallelFor<K...
a100,sm80,other,,17,0,0,no,1.0,1.0,1.0,void Kokkos::Impl::cuda_parallel_launch_local_memory<Kokkos::Impl::ParallelFor<K...
a100,sm80,other,,17,0,0,no,1.0,1.0,1.0,void Kokkos::Impl::cuda_parallel_launch_local_memory<Kokkos::Impl::ParallelFor<K...
a100,sm80,other,,17,0,0,no,1.0,1.0,1.0,void Kokkos::Impl::cuda_parallel_launch_local_memory<Kokkos::Impl::ParallelFor<K...
a100,sm80,other,,17,0,0,no,1.0,1.0,1.0,void Kokkos::Impl::cuda_parallel_launch_local_memory<Kokkos::Impl::ParallelFor<K...
a100,sm80,other,,17,0,0,no,1.0,1.0,1.0,void Kokkos::Impl::cuda_parallel_launch_local_memory<Kokkos::Impl::ParallelFor<K...
a100,sm80,other,,17,0,0,no,1.0,1.0,1.0,void Kokkos::Impl::cuda_parallel_launch_local_memory<Kokkos::Impl::ParallelFor<K...
a100,sm80,other,,17,0,0,no,1.0,1.0,1.0,void Kokkos::Impl::cuda_parallel_launch_local_memory<Kokkos::Impl::ParallelFor<K...
a100,sm80,other,,17,0,0,no,1.0,1.0,1.0,void Kokkos::Impl::cuda_parallel_launch_local_memory<Kokkos::Impl::ParallelFor<K...
a100,sm80,other,,17,0,0,no,1.0,1.0,1.0,void Kokkos::Impl::cuda_parallel_launch_local_memory<Kokkos::Impl::ParallelFor<K...
a100,sm80,other,,17,0,0,no,1.0,1.0,1.0,void Kokkos::Impl::cuda_parallel_launch_local_memory<Kokkos::Impl::ParallelFor<K...
a100,sm80,other,,17,0,0,no,1.0,1.0,1.0,void Kokkos::Impl::cuda_parallel_launch_local_memory<Kokkos::Impl::ParallelFor<K...
a100,sm80,other,,17,0,0,no,1.0,1.0,1.0,void Kokkos::Impl::cuda_parallel_launch_local_memory<Kokkos::Impl::ParallelFor<K...
a100,sm80,other,,17,0,0,no,1.0,1.0,1.0,void Kokkos::Impl::cuda_parallel_launch_local_memory<Kokkos::Impl::ParallelFor<K...
a100,sm80,other,,17,0,0,no,1.0,1.0,1.0,void Kokkos::Impl::cuda_parallel_launch_local_memory<Kokkos::Impl::ParallelFor<K...
a100,sm80,other,,17,0,0,no,1.0,1.0,1.0,void Kokkos::Impl::cuda_parallel_launch_local_memory<Kokkos::Impl::ParallelFor<K...
a100,sm80,other,,17,0,0,no,1.0,1.0,1.0,void Kokkos::Impl::cuda_parallel_launch_local_memory<Kokkos::Impl::ParallelFor<K...
a100,sm80,other,,17,0,0,no,1.0,1.0,1.0,void Kokkos::Impl::cuda_parallel_launch_local_memory<Kokkos::Impl::ParallelFor<K...
a100,sm80,other,,17,0,0,no,1.0,1.0,1.0,void Kokkos::Impl::cuda_parallel_launch_local_memory<Kokkos::Impl::ParallelFor<K...
a100,sm80,other,,17,0,0,no,1.0,1.0,1.0,void Kokkos::Impl::cuda_parallel_launch_local_memory<Kokkos::Impl::ParallelFor<p...
a100,sm80,other,,17,0,0,no,1.0,1.0,1.0,void Kokkos::Impl::cuda_parallel_launch_local_memory<Kokkos::Impl::ParallelFor<K...
a100,sm80,other,,17,0,0,no,1.0,1.0,1.0,void Kokkos::Impl::cuda_parallel_launch_local_memory<Kokkos::Impl::ParallelFor<K...
a100,sm80,other,,17,0,0,no,1.0,1.0,1.0,void Kokkos::Impl::cuda_parallel_launch_local_memory<Kokkos::Impl::ParallelFor<K...
a100,sm80,other,,17,0,0,no,1.0,1.0,1.0,void Kokkos::Impl::cuda_parallel_launch_local_memory<Kokkos::Impl::ParallelFor<K...
a100,sm80,other,,17,0,0,no,1.0,1.0,1.0,void Kokkos::Impl::cuda_parallel_launch_local_memory<Kokkos::Impl::ParallelFor<K...
a100,sm80,other,,17,0,0,no,1.0,1.0,1.0,void Kokkos::Impl::cuda_parallel_launch_local_memory<Kokkos::Impl::ParallelFor<K...
a100,sm80,other,,17,0,0,no,1.0,1.0,1.0,void Kokkos::Impl::cuda_parallel_launch_local_memory<Kokkos::Impl::ParallelFor<K...
a100,sm80,other,,17,0,0,no,1.0,1.0,1.0,void Kokkos::Impl::cuda_parallel_launch_local_memory<Kokkos::Impl::ParallelFor<K...
a100,sm80,other,,17,0,0,no,1.0,1.0,1.0,void Kokkos::Impl::cuda_parallel_launch_local_memory<Kokkos::Impl::ParallelFor<K...
a100,sm80,other,,17,0,0,no,1.0,1.0,1.0,void Kokkos::Impl::cuda_parallel_launch_local_memory<Kokkos::Impl::ParallelFor<K...
a100,sm80,other,,17,0,0,no,1.0,1.0,1.0,void Kokkos::Impl::cuda_parallel_launch_local_memory<Kokkos::Impl::ParallelFor<K...
a100,sm80,other,,17,0,0,no,1.0,1.0,1.0,void Kokkos::Impl::cuda_parallel_launch_local_memory<Kokkos::Impl::ParallelFor<K...
a100,sm80,other,,17,0,0,no,1.0,1.0,1.0,void Kokkos::Impl::cuda_parallel_launch_local_memory<Kokkos::Impl::ParallelFor<K...
a100,sm80,other,,17,0,0,no,1.0,1.0,1.0,void Kokkos::Impl::cuda_parallel_launch_local_memory<Kokkos::Impl::ParallelFor<K...
a100,sm80,other,,17,0,0,no,1.0,1.0,1.0,void Kokkos::Impl::cuda_parallel_launch_local_memory<Kokkos::Impl::ParallelFor<K...
a100,sm80,other,,17,0,0,no,1.0,1.0,1.0,void Kokkos::Impl::cuda_parallel_launch_local_memory<Kokkos::Impl::ParallelFor<K...
a100,sm80,other,,17,0,0,no,1.0,1.0,1.0,void Kokkos::Impl::cuda_parallel_launch_local_memory<Kokkos::Impl::ParallelFor<K...
a100,sm80,other,,17,0,0,no,1.0,1.0,1.0,void Kokkos::Impl::cuda_parallel_launch_local_memory<Kokkos::Impl::ParallelFor<K...
a100,sm80,other,,17,0,0,no,1.0,1.0,1.0,void Kokkos::Impl::cuda_parallel_launch_local_memory<Kokkos::Impl::ParallelFor<K...
a100,sm80,other,,17,0,0,no,1.0,1.0,1.0,void Kokkos::Impl::cuda_parallel_launch_local_memory<Kokkos::Impl::ParallelFor<K...
a100,sm80,other,,17,0,0,no,1.0,1.0,1.0,void Kokkos::Impl::cuda_parallel_launch_local_memory<Kokkos::Impl::ParallelFor<K...
a100,sm80,other,,17,0,0,no,1.0,1.0,1.0,void Kokkos::Impl::cuda_parallel_launch_local_memory<Kokkos::Impl::ParallelFor<K...
a100,sm80,other,,17,0,0,no,1.0,1.0,1.0,void Kokkos::Impl::cuda_parallel_launch_local_memory<Kokkos::Impl::ParallelFor<K...
a100,sm80,other,,17,0,0,no,1.0,1.0,1.0,void Kokkos::Impl::cuda_parallel_launch_local_memory<Kokkos::Impl::ParallelFor<K...
a100,sm80,other,,17,0,0,no,1.0,1.0,1.0,void Kokkos::Impl::cuda_parallel_launch_local_memory<Kokkos::Impl::ParallelFor<K...
a100,sm80,other,,17,0,0,no,1.0,1.0,1.0,void Kokkos::Impl::cuda_parallel_launch_local_memory<Kokkos::Impl::ParallelFor<K...
a100,sm80,other,,17,0,0,no,1.0,1.0,1.0,void Kokkos::Impl::cuda_parallel_launch_local_memory<Kokkos::Impl::ParallelFor<K...
a100,sm80,other,,17,0,0,no,1.0,1.0,1.0,void Kokkos::Impl::cuda_parallel_launch_local_memory<Kokkos::Impl::ParallelFor<K...
a100,sm80,other,,17,0,0,no,1.0,1.0,1.0,void Kokkos::Impl::cuda_parallel_launch_local_memory<Kokkos::Impl::ParallelFor<K...
a100,sm80,other,,17,0,0,no,1.0,1.0,1.0,void Kokkos::Impl::cuda_parallel_launch_local_memory<Kokkos::Impl::ParallelFor<K...
a100,sm80,other,,17,0,0,no,1.0,1.0,1.0,void Kokkos::Impl::cuda_parallel_launch_local_memory<Kokkos::Impl::ParallelFor<K...
a100,sm80,other,,17,0,0,no,1.0,1.0,1.0,void Kokkos::Impl::cuda_parallel_launch_local_memory<Kokkos::Impl::ParallelFor<K...
a100,sm80,other,,17,0,0,no,1.0,1.0,1.0,void Kokkos::Impl::cuda_parallel_launch_local_memory<Kokkos::Impl::ParallelFor<K...
a100,sm80,other,,17,0,0,no,1.0,1.0,1.0,void Kokkos::Impl::cuda_parallel_launch_local_memory<Kokkos::Impl::ParallelFor<K...
a100,sm80,other,,17,0,0,no,1.0,1.0,1.0,void Kokkos::Impl::cuda_parallel_launch_local_memory<Kokkos::Impl::ParallelFor<K...
a100,sm80,other,,17,0,0,no,1.0,1.0,1.0,void Kokkos::Impl::cuda_parallel_launch_local_memory<Kokkos::Impl::ParallelFor<K...
a100,sm80,other,,17,0,0,no,1.0,1.0,1.0,void Kokkos::Impl::cuda_parallel_launch_local_memory<Kokkos::Impl::ParallelFor<K...
a100,sm80,other,,17,0,0,no,1.0,1.0,1.0,void Kokkos::Impl::cuda_parallel_launch_local_memory<Kokkos::Impl::ParallelFor<K...
a100,sm80,other,,17,0,0,no,1.0,1.0,1.0,void Kokkos::Impl::cuda_parallel_launch_local_memory<Kokkos::Impl::ParallelFor<K...
a100,sm80,other,,17,0,0,no,1.0,1.0,1.0,void Kokkos::Impl::cuda_parallel_launch_local_memory<Kokkos::Impl::ParallelFor<K...
a100,sm80,other,,17,0,0,no,1.0,1.0,1.0,void Kokkos::Impl::cuda_parallel_launch_local_memory<Kokkos::Impl::ParallelFor<K...
a100,sm80,other,,17,0,0,no,1.0,1.0,1.0,void Kokkos::Impl::cuda_parallel_launch_local_memory<Kokkos::Impl::ParallelFor<K...
a100,sm80,other,,17,0,0,no,1.0,1.0,1.0,void Kokkos::Impl::cuda_parallel_launch_local_memory<Kokkos::Impl::ParallelFor<K...
a100,sm80,other,,17,0,0,no,1.0,1.0,1.0,void Kokkos::Impl::cuda_parallel_launch_local_memory<Kokkos::Impl::ParallelFor<K...
a100,sm80,other,,17,0,0,no,1.0,1.0,1.0,void Kokkos::Impl::cuda_parallel_launch_local_memory<Kokkos::Impl::ParallelFor<K...
a100,sm80,other,,17,0,0,no,1.0,1.0,1.0,void Kokkos::Impl::cuda_parallel_launch_local_memory<Kokkos::Impl::ParallelFor<K...
a100,sm80,other,,17,0,0,no,1.0,1.0,1.0,void Kokkos::Impl::cuda_parallel_launch_local_memory<Kokkos::Impl::ParallelFor<K...
a100,sm80,other,,17,0,0,no,1.0,1.0,1.0,void Kokkos::Impl::cuda_parallel_launch_local_memory<Kokkos::Impl::ParallelFor<K...
a100,sm80,other,,17,0,0,no,1.0,1.0,1.0,void Kokkos::Impl::cuda_parallel_launch_local_memory<Kokkos::Impl::ParallelFor<K...
a100,sm80,other,,17,0,0,no,1.0,1.0,1.0,void Kokkos::Impl::cuda_parallel_launch_local_memory<Kokkos::Impl::ParallelFor<K...
a100,sm80,other,,17,0,0,no,1.0,1.0,1.0,void Kokkos::Impl::cuda_parallel_launch_local_memory<Kokkos::Impl::ParallelFor<K...
a100,sm80,other,,17,0,0,no,1.0,1.0,1.0,void Kokkos::Impl::cuda_parallel_launch_local_memory<Kokkos::Impl::ParallelFor<K...
a100,sm80,other,,17,0,0,no,1.0,1.0,1.0,void Kokkos::Impl::cuda_parallel_launch_local_memory<Kokkos::Impl::ParallelFor<K...
a100,sm80,other,,17,0,0,no,1.0,1.0,1.0,void Kokkos::Impl::cuda_parallel_launch_local_memory<Kokkos::Impl::ParallelFor<K...
a100,sm80,other,,17,0,0,no,1.0,1.0,1.0,void Kokkos::Impl::cuda_parallel_launch_local_memory<Kokkos::Impl::ParallelFor<K...
a100,sm80,other,,17,0,0,no,1.0,1.0,1.0,void Kokkos::Impl::cuda_parallel_launch_local_memory<Kokkos::Impl::ParallelFor<K...
a100,sm80,other,,17,0,0,no,1.0,1.0,1.0,void Kokkos::Impl::cuda_parallel_launch_local_memory<Kokkos::Impl::ParallelFor<K...
a100,sm80,other,,17,0,0,no,1.0,1.0,1.0,void Kokkos::Impl::cuda_parallel_launch_local_memory<Kokkos::Impl::ParallelFor<K...
a100,sm80,other,,17,0,0,no,1.0,1.0,1.0,void Kokkos::Impl::cuda_parallel_launch_local_memory<Kokkos::Impl::ParallelFor<K...
a100,sm80,other,,17,0,0,no,1.0,1.0,1.0,void Kokkos::Impl::cuda_parallel_launch_local_memory<Kokkos::Impl::ParallelFor<K...
a100,sm80,other,,17,0,0,no,1.0,1.0,1.0,void Kokkos::Impl::cuda_parallel_launch_local_memory<Kokkos::Impl::ParallelFor<K...
a100,sm80,other,,17,0,0,no,1.0,1.0,1.0,void Kokkos::Impl::cuda_parallel_launch_local_memory<Kokkos::Impl::ParallelFor<K...
a100,sm80,other,,17,0,0,no,1.0,1.0,1.0,void Kokkos::Impl::cuda_parallel_launch_local_memory<Kokkos::Impl::ParallelFor<K...
a100,sm80,other,,17,0,0,no,1.0,1.0,1.0,void Kokkos::Impl::cuda_parallel_launch_local_memory<Kokkos::Impl::ParallelFor<K...
a100,sm80,other,,17,0,0,no,1.0,1.0,1.0,void Kokkos::Impl::cuda_parallel_launch_local_memory<Kokkos::Impl::ParallelFor<K...
a100,sm80,other,,17,0,0,no,1.0,1.0,1.0,void Kokkos::Impl::cuda_parallel_launch_local_memory<Kokkos::Impl::ParallelFor<K...
a100,sm80,other,,17,0,0,no,1.0,1.0,1.0,void Kokkos::Impl::cuda_parallel_launch_local_memory<Kokkos::Impl::ParallelFor<K...
a100,sm80,other,,17,0,0,no,1.0,1.0,1.0,void Kokkos::Impl::cuda_parallel_launch_local_memory<Kokkos::Impl::ParallelFor<K...
a100,sm80,other,,17,0,0,no,1.0,1.0,1.0,void Kokkos::Impl::cuda_parallel_launch_local_memory<Kokkos::Impl::ParallelFor<K...
a100,sm80,other,,17,0,0,no,1.0,1.0,1.0,void Kokkos::Impl::cuda_parallel_launch_local_memory<Kokkos::Impl::ParallelFor<K...
a100,sm80,other,,17,0,0,no,1.0,1.0,1.0,void Kokkos::Impl::cuda_parallel_launch_local_memory<Kokkos::Impl::ParallelFor<K...
a100,sm80,other,,17,0,0,no,1.0,1.0,1.0,void Kokkos::Impl::cuda_parallel_launch_local_memory<Kokkos::Impl::ParallelFor<K...
a100,sm80,other,,17,0,0,no,1.0,1.0,1.0,void Kokkos::Impl::cuda_parallel_launch_local_memory<Kokkos::Impl::ParallelFor<K...
a100,sm80,other,,17,0,0,no,1.0,1.0,1.0,void Kokkos::Impl::cuda_parallel_launch_local_memory<Kokkos::Impl::ParallelFor<K...
a100,sm80,other,,17,0,0,no,1.0,1.0,1.0,void Kokkos::Impl::cuda_parallel_launch_local_memory<Kokkos::Impl::ParallelFor<K...
a100,sm80,other,,17,0,0,no,1.0,1.0,1.0,void Kokkos::Impl::cuda_parallel_launch_local_memory<Kokkos::Impl::ParallelFor<K...
a100,sm80,other,,17,0,0,no,1.0,1.0,1.0,void Kokkos::Impl::cuda_parallel_launch_local_memory<Kokkos::Impl::ParallelFor<K...
a100,sm80,other,,17,0,0,no,1.0,1.0,1.0,void Kokkos::Impl::cuda_parallel_launch_local_memory<Kokkos::Impl::ParallelFor<K...
a100,sm80,other,,17,0,0,no,1.0,1.0,1.0,void Kokkos::Impl::cuda_parallel_launch_local_memory<Kokkos::Impl::ParallelFor<K...
a100,sm80,other,,17,0,0,no,1.0,1.0,1.0,void Kokkos::Impl::cuda_parallel_launch_local_memory<Kokkos::Impl::ParallelFor<K...
a100,sm80,other,,17,0,0,no,1.0,1.0,1.0,void Kokkos::Impl::cuda_parallel_launch_local_memory<Kokkos::Impl::ParallelFor<K...
a100,sm80,other,,17,0,0,no,1.0,1.0,1.0,void Kokkos::Impl::cuda_parallel_launch_local_memory<Kokkos::Impl::ParallelFor<K...
a100,sm80,other,,17,0,0,no,1.0,1.0,1.0,void Kokkos::Impl::cuda_parallel_launch_local_memory<Kokkos::Impl::ParallelFor<K...
a100,sm80,other,,17,0,0,no,1.0,1.0,1.0,void Kokkos::Impl::cuda_parallel_launch_local_memory<Kokkos::Impl::ParallelFor<K...
a100,sm80,other,,17,0,0,no,1.0,1.0,1.0,void Kokkos::Impl::cuda_parallel_launch_local_memory<Kokkos::Impl::ParallelFor<K...
a100,sm80,other,,17,0,0,no,1.0,1.0,1.0,void Kokkos::Impl::cuda_parallel_launch_local_memory<Kokkos::Impl::ParallelFor<K...
a100,sm80,other,,17,0,0,no,1.0,1.0,1.0,void Kokkos::Impl::cuda_parallel_launch_local_memory<Kokkos::Impl::ParallelFor<K...
a100,sm80,other,,17,0,0,no,1.0,1.0,1.0,void Kokkos::Impl::cuda_parallel_launch_local_memory<Kokkos::Impl::ParallelFor<K...
a100,sm80,other,,17,0,0,no,1.0,1.0,1.0,void Kokkos::Impl::cuda_parallel_launch_local_memory<Kokkos::Impl::ParallelFor<K...
a100,sm80,other,,17,0,0,no,1.0,1.0,1.0,void Kokkos::Impl::cuda_parallel_launch_local_memory<Kokkos::Impl::ParallelFor<K...
a100,sm80,other,,17,0,0,no,1.0,1.0,1.0,void Kokkos::Impl::cuda_parallel_launch_local_memory<Kokkos::Impl::ParallelFor<K...
a100,sm80,other,,17,0,0,no,1.0,1.0,1.0,void Kokkos::Impl::cuda_parallel_launch_local_memory<Kokkos::Impl::ParallelFor<K...
a100,sm80,other,,17,0,0,no,1.0,1.0,1.0,void Kokkos::Impl::cuda_parallel_launch_local_memory<Kokkos::Impl::ParallelFor<K...
a100,sm80,other,,17,0,0,no,1.0,1.0,1.0,void Kokkos::Impl::cuda_parallel_launch_local_memory<Kokkos::Impl::ParallelFor<K...
a100,sm80,other,,17,0,0,no,1.0,1.0,1.0,void Kokkos::Impl::cuda_parallel_launch_local_memory<Kokkos::Impl::ParallelFor<K...
a100,sm80,other,,17,0,0,no,1.0,1.0,1.0,void Kokkos::Impl::cuda_parallel_launch_local_memory<Kokkos::Impl::ParallelFor<K...
a100,sm80,other,,17,0,0,no,1.0,1.0,1.0,void Kokkos::Impl::cuda_parallel_launch_local_memory<Kokkos::Impl::ParallelFor<K...
a100,sm80,other,,17,0,0,no,1.0,1.0,1.0,void Kokkos::Impl::cuda_parallel_launch_local_memory<Kokkos::Impl::ParallelFor<K...
a100,sm80,other,,17,0,0,no,1.0,1.0,1.0,void Kokkos::Impl::cuda_parallel_launch_local_memory<Kokkos::Impl::ParallelFor<K...
a100,sm80,other,,17,0,0,no,1.0,1.0,1.0,void Kokkos::Impl::cuda_parallel_launch_local_memory<Kokkos::Impl::ParallelFor<K...
a100,sm80,other,,17,0,0,no,1.0,1.0,1.0,void Kokkos::Impl::cuda_parallel_launch_local_memory<Kokkos::Impl::ParallelFor<K...
a100,sm80,other,,17,0,0,no,1.0,1.0,1.0,void Kokkos::Impl::cuda_parallel_launch_local_memory<Kokkos::Impl::ParallelFor<K...
a100,sm80,other,,17,0,0,no,1.0,1.0,1.0,void Kokkos::Impl::cuda_parallel_launch_local_memory<Kokkos::Impl::ParallelFor<K...
a100,sm80,other,,17,0,0,no,1.0,1.0,1.0,void Kokkos::Impl::cuda_parallel_launch_local_memory<Kokkos::Impl::ParallelFor<K...
a100,sm80,other,,17,0,0,no,1.0,1.0,1.0,void Kokkos::Impl::cuda_parallel_launch_local_memory<Kokkos::Impl::ParallelFor<K...
a100,sm80,other,,17,0,0,no,1.0,1.0,1.0,void Kokkos::Impl::cuda_parallel_launch_local_memory<Kokkos::Impl::ParallelFor<K...
a100,sm80,other,,17,0,0,no,1.0,1.0,1.0,void Kokkos::Impl::cuda_parallel_launch_local_memory<Kokkos::Impl::ParallelFor<K...
a100,sm80,other,,17,0,0,no,1.0,1.0,1.0,void Kokkos::Impl::cuda_parallel_launch_local_memory<Kokkos::Impl::ParallelFor<K...
a100,sm80,other,,17,0,0,no,1.0,1.0,1.0,void Kokkos::Impl::cuda_parallel_launch_local_memory<Kokkos::Impl::ParallelFor<K...
a100,sm80,other,,17,0,0,no,1.0,1.0,1.0,void Kokkos::Impl::cuda_parallel_launch_local_memory<Kokkos::Impl::ParallelFor<K...
a100,sm80,other,,17,0,0,no,1.0,1.0,1.0,void Kokkos::Impl::cuda_parallel_launch_local_memory<Kokkos::Impl::ParallelFor<K...
a100,sm80,other,,17,0,0,no,1.0,1.0,1.0,void Kokkos::Impl::cuda_parallel_launch_local_memory<Kokkos::Impl::ParallelFor<K...
a100,sm80,other,,17,0,0,no,1.0,1.0,1.0,void Kokkos::Impl::cuda_parallel_launch_local_memory<Kokkos::Impl::ParallelFor<K...
a100,sm80,other,,17,0,0,no,1.0,1.0,1.0,void Kokkos::Impl::cuda_parallel_launch_local_memory<Kokkos::Impl::ParallelFor<K...
a100,sm80,other,,17,0,0,no,1.0,1.0,1.0,void Kokkos::Impl::cuda_parallel_launch_local_memory<Kokkos::Impl::ParallelFor<K...
a100,sm80,other,,17,0,0,no,1.0,1.0,1.0,void Kokkos::Impl::cuda_parallel_launch_local_memory<Kokkos::Impl::ParallelFor<K...
a100,sm80,other,,17,0,0,no,1.0,1.0,1.0,void Kokkos::Impl::cuda_parallel_launch_local_memory<Kokkos::Impl::ParallelFor<p...
a100,sm80,other,,17,0,0,no,1.0,1.0,1.0,void Kokkos::Impl::cuda_parallel_launch_local_memory<Kokkos::Impl::ParallelFor<K...
a100,sm80,other,,17,0,0,no,1.0,1.0,1.0,void Kokkos::Impl::cuda_parallel_launch_local_memory<Kokkos::Impl::ParallelFor<K...
a100,sm80,other,,17,0,0,no,1.0,1.0,1.0,void Kokkos::Impl::cuda_parallel_launch_local_memory<Kokkos::Impl::ParallelFor<p...
a100,sm80,other,,17,0,0,no,1.0,1.0,1.0,void Kokkos::Impl::cuda_parallel_launch_local_memory<Kokkos::Impl::ParallelFor<p...
a100,sm80,other,,17,0,0,no,1.0,1.0,1.0,void Kokkos::Impl::cuda_parallel_launch_local_memory<Kokkos::Impl::ParallelFor<K...
a100,sm80,other,,17,0,0,no,1.0,1.0,1.0,void Kokkos::Impl::cuda_parallel_launch_local_memory<Kokkos::Impl::ParallelFor<K...
a100,sm80,other,,17,0,0,no,1.0,1.0,1.0,void Kokkos::Impl::cuda_parallel_launch_local_memory<Kokkos::Impl::ParallelFor<K...
a100,sm80,other,,17,0,0,no,1.0,1.0,1.0,void Kokkos::Impl::cuda_parallel_launch_local_memory<Kokkos::Impl::ParallelFor<K...
a100,sm80,other,,17,0,0,no,1.0,1.0,1.0,void Kokkos::Impl::cuda_parallel_launch_local_memory<Kokkos::Impl::ParallelFor<K...
a100,sm80,other,,17,0,0,no,1.0,1.0,1.0,void Kokkos::Impl::cuda_parallel_launch_local_memory<Kokkos::Impl::ParallelFor<K...
a100,sm80,other,,17,0,0,no,1.0,1.0,1.0,void Kokkos::Impl::cuda_parallel_launch_local_memory<Kokkos::Impl::ParallelFor<K...
a100,sm80,other,,17,0,0,no,1.0,1.0,1.0,void Kokkos::Impl::cuda_parallel_launch_local_memory<Kokkos::Impl::ParallelFor<K...
a100,sm80,other,,17,0,0,no,1.0,1.0,1.0,void Kokkos::Impl::cuda_parallel_launch_local_memory<Kokkos::Impl::ParallelFor<K...
a100,sm80,other,,17,0,0,no,1.0,1.0,1.0,void Kokkos::Impl::cuda_parallel_launch_local_memory<Kokkos::Impl::ParallelFor<K...
a100,sm80,other,,17,0,0,no,1.0,1.0,1.0,void Kokkos::Impl::cuda_parallel_launch_local_memory<Kokkos::Impl::ParallelFor<p...
a100,sm80,other,,17,0,0,no,1.0,1.0,1.0,void Kokkos::Impl::cuda_parallel_launch_local_memory<Kokkos::Impl::ParallelFor<p...
a100,sm80,other,,17,0,0,no,1.0,1.0,1.0,void Kokkos::Impl::cuda_parallel_launch_local_memory<Kokkos::Impl::ParallelFor<K...
a100,sm80,other,,17,0,0,no,1.0,1.0,1.0,void Kokkos::Impl::cuda_parallel_launch_local_memory<Kokkos::Impl::ParallelFor<K...
a100,sm80,other,,17,0,0,no,1.0,1.0,1.0,void Kokkos::Impl::cuda_parallel_launch_local_memory<Kokkos::Impl::ParallelFor<p...
a100,sm80,other,,17,0,0,no,1.0,1.0,1.0,void Kokkos::Impl::cuda_parallel_launch_local_memory<Kokkos::Impl::ParallelFor<p...
a100,sm80,other,,17,0,0,no,1.0,1.0,1.0,void Kokkos::Impl::cuda_parallel_launch_local_memory<Kokkos::Impl::ParallelFor<K...
a100,sm80,other,,17,0,0,no,1.0,1.0,1.0,void Kokkos::Impl::cuda_parallel_launch_local_memory<Kokkos::Impl::ParallelFor<K...
a100,sm80,other,,17,0,0,no,1.0,1.0,1.0,void Kokkos::Impl::cuda_parallel_launch_local_memory<Kokkos::Impl::ParallelFor<K...
a100,sm80,other,,17,0,0,no,1.0,1.0,1.0,void Kokkos::Impl::cuda_parallel_launch_local_memory<Kokkos::Impl::ParallelFor<K...
a100,sm80,other,,17,0,0,no,1.0,1.0,1.0,void Kokkos::Impl::cuda_parallel_launch_local_memory<Kokkos::Impl::ParallelFor<p...
a100,sm80,other,,17,0,0,no,1.0,1.0,1.0,void Kokkos::Impl::cuda_parallel_launch_local_memory<Kokkos::Impl::ParallelFor<K...
a100,sm80,other,,17,0,0,no,1.0,1.0,1.0,void Kokkos::Impl::cuda_parallel_launch_local_memory<Kokkos::Impl::ParallelFor<K...
a100,sm80,other,,17,0,0,no,1.0,1.0,1.0,void Kokkos::Impl::cuda_parallel_launch_local_memory<Kokkos::Impl::ParallelFor<p...
a100,sm80,other,,17,0,0,no,1.0,1.0,1.0,void Kokkos::Impl::cuda_parallel_launch_local_memory<Kokkos::Impl::ParallelFor<K...
a100,sm80,other,,17,0,0,no,1.0,1.0,1.0,void Kokkos::Impl::cuda_parallel_launch_local_memory<Kokkos::Impl::ParallelFor<K...
a100,sm80,other,,17,0,0,no,1.0,1.0,1.0,void Kokkos::Impl::cuda_parallel_launch_local_memory<Kokkos::Impl::ParallelFor<K...
a100,sm80,other,,17,0,0,no,1.0,1.0,1.0,void Kokkos::Impl::cuda_parallel_launch_local_memory<Kokkos::Impl::ParallelFor<K...
a100,sm80,other,,17,0,0,no,1.0,1.0,1.0,void Kokkos::Impl::cuda_parallel_launch_local_memory<Kokkos::Impl::ParallelFor<K...
a100,sm80,other,,17,0,0,no,1.0,1.0,1.0,void Kokkos::Impl::cuda_parallel_launch_local_memory<Kokkos::Impl::ParallelFor<K...
a100,sm80,other,,17,0,0,no,1.0,1.0,1.0,void Kokkos::Impl::cuda_parallel_launch_local_memory<Kokkos::Impl::ParallelFor<K...
a100,sm80,other,,17,0,0,no,1.0,1.0,1.0,void Kokkos::Impl::cuda_parallel_launch_local_memory<Kokkos::Impl::ParallelFor<K...
a100,sm80,other,,17,0,0,no,1.0,1.0,1.0,void Kokkos::Impl::cuda_parallel_launch_local_memory<Kokkos::Impl::ParallelFor<K...
a100,sm80,other,,17,0,0,no,1.0,1.0,1.0,void Kokkos::Impl::cuda_parallel_launch_local_memory<Kokkos::Impl::ParallelFor<K...
a100,sm80,other,,17,0,0,no,1.0,1.0,1.0,void Kokkos::Impl::cuda_parallel_launch_local_memory<Kokkos::Impl::ParallelFor<K...
a100,sm80,other,,17,0,0,no,1.0,1.0,1.0,void Kokkos::Impl::cuda_parallel_launch_local_memory<Kokkos::Impl::ParallelFor<K...
a100,sm80,other,,17,0,0,no,1.0,1.0,1.0,void Kokkos::Impl::cuda_parallel_launch_local_memory<Kokkos::Impl::ParallelFor<K...
a100,sm80,other,,17,0,0,no,1.0,1.0,1.0,void Kokkos::Impl::cuda_parallel_launch_local_memory<Kokkos::Impl::ParallelFor<K...
a100,sm80,other,,17,0,0,no,1.0,1.0,1.0,void Kokkos::Impl::cuda_parallel_launch_local_memory<Kokkos::Impl::ParallelFor<K...
a100,sm80,other,,17,0,0,no,1.0,1.0,1.0,void Kokkos::Impl::cuda_parallel_launch_local_memory<Kokkos::Impl::ParallelFor<K...
a100,sm80,other,,17,0,0,no,1.0,1.0,1.0,void Kokkos::Impl::cuda_parallel_launch_local_memory<Kokkos::Impl::ParallelFor<K...
a100,sm80,other,,17,0,0,no,1.0,1.0,1.0,void Kokkos::Impl::cuda_parallel_launch_local_memory<Kokkos::Impl::ParallelFor<K...
a100,sm80,other,,17,0,0,no,1.0,1.0,1.0,void Kokkos::Impl::cuda_parallel_launch_local_memory<Kokkos::Impl::ParallelFor<K...
a100,sm80,other,,17,0,0,no,1.0,1.0,1.0,void Kokkos::Impl::cuda_parallel_launch_local_memory<Kokkos::Impl::ParallelFor<K...
a100,sm80,other,,17,0,0,no,1.0,1.0,1.0,void Kokkos::Impl::cuda_parallel_launch_local_memory<Kokkos::Impl::ParallelFor<K...
a100,sm80,other,,17,0,0,no,1.0,1.0,1.0,void Kokkos::Impl::cuda_parallel_launch_local_memory<Kokkos::Impl::ParallelFor<K...
a100,sm80,other,,17,0,0,no,1.0,1.0,1.0,void Kokkos::Impl::cuda_parallel_launch_local_memory<Kokkos::Impl::ParallelFor<K...
a100,sm80,other,,17,0,0,no,1.0,1.0,1.0,void Kokkos::Impl::cuda_parallel_launch_local_memory<Kokkos::Impl::ParallelFor<K...
a100,sm80,other,,17,0,0,no,1.0,1.0,1.0,void Kokkos::Impl::cuda_parallel_launch_local_memory<Kokkos::Impl::ParallelFor<p...
a100,sm80,other,,17,0,0,no,1.0,1.0,1.0,void Kokkos::Impl::cuda_parallel_launch_local_memory<Kokkos::Impl::ParallelFor<p...
a100,sm80,other,,17,0,0,no,1.0,1.0,1.0,void Kokkos::Impl::cuda_parallel_launch_local_memory<Kokkos::Impl::ParallelFor<K...
a100,sm80,other,,17,0,0,no,1.0,1.0,1.0,void Kokkos::Impl::cuda_parallel_launch_local_memory<Kokkos::Impl::ParallelFor<K...
a100,sm80,other,,17,0,0,no,1.0,1.0,1.0,void Kokkos::Impl::cuda_parallel_launch_local_memory<Kokkos::Impl::ParallelFor<K...
a100,sm80,other,,17,0,0,no,1.0,1.0,1.0,void Kokkos::Impl::cuda_parallel_launch_local_memory<Kokkos::Impl::ParallelFor<K...
a100,sm80,other,,17,0,0,no,1.0,1.0,1.0,void Kokkos::Impl::cuda_parallel_launch_local_memory<Kokkos::Impl::ParallelFor<K...
a100,sm80,other,,17,0,0,no,1.0,1.0,1.0,void Kokkos::Impl::cuda_parallel_launch_local_memory<Kokkos::Impl::ParallelFor<K...
a100,sm80,other,,17,0,0,no,1.0,1.0,1.0,void Kokkos::Impl::cuda_parallel_launch_local_memory<Kokkos::Impl::ParallelFor<K...
a100,sm80,other,,17,0,0,no,1.0,1.0,1.0,void Kokkos::Impl::cuda_parallel_launch_local_memory<Kokkos::Impl::ParallelFor<K...
a100,sm80,other,,17,0,0,no,1.0,1.0,1.0,void Kokkos::Impl::cuda_parallel_launch_local_memory<Kokkos::Impl::ParallelFor<K...
a100,sm80,other,,17,0,0,no,1.0,1.0,1.0,void Kokkos::Impl::cuda_parallel_launch_local_memory<Kokkos::Impl::ParallelFor<K...
a100,sm80,other,,17,0,0,no,1.0,1.0,1.0,void Kokkos::Impl::cuda_parallel_launch_local_memory<Kokkos::Impl::ParallelFor<K...
a100,sm80,other,,17,0,0,no,1.0,1.0,1.0,void Kokkos::Impl::cuda_parallel_launch_local_memory<Kokkos::Impl::ParallelFor<K...
a100,sm80,other,,17,0,0,no,1.0,1.0,1.0,void Kokkos::Impl::cuda_parallel_launch_local_memory<Kokkos::Impl::ParallelFor<K...
a100,sm80,other,,17,0,0,no,1.0,1.0,1.0,void Kokkos::Impl::cuda_parallel_launch_local_memory<Kokkos::Impl::ParallelFor<K...
a100,sm80,other,,17,0,0,no,1.0,1.0,1.0,void Kokkos::Impl::cuda_parallel_launch_local_memory<Kokkos::Impl::ParallelFor<K...
a100,sm80,other,,17,0,0,no,1.0,1.0,1.0,void Kokkos::Impl::cuda_parallel_launch_local_memory<Kokkos::Impl::ParallelFor<K...
a100,sm80,other,,17,0,0,no,1.0,1.0,1.0,void Kokkos::Impl::cuda_parallel_launch_local_memory<Kokkos::Impl::ParallelFor<K...
a100,sm80,other,,17,0,0,no,1.0,1.0,1.0,void Kokkos::Impl::cuda_parallel_launch_local_memory<Kokkos::Impl::ParallelFor<K...
a100,sm80,other,,17,0,0,no,1.0,1.0,1.0,void Kokkos::Impl::cuda_parallel_launch_local_memory<Kokkos::Impl::ParallelFor<K...
a100,sm80,other,,17,0,0,no,1.0,1.0,1.0,void Kokkos::Impl::cuda_parallel_launch_local_memory<Kokkos::Impl::ParallelFor<K...
a100,sm80,other,,17,0,0,no,1.0,1.0,1.0,void Kokkos::Impl::cuda_parallel_launch_local_memory<Kokkos::Impl::ParallelFor<K...
a100,sm80,other,,17,0,0,no,1.0,1.0,1.0,void Kokkos::Impl::cuda_parallel_launch_local_memory<Kokkos::Impl::ParallelFor<K...
a100,sm80,other,,17,0,0,no,1.0,1.0,1.0,void Kokkos::Impl::cuda_parallel_launch_local_memory<Kokkos::Impl::ParallelFor<K...
a100,sm80,other,,17,0,0,no,1.0,1.0,1.0,void Kokkos::Impl::cuda_parallel_launch_local_memory<Kokkos::Impl::ParallelFor<K...
a100,sm80,other,,17,0,0,no,1.0,1.0,1.0,void Kokkos::Impl::cuda_parallel_launch_local_memory<Kokkos::Impl::ParallelFor<K...
a100,sm80,other,,17,0,0,no,1.0,1.0,1.0,void Kokkos::Impl::cuda_parallel_launch_local_memory<Kokkos::Impl::ParallelFor<K...
a100,sm80,other,,17,0,0,no,1.0,1.0,1.0,void Kokkos::Impl::cuda_parallel_launch_local_memory<Kokkos::Impl::ParallelFor<K...
a100,sm80,other,,17,0,0,no,1.0,1.0,1.0,void Kokkos::Impl::cuda_parallel_launch_local_memory<Kokkos::Impl::ParallelFor<K...
a100,sm80,other,,17,0,0,no,1.0,1.0,1.0,void Kokkos::Impl::cuda_parallel_launch_local_memory<Kokkos::Impl::ParallelFor<K...
a100,sm80,other,,17,0,0,no,1.0,1.0,1.0,void Kokkos::Impl::cuda_parallel_launch_local_memory<Kokkos::Impl::ParallelFor<p...
a100,sm80,other,,17,0,0,no,1.0,1.0,1.0,void Kokkos::Impl::cuda_parallel_launch_local_memory<Kokkos::Impl::ParallelFor<p...
a100,sm80,other,,17,0,0,no,1.0,1.0,1.0,void Kokkos::Impl::cuda_parallel_launch_local_memory<Kokkos::Impl::ParallelFor<K...
a100,sm80,other,,17,0,0,no,1.0,1.0,1.0,void Kokkos::Impl::cuda_parallel_launch_local_memory<Kokkos::Impl::ParallelFor<K...
a100,sm80,other,,17,0,0,no,1.0,1.0,1.0,void Kokkos::Impl::cuda_parallel_launch_local_memory<Kokkos::Impl::ParallelFor<K...
a100,sm80,other,,17,0,0,no,1.0,1.0,1.0,void Kokkos::Impl::cuda_parallel_launch_local_memory<Kokkos::Impl::ParallelFor<K...
a100,sm80,other,,17,0,0,no,1.0,1.0,1.0,void Kokkos::Impl::cuda_parallel_launch_local_memory<Kokkos::Impl::ParallelFor<K...
a100,sm80,other,,17,0,0,no,1.0,1.0,1.0,void Kokkos::Impl::cuda_parallel_launch_local_memory<Kokkos::Impl::ParallelFor<K...
a100,sm80,other,,17,0,0,no,1.0,1.0,1.0,void Kokkos::Impl::cuda_parallel_launch_local_memory<Kokkos::Impl::ParallelFor<K...
a100,sm80,other,,17,0,0,no,1.0,1.0,1.0,void Kokkos::Impl::cuda_parallel_launch_local_memory<Kokkos::Impl::ParallelFor<K...
a100,sm80,other,,17,0,0,no,1.0,1.0,1.0,void Kokkos::Impl::cuda_parallel_launch_local_memory<Kokkos::Impl::ParallelFor<K...
a100,sm80,other,,17,0,0,no,1.0,1.0,1.0,void Kokkos::Impl::cuda_parallel_launch_local_memory<Kokkos::Impl::ParallelFor<K...
a100,sm80,other,,17,0,0,no,1.0,1.0,1.0,void Kokkos::Impl::cuda_parallel_launch_local_memory<Kokkos::Impl::ParallelFor<K...
a100,sm80,other,,17,0,0,no,1.0,1.0,1.0,void Kokkos::Impl::cuda_parallel_launch_local_memory<Kokkos::Impl::ParallelFor<K...
a100,sm80,other,,17,0,0,no,1.0,1.0,1.0,void Kokkos::Impl::cuda_parallel_launch_local_memory<Kokkos::Impl::ParallelFor<K...
a100,sm80,other,,17,0,0,no,1.0,1.0,1.0,void Kokkos::Impl::cuda_parallel_launch_local_memory<Kokkos::Impl::ParallelFor<K...
a100,sm80,other,,17,0,0,no,1.0,1.0,1.0,void Kokkos::Impl::cuda_parallel_launch_local_memory<Kokkos::Impl::ParallelFor<K...
a100,sm80,other,,17,0,0,no,1.0,1.0,1.0,void Kokkos::Impl::cuda_parallel_launch_local_memory<Kokkos::Impl::ParallelFor<K...
a100,sm80,other,,17,0,0,no,1.0,1.0,1.0,void Kokkos::Impl::cuda_parallel_launch_local_memory<Kokkos::Impl::ParallelFor<K...
a100,sm80,other,,17,0,0,no,1.0,1.0,1.0,void Kokkos::Impl::cuda_parallel_launch_local_memory<Kokkos::Impl::ParallelFor<K...
a100,sm80,other,,17,0,0,no,1.0,1.0,1.0,void Kokkos::Impl::cuda_parallel_launch_local_memory<Kokkos::Impl::ParallelFor<K...
a100,sm80,other,,17,0,0,no,1.0,1.0,1.0,void Kokkos::Impl::cuda_parallel_launch_local_memory<Kokkos::Impl::ParallelFor<K...
a100,sm80,other,,17,0,0,no,1.0,1.0,1.0,void Kokkos::Impl::cuda_parallel_launch_local_memory<Kokkos::Impl::ParallelFor<K...
a100,sm80,other,,17,0,0,no,1.0,1.0,1.0,void Kokkos::Impl::cuda_parallel_launch_local_memory<Kokkos::Impl::ParallelFor<K...
a100,sm80,other,,17,0,0,no,1.0,1.0,1.0,void Kokkos::Impl::cuda_parallel_launch_local_memory<Kokkos::Impl::ParallelFor<K...
a100,sm80,other,,17,0,0,no,1.0,1.0,1.0,void Kokkos::Impl::cuda_parallel_launch_local_memory<Kokkos::Impl::ParallelFor<K...
a100,sm80,other,,17,0,0,no,1.0,1.0,1.0,void Kokkos::Impl::cuda_parallel_launch_local_memory<Kokkos::Impl::ParallelFor<K...
a100,sm80,other,,17,0,0,no,1.0,1.0,1.0,void Kokkos::Impl::cuda_parallel_launch_local_memory<Kokkos::Impl::ParallelFor<K...
a100,sm80,other,,17,0,0,no,1.0,1.0,1.0,void Kokkos::Impl::cuda_parallel_launch_local_memory<Kokkos::Impl::ParallelFor<K...
a100,sm80,other,,17,0,0,no,1.0,1.0,1.0,void Kokkos::Impl::cuda_parallel_launch_local_memory<Kokkos::Impl::ParallelFor<K...
a100,sm80,other,,17,0,0,no,1.0,1.0,1.0,void Kokkos::Impl::cuda_parallel_launch_local_memory<Kokkos::Impl::ParallelFor<K...
a100,sm80,other,,17,0,0,no,1.0,1.0,1.0,void Kokkos::Impl::cuda_parallel_launch_local_memory<Kokkos::Impl::ParallelFor<K...
a100,sm80,other,,17,0,0,no,1.0,1.0,1.0,void Kokkos::Impl::cuda_parallel_launch_local_memory<Kokkos::Impl::ParallelFor<K...
a100,sm80,other,,17,0,0,no,1.0,1.0,1.0,void Kokkos::Impl::cuda_parallel_launch_local_memory<Kokkos::Impl::ParallelFor<p...
a100,sm80,other,,17,0,0,no,1.0,1.0,1.0,void Kokkos::Impl::cuda_parallel_launch_local_memory<Kokkos::Impl::ParallelFor<K...
a100,sm80,other,,17,0,0,no,1.0,1.0,1.0,void Kokkos::Impl::cuda_parallel_launch_local_memory<Kokkos::Impl::ParallelFor<K...
a100,sm80,other,,17,0,0,no,1.0,1.0,1.0,void Kokkos::Impl::cuda_parallel_launch_local_memory<Kokkos::Impl::ParallelFor<K...
a100,sm80,other,,17,0,0,no,1.0,1.0,1.0,void Kokkos::Impl::cuda_parallel_launch_local_memory<Kokkos::Impl::ParallelFor<K...
a100,sm80,other,,17,0,0,no,1.0,1.0,1.0,void Kokkos::Impl::cuda_parallel_launch_local_memory<Kokkos::Impl::ParallelFor<K...
a100,sm80,other,,17,0,0,no,1.0,1.0,1.0,void Kokkos::Impl::cuda_parallel_launch_local_memory<Kokkos::Impl::ParallelFor<K...
a100,sm80,other,,17,0,0,no,1.0,1.0,1.0,void Kokkos::Impl::cuda_parallel_launch_local_memory<Kokkos::Impl::ParallelFor<K...
a100,sm80,other,,17,0,0,no,1.0,1.0,1.0,void Kokkos::Impl::cuda_parallel_launch_local_memory<Kokkos::Impl::ParallelFor<K...
a100,sm80,other,,17,0,0,no,1.0,1.0,1.0,void Kokkos::Impl::cuda_parallel_launch_local_memory<Kokkos::Impl::ParallelFor<K...
a100,sm80,other,,17,0,0,no,1.0,1.0,1.0,void Kokkos::Impl::cuda_parallel_launch_local_memory<Kokkos::Impl::ParallelFor<K...
a100,sm80,other,,17,0,0,no,1.0,1.0,1.0,void Kokkos::Impl::cuda_parallel_launch_local_memory<Kokkos::Impl::ParallelFor<K...
a100,sm80,other,,17,0,0,no,1.0,1.0,1.0,void Kokkos::Impl::cuda_parallel_launch_local_memory<Kokkos::Impl::ParallelFor<K...
a100,sm80,other,,17,0,0,no,1.0,1.0,1.0,void Kokkos::Impl::cuda_parallel_launch_local_memory<Kokkos::Impl::ParallelFor<K...
a100,sm80,other,,17,0,0,no,1.0,1.0,1.0,void Kokkos::Impl::cuda_parallel_launch_local_memory<Kokkos::Impl::ParallelFor<K...
a100,sm80,other,,17,0,0,no,1.0,1.0,1.0,void Kokkos::Impl::cuda_parallel_launch_local_memory<Kokkos::Impl::ParallelFor<K...
a100,sm80,other,,17,0,0,no,1.0,1.0,1.0,void Kokkos::Impl::cuda_parallel_launch_local_memory<Kokkos::Impl::ParallelFor<K...
a100,sm80,other,,16,0,0,no,1.0,1.0,1.0,void Kokkos::Impl::cuda_parallel_launch_local_memory<Kokkos::Impl::ParallelFor<K...
a100,sm80,other,,16,0,0,no,1.0,1.0,1.0,void Kokkos::Impl::cuda_parallel_launch_local_memory<Kokkos::Impl::ParallelFor<K...
a100,sm80,other,,16,0,0,no,1.0,1.0,1.0,void Kokkos::Impl::cuda_parallel_launch_local_memory<Kokkos::Impl::ParallelFor<K...
a100,sm80,other,,16,0,0,no,1.0,1.0,1.0,void Kokkos::Impl::cuda_parallel_launch_local_memory<Kokkos::Impl::ParallelFor<K...
a100,sm80,other,,16,0,0,no,1.0,1.0,1.0,void Kokkos::Impl::cuda_parallel_launch_local_memory<Kokkos::Impl::ParallelFor<K...
a100,sm80,other,,16,0,0,no,1.0,1.0,1.0,void Kokkos::Impl::cuda_parallel_launch_local_memory<Kokkos::Impl::ParallelFor<K...
a100,sm80,other,,16,0,0,no,1.0,1.0,1.0,void Kokkos::Impl::cuda_parallel_launch_local_memory<Kokkos::Impl::ParallelFor<K...
a100,sm80,other,,16,0,0,no,1.0,1.0,1.0,void Kokkos::Impl::cuda_parallel_launch_local_memory<Kokkos::Impl::ParallelFor<K...
a100,sm80,other,,16,0,0,no,1.0,1.0,1.0,void Kokkos::Impl::cuda_parallel_launch_local_memory<Kokkos::Impl::ParallelFor<K...
a100,sm80,other,,16,0,0,no,1.0,1.0,1.0,void Kokkos::Impl::cuda_parallel_launch_local_memory<Kokkos::Impl::ParallelFor<K...
a100,sm80,other,,16,0,0,no,1.0,1.0,1.0,void Kokkos::Impl::cuda_parallel_launch_local_memory<Kokkos::Impl::ParallelFor<K...
a100,sm80,other,,16,0,0,no,1.0,1.0,1.0,void Kokkos::Impl::cuda_parallel_launch_local_memory<Kokkos::Impl::ParallelFor<K...
a100,sm80,other,,16,0,0,no,1.0,1.0,1.0,void Kokkos::Impl::cuda_parallel_launch_local_memory<Kokkos::Impl::ParallelFor<K...
a100,sm80,other,,16,0,0,no,1.0,1.0,1.0,void Kokkos::Impl::cuda_parallel_launch_local_memory<Kokkos::Impl::ParallelFor<K...
a100,sm80,other,,16,0,0,no,1.0,1.0,1.0,void Kokkos::Impl::cuda_parallel_launch_local_memory<Kokkos::Impl::ParallelFor<K...
a100,sm80,other,,16,0,0,no,1.0,1.0,1.0,void Kokkos::Impl::cuda_parallel_launch_local_memory<Kokkos::Impl::ParallelFor<K...
a100,sm80,other,,16,0,0,no,1.0,1.0,1.0,void Kokkos::Impl::cuda_parallel_launch_local_memory<Kokkos::Impl::ParallelFor<K...
a100,sm80,other,,16,0,0,no,1.0,1.0,1.0,void Kokkos::Impl::cuda_parallel_launch_local_memory<Kokkos::Impl::ParallelFor<K...
a100,sm80,other,,16,0,0,no,1.0,1.0,1.0,void Kokkos::Impl::cuda_parallel_launch_local_memory<Kokkos::Impl::ParallelFor<K...
a100,sm80,other,,16,0,0,no,1.0,1.0,1.0,void Kokkos::Impl::cuda_parallel_launch_local_memory<Kokkos::Impl::ParallelFor<K...
a100,sm80,other,,16,0,0,no,1.0,1.0,1.0,void Kokkos::Impl::cuda_parallel_launch_local_memory<Kokkos::Impl::ParallelFor<K...
a100,sm80,other,,16,0,0,no,1.0,1.0,1.0,void Kokkos::Impl::cuda_parallel_launch_local_memory<Kokkos::Impl::ParallelFor<K...
a100,sm80,other,,16,0,0,no,1.0,1.0,1.0,void Kokkos::Impl::cuda_parallel_launch_local_memory<Kokkos::Impl::ParallelFor<p...
a100,sm80,other,,16,0,0,no,1.0,1.0,1.0,void Kokkos::Impl::cuda_parallel_launch_local_memory<Kokkos::Impl::ParallelFor<K...
a100,sm80,other,,16,0,0,no,1.0,1.0,1.0,void Kokkos::Impl::cuda_parallel_launch_local_memory<Kokkos::Impl::ParallelFor<K...
a100,sm80,other,,16,0,0,no,1.0,1.0,1.0,void Kokkos::Impl::cuda_parallel_launch_local_memory<Kokkos::Impl::ParallelFor<K...
a100,sm80,other,,16,0,0,no,1.0,1.0,1.0,void Kokkos::Impl::cuda_parallel_launch_constant_memory<Kokkos::Impl::ParallelFo...
a100,sm80,other,,15,0,0,no,1.0,1.0,1.0,void Kokkos::Impl::cuda_parallel_launch_local_memory<Kokkos::Impl::ParallelFor<p...
a100,sm80,other,,15,0,0,no,1.0,1.0,1.0,void Kokkos::Impl::cuda_parallel_launch_constant_memory<Kokkos::Impl::ParallelFo...
a100,sm80,other,,14,0,0,no,1.0,1.0,1.0,void Kokkos::Impl::cuda_parallel_launch_local_memory<Kokkos::Impl::ParallelFor<K...
a100,sm80,other,,14,0,0,no,1.0,1.0,1.0,void Kokkos::Impl::cuda_parallel_launch_local_memory<Kokkos::Impl::ParallelFor<K...
a100,sm80,other,,14,0,0,no,1.0,1.0,1.0,void Kokkos::Impl::cuda_parallel_launch_local_memory<Kokkos::Impl::ParallelFor<K...
a100,sm80,other,,14,0,0,no,1.0,1.0,1.0,void Kokkos::Impl::cuda_parallel_launch_local_memory<Kokkos::Impl::ParallelFor<K...
a100,sm80,other,,14,0,0,no,1.0,1.0,1.0,void Kokkos::Impl::cuda_parallel_launch_local_memory<Kokkos::Impl::ParallelFor<K...
a100,sm80,other,,14,0,0,no,1.0,1.0,1.0,void Kokkos::Impl::cuda_parallel_launch_local_memory<Kokkos::Impl::ParallelFor<K...
a100,sm80,other,,14,0,0,no,1.0,1.0,1.0,void Kokkos::Impl::cuda_parallel_launch_local_memory<Kokkos::Impl::ParallelFor<K...
a100,sm80,other,,14,0,0,no,1.0,1.0,1.0,void Kokkos::Impl::cuda_parallel_launch_local_memory<Kokkos::Impl::ParallelFor<K...
a100,sm80,other,,14,0,0,no,1.0,1.0,1.0,void Kokkos::Impl::cuda_parallel_launch_local_memory<Kokkos::Impl::ParallelFor<K...
a100,sm80,other,,14,0,0,no,1.0,1.0,1.0,void Kokkos::Impl::cuda_parallel_launch_local_memory<Kokkos::Impl::ParallelFor<K...
a100,sm80,other,,14,0,0,no,1.0,1.0,1.0,void Kokkos::Impl::cuda_parallel_launch_local_memory<Kokkos::Impl::ParallelFor<K...
a100,sm80,other,,14,0,0,no,1.0,1.0,1.0,void Kokkos::Impl::cuda_parallel_launch_local_memory<Kokkos::Impl::ParallelFor<K...
a100,sm80,other,,14,0,0,no,1.0,1.0,1.0,void Kokkos::Impl::cuda_parallel_launch_local_memory<Kokkos::Impl::ParallelFor<K...
a100,sm80,other,,14,0,0,no,1.0,1.0,1.0,void Kokkos::Impl::cuda_parallel_launch_local_memory<Kokkos::Impl::ParallelFor<K...
a100,sm80,other,,14,0,0,no,1.0,1.0,1.0,void Kokkos::Impl::cuda_parallel_launch_local_memory<Kokkos::Impl::ParallelFor<K...
a100,sm80,other,,14,0,0,no,1.0,1.0,1.0,void Kokkos::Impl::cuda_parallel_launch_local_memory<Kokkos::Impl::ParallelFor<K...
a100,sm80,other,,14,0,0,no,1.0,1.0,1.0,void Kokkos::Impl::cuda_parallel_launch_local_memory<Kokkos::Impl::ParallelFor<K...
a100,sm80,other,,14,0,0,no,1.0,1.0,1.0,void Kokkos::Impl::cuda_parallel_launch_local_memory<Kokkos::Impl::ParallelFor<K...
a100,sm80,other,,14,0,0,no,1.0,1.0,1.0,void Kokkos::Impl::cuda_parallel_launch_local_memory<Kokkos::Impl::ParallelFor<K...
a100,sm80,other,,14,0,0,no,1.0,1.0,1.0,void Kokkos::Impl::cuda_parallel_launch_local_memory<Kokkos::Impl::ParallelFor<K...
a100,sm80,other,,14,0,0,no,1.0,1.0,1.0,void Kokkos::Impl::cuda_parallel_launch_local_memory<Kokkos::Impl::ParallelFor<K...
a100,sm80,other,,14,0,0,no,1.0,1.0,1.0,void Kokkos::Impl::cuda_parallel_launch_local_memory<Kokkos::Impl::ParallelFor<K...
a100,sm80,other,,14,0,0,no,1.0,1.0,1.0,void Kokkos::Impl::cuda_parallel_launch_local_memory<Kokkos::Impl::ParallelFor<K...
a100,sm80,other,,14,0,0,no,1.0,1.0,1.0,void Kokkos::Impl::cuda_parallel_launch_local_memory<Kokkos::Impl::ParallelFor<K...
a100,sm80,other,,14,0,0,no,1.0,1.0,1.0,void Kokkos::Impl::cuda_parallel_launch_local_memory<Kokkos::Impl::ParallelFor<K...
a100,sm80,other,,14,0,0,no,1.0,1.0,1.0,void Kokkos::Impl::cuda_parallel_launch_local_memory<Kokkos::Impl::ParallelFor<K...
a100,sm80,other,,14,0,0,no,1.0,1.0,1.0,void Kokkos::Impl::cuda_parallel_launch_local_memory<Kokkos::Impl::ParallelFor<K...
a100,sm80,other,,14,0,0,no,1.0,1.0,1.0,void Kokkos::Impl::cuda_parallel_launch_local_memory<Kokkos::Impl::ParallelFor<K...
a100,sm80,other,,14,0,0,no,1.0,1.0,1.0,void Kokkos::Impl::cuda_parallel_launch_local_memory<Kokkos::Impl::ParallelFor<K...
a100,sm80,other,,14,0,0,no,1.0,1.0,1.0,void Kokkos::Impl::cuda_parallel_launch_local_memory<Kokkos::Impl::ParallelFor<K...
a100,sm80,other,,14,0,0,no,1.0,1.0,1.0,void Kokkos::Impl::cuda_parallel_launch_local_memory<Kokkos::Impl::ParallelFor<K...
a100,sm80,other,,14,0,0,no,1.0,1.0,1.0,void Kokkos::Impl::cuda_parallel_launch_local_memory<Kokkos::Impl::ParallelFor<K...
a100,sm80,other,,14,0,0,no,1.0,1.0,1.0,void Kokkos::Impl::cuda_parallel_launch_local_memory<Kokkos::Impl::ParallelFor<K...
a100,sm80,other,,14,0,0,no,1.0,1.0,1.0,void Kokkos::Impl::cuda_parallel_launch_local_memory<Kokkos::Impl::ParallelFor<K...
a100,sm80,other,,14,0,0,no,1.0,1.0,1.0,void Kokkos::Impl::cuda_parallel_launch_local_memory<Kokkos::Impl::ParallelFor<K...
a100,sm80,other,,14,0,0,no,1.0,1.0,1.0,void Kokkos::Impl::cuda_parallel_launch_local_memory<Kokkos::Impl::ParallelFor<K...
a100,sm80,other,,14,0,0,no,1.0,1.0,1.0,void Kokkos::Impl::cuda_parallel_launch_local_memory<Kokkos::Impl::ParallelFor<K...
a100,sm80,other,,14,0,0,no,1.0,1.0,1.0,void Kokkos::Impl::cuda_parallel_launch_local_memory<Kokkos::Impl::ParallelFor<K...
a100,sm80,other,,14,0,0,no,1.0,1.0,1.0,void Kokkos::Impl::cuda_parallel_launch_local_memory<Kokkos::Impl::ParallelFor<K...
a100,sm80,other,,14,0,0,no,1.0,1.0,1.0,void Kokkos::Impl::cuda_parallel_launch_local_memory<Kokkos::Impl::ParallelFor<K...
a100,sm80,other,,14,0,0,no,1.0,1.0,1.0,void Kokkos::Impl::cuda_parallel_launch_local_memory<Kokkos::Impl::ParallelFor<K...
a100,sm80,other,,14,0,0,no,1.0,1.0,1.0,void Kokkos::Impl::cuda_parallel_launch_local_memory<Kokkos::Impl::ParallelFor<K...
a100,sm80,other,,14,0,0,no,1.0,1.0,1.0,void Kokkos::Impl::cuda_parallel_launch_local_memory<Kokkos::Impl::ParallelFor<K...
a100,sm80,other,,14,0,0,no,1.0,1.0,1.0,void Kokkos::Impl::cuda_parallel_launch_local_memory<Kokkos::Impl::ParallelFor<K...
a100,sm80,other,,14,0,0,no,1.0,1.0,1.0,void Kokkos::Impl::cuda_parallel_launch_local_memory<Kokkos::Impl::ParallelFor<K...
a100,sm80,other,,14,0,0,no,1.0,1.0,1.0,void Kokkos::Impl::cuda_parallel_launch_local_memory<Kokkos::Impl::ParallelFor<K...
a100,sm80,other,,14,0,0,no,1.0,1.0,1.0,void Kokkos::Impl::cuda_parallel_launch_local_memory<Kokkos::Impl::ParallelFor<K...
a100,sm80,other,,14,0,0,no,1.0,1.0,1.0,void Kokkos::Impl::cuda_parallel_launch_local_memory<Kokkos::Impl::ParallelFor<K...
a100,sm80,other,,14,0,0,no,1.0,1.0,1.0,void Kokkos::Impl::cuda_parallel_launch_local_memory<Kokkos::Impl::ParallelFor<K...
a100,sm80,other,,14,0,0,no,1.0,1.0,1.0,void Kokkos::Impl::cuda_parallel_launch_local_memory<Kokkos::Impl::ParallelFor<K...
a100,sm80,other,,14,0,0,no,1.0,1.0,1.0,void Kokkos::Impl::cuda_parallel_launch_local_memory<Kokkos::Impl::ParallelFor<K...
a100,sm80,other,,14,0,0,no,1.0,1.0,1.0,void Kokkos::Impl::cuda_parallel_launch_local_memory<Kokkos::Impl::ParallelFor<K...
a100,sm80,other,,14,0,0,no,1.0,1.0,1.0,void Kokkos::Impl::cuda_parallel_launch_local_memory<Kokkos::Impl::ParallelFor<K...
a100,sm80,other,,14,0,0,no,1.0,1.0,1.0,void Kokkos::Impl::cuda_parallel_launch_local_memory<Kokkos::Impl::ParallelFor<K...
a100,sm80,other,,14,0,0,no,1.0,1.0,1.0,void Kokkos::Impl::cuda_parallel_launch_local_memory<Kokkos::Impl::ParallelFor<K...
a100,sm80,other,,14,0,0,no,1.0,1.0,1.0,void Kokkos::Impl::cuda_parallel_launch_local_memory<Kokkos::Impl::ParallelFor<K...
a100,sm80,other,,14,0,0,no,1.0,1.0,1.0,void Kokkos::Impl::cuda_parallel_launch_local_memory<Kokkos::Impl::ParallelFor<K...
a100,sm80,other,,14,0,0,no,1.0,1.0,1.0,void Kokkos::Impl::cuda_parallel_launch_local_memory<Kokkos::Impl::ParallelFor<K...
a100,sm80,other,,14,0,0,no,1.0,1.0,1.0,void Kokkos::Impl::cuda_parallel_launch_local_memory<Kokkos::Impl::ParallelFor<K...
a100,sm80,other,,14,0,0,no,1.0,1.0,1.0,void Kokkos::Impl::cuda_parallel_launch_local_memory<Kokkos::Impl::ParallelFor<K...
a100,sm80,other,,14,0,0,no,1.0,1.0,1.0,void Kokkos::Impl::cuda_parallel_launch_local_memory<Kokkos::Impl::ParallelFor<K...
a100,sm80,other,,14,0,0,no,1.0,1.0,1.0,void Kokkos::Impl::cuda_parallel_launch_local_memory<Kokkos::Impl::ParallelFor<K...
a100,sm80,other,,14,0,0,no,1.0,1.0,1.0,void Kokkos::Impl::cuda_parallel_launch_local_memory<Kokkos::Impl::ParallelFor<K...
a100,sm80,other,,14,0,0,no,1.0,1.0,1.0,void Kokkos::Impl::cuda_parallel_launch_local_memory<Kokkos::Impl::ParallelFor<K...
a100,sm80,other,,14,0,0,no,1.0,1.0,1.0,void Kokkos::Impl::cuda_parallel_launch_local_memory<Kokkos::Impl::ParallelFor<K...
a100,sm80,other,,14,0,0,no,1.0,1.0,1.0,void Kokkos::Impl::cuda_parallel_launch_local_memory<Kokkos::Impl::ParallelFor<K...
a100,sm80,other,,14,0,0,no,1.0,1.0,1.0,void Kokkos::Impl::cuda_parallel_launch_local_memory<Kokkos::Impl::ParallelFor<K...
a100,sm80,other,,14,0,0,no,1.0,1.0,1.0,void Kokkos::Impl::cuda_parallel_launch_local_memory<Kokkos::Impl::ParallelFor<K...
a100,sm80,other,,14,0,0,no,1.0,1.0,1.0,void Kokkos::Impl::cuda_parallel_launch_local_memory<Kokkos::Impl::ParallelFor<K...
a100,sm80,other,,14,0,0,no,1.0,1.0,1.0,void Kokkos::Impl::cuda_parallel_launch_local_memory<Kokkos::Impl::ParallelFor<K...
a100,sm80,other,,14,0,0,no,1.0,1.0,1.0,void Kokkos::Impl::cuda_parallel_launch_local_memory<Kokkos::Impl::ParallelFor<K...
a100,sm80,other,,14,0,0,no,1.0,1.0,1.0,void Kokkos::Impl::cuda_parallel_launch_local_memory<Kokkos::Impl::ParallelFor<K...
a100,sm80,other,,14,0,0,no,1.0,1.0,1.0,void Kokkos::Impl::cuda_parallel_launch_local_memory<Kokkos::Impl::ParallelFor<K...
a100,sm80,other,,14,0,0,no,1.0,1.0,1.0,void Kokkos::Impl::cuda_parallel_launch_local_memory<Kokkos::Impl::ParallelFor<K...
a100,sm80,other,,14,0,0,no,1.0,1.0,1.0,void Kokkos::Impl::cuda_parallel_launch_local_memory<Kokkos::Impl::ParallelFor<K...
a100,sm80,other,,14,0,0,no,1.0,1.0,1.0,void Kokkos::Impl::cuda_parallel_launch_local_memory<Kokkos::Impl::ParallelFor<K...
a100,sm80,other,,14,0,0,no,1.0,1.0,1.0,void Kokkos::Impl::cuda_parallel_launch_local_memory<Kokkos::Impl::ParallelFor<K...
a100,sm80,other,,14,0,0,no,1.0,1.0,1.0,void Kokkos::Impl::cuda_parallel_launch_local_memory<Kokkos::Impl::ParallelFor<K...
a100,sm80,other,,14,0,0,no,1.0,1.0,1.0,void Kokkos::Impl::cuda_parallel_launch_local_memory<Kokkos::Impl::ParallelFor<K...
a100,sm80,other,,14,0,0,no,1.0,1.0,1.0,void Kokkos::Impl::cuda_parallel_launch_local_memory<Kokkos::Impl::ParallelFor<K...
a100,sm80,other,,14,0,0,no,1.0,1.0,1.0,void Kokkos::Impl::cuda_parallel_launch_local_memory<Kokkos::Impl::ParallelFor<K...
a100,sm80,other,,14,0,0,no,1.0,1.0,1.0,void Kokkos::Impl::cuda_parallel_launch_local_memory<Kokkos::Impl::ParallelFor<K...
a100,sm80,other,,14,0,0,no,1.0,1.0,1.0,void Kokkos::Impl::cuda_parallel_launch_local_memory<Kokkos::Impl::ParallelFor<K...
a100,sm80,other,,14,0,0,no,1.0,1.0,1.0,void Kokkos::Impl::cuda_parallel_launch_local_memory<Kokkos::Impl::ParallelFor<K...
a100,sm80,other,,14,0,0,no,1.0,1.0,1.0,void Kokkos::Impl::cuda_parallel_launch_local_memory<Kokkos::Impl::ParallelFor<K...
a100,sm80,other,,14,0,0,no,1.0,1.0,1.0,void Kokkos::Impl::cuda_parallel_launch_local_memory<Kokkos::Impl::ParallelFor<K...
a100,sm80,other,,14,0,0,no,1.0,1.0,1.0,void Kokkos::Impl::cuda_parallel_launch_local_memory<Kokkos::Impl::ParallelFor<K...
a100,sm80,other,,14,0,0,no,1.0,1.0,1.0,void Kokkos::Impl::cuda_parallel_launch_local_memory<Kokkos::Impl::ParallelFor<K...
a100,sm80,other,,14,0,0,no,1.0,1.0,1.0,void Kokkos::Impl::cuda_parallel_launch_local_memory<Kokkos::Impl::ParallelFor<K...
a100,sm80,other,,14,0,0,no,1.0,1.0,1.0,void Kokkos::Impl::cuda_parallel_launch_local_memory<Kokkos::Impl::ParallelFor<K...
a100,sm80,other,,14,0,0,no,1.0,1.0,1.0,void Kokkos::Impl::cuda_parallel_launch_local_memory<Kokkos::Impl::ParallelFor<K...
a100,sm80,other,,14,0,0,no,1.0,1.0,1.0,void Kokkos::Impl::cuda_parallel_launch_local_memory<Kokkos::Impl::ParallelFor<K...
a100,sm80,other,,14,0,0,no,1.0,1.0,1.0,void Kokkos::Impl::cuda_parallel_launch_local_memory<Kokkos::Impl::ParallelFor<K...
a100,sm80,other,,14,0,0,no,1.0,1.0,1.0,void Kokkos::Impl::cuda_parallel_launch_local_memory<Kokkos::Impl::ParallelFor<K...
a100,sm80,other,,14,0,0,no,1.0,1.0,1.0,void Kokkos::Impl::cuda_parallel_launch_local_memory<Kokkos::Impl::ParallelFor<K...
a100,sm80,other,,14,0,0,no,1.0,1.0,1.0,void Kokkos::Impl::cuda_parallel_launch_local_memory<Kokkos::Impl::ParallelFor<K...
a100,sm80,other,,14,0,0,no,1.0,1.0,1.0,void Kokkos::Impl::cuda_parallel_launch_local_memory<Kokkos::Impl::ParallelFor<K...
a100,sm80,other,,14,0,0,no,1.0,1.0,1.0,void Kokkos::Impl::cuda_parallel_launch_local_memory<Kokkos::Impl::ParallelFor<K...
a100,sm80,other,,14,0,0,no,1.0,1.0,1.0,void Kokkos::Impl::cuda_parallel_launch_local_memory<Kokkos::Impl::ParallelFor<K...
a100,sm80,other,,14,0,0,no,1.0,1.0,1.0,void Kokkos::Impl::cuda_parallel_launch_local_memory<Kokkos::Impl::ParallelFor<K...
a100,sm80,other,,14,0,0,no,1.0,1.0,1.0,void Kokkos::Impl::cuda_parallel_launch_local_memory<Kokkos::Impl::ParallelFor<K...
a100,sm80,other,,14,0,0,no,1.0,1.0,1.0,void Kokkos::Impl::cuda_parallel_launch_local_memory<Kokkos::Impl::ParallelFor<K...
a100,sm80,other,,14,0,0,no,1.0,1.0,1.0,void Kokkos::Impl::cuda_parallel_launch_local_memory<Kokkos::Impl::ParallelFor<K...
a100,sm80,other,,14,0,0,no,1.0,1.0,1.0,void Kokkos::Impl::cuda_parallel_launch_local_memory<Kokkos::Impl::ParallelFor<K...
a100,sm80,other,,14,0,0,no,1.0,1.0,1.0,void Kokkos::Impl::cuda_parallel_launch_local_memory<Kokkos::Impl::ParallelFor<K...
a100,sm80,other,,14,0,0,no,1.0,1.0,1.0,void Kokkos::Impl::cuda_parallel_launch_local_memory<Kokkos::Impl::ParallelFor<K...
a100,sm80,other,,14,0,0,no,1.0,1.0,1.0,void Kokkos::Impl::cuda_parallel_launch_local_memory<Kokkos::Impl::ParallelFor<K...
a100,sm80,other,,14,0,0,no,1.0,1.0,1.0,void Kokkos::Impl::cuda_parallel_launch_local_memory<Kokkos::Impl::ParallelFor<K...
a100,sm80,other,,14,0,0,no,1.0,1.0,1.0,void Kokkos::Impl::cuda_parallel_launch_local_memory<Kokkos::Impl::ParallelFor<K...
a100,sm80,other,,14,0,0,no,1.0,1.0,1.0,void Kokkos::Impl::cuda_parallel_launch_local_memory<Kokkos::Impl::ParallelFor<K...
a100,sm80,other,,14,0,0,no,1.0,1.0,1.0,void Kokkos::Impl::cuda_parallel_launch_local_memory<Kokkos::Impl::ParallelFor<K...
a100,sm80,other,,14,0,0,no,1.0,1.0,1.0,void Kokkos::Impl::cuda_parallel_launch_local_memory<Kokkos::Impl::ParallelFor<K...
a100,sm80,other,,14,0,0,no,1.0,1.0,1.0,void Kokkos::Impl::cuda_parallel_launch_local_memory<Kokkos::Impl::ParallelFor<K...
a100,sm80,other,,14,0,0,no,1.0,1.0,1.0,void Kokkos::Impl::cuda_parallel_launch_local_memory<Kokkos::Impl::ParallelFor<K...
a100,sm80,other,,14,0,0,no,1.0,1.0,1.0,void Kokkos::Impl::cuda_parallel_launch_local_memory<Kokkos::Impl::ParallelFor<K...
a100,sm80,other,,14,0,0,no,1.0,1.0,1.0,void Kokkos::Impl::cuda_parallel_launch_local_memory<Kokkos::Impl::ParallelFor<K...
a100,sm80,other,,14,0,0,no,1.0,1.0,1.0,void Kokkos::Impl::cuda_parallel_launch_local_memory<Kokkos::Impl::ParallelFor<K...
a100,sm80,other,,14,0,0,no,1.0,1.0,1.0,void Kokkos::Impl::cuda_parallel_launch_local_memory<Kokkos::Impl::ParallelFor<K...
a100,sm80,other,,14,0,0,no,1.0,1.0,1.0,void Kokkos::Impl::cuda_parallel_launch_local_memory<Kokkos::Impl::ParallelFor<K...
a100,sm80,other,,14,0,0,no,1.0,1.0,1.0,void Kokkos::Impl::cuda_parallel_launch_local_memory<Kokkos::Impl::ParallelFor<K...
a100,sm80,other,,14,0,0,no,1.0,1.0,1.0,void Kokkos::Impl::cuda_parallel_launch_local_memory<Kokkos::Impl::ParallelFor<K...
a100,sm80,other,,14,0,0,no,1.0,1.0,1.0,void Kokkos::Impl::cuda_parallel_launch_local_memory<Kokkos::Impl::ParallelFor<K...
a100,sm80,other,,14,0,0,no,1.0,1.0,1.0,void Kokkos::Impl::cuda_parallel_launch_local_memory<Kokkos::Impl::ParallelFor<K...
a100,sm80,other,,14,0,0,no,1.0,1.0,1.0,void Kokkos::Impl::cuda_parallel_launch_local_memory<Kokkos::Impl::ParallelFor<K...
a100,sm80,other,,14,0,0,no,1.0,1.0,1.0,void Kokkos::Impl::cuda_parallel_launch_local_memory<Kokkos::Impl::ParallelFor<K...
a100,sm80,other,,14,0,0,no,1.0,1.0,1.0,void Kokkos::Impl::cuda_parallel_launch_local_memory<Kokkos::Impl::ParallelFor<K...
a100,sm80,other,,14,0,0,no,1.0,1.0,1.0,void Kokkos::Impl::cuda_parallel_launch_local_memory<Kokkos::Impl::ParallelFor<K...
a100,sm80,other,,14,0,0,no,1.0,1.0,1.0,void Kokkos::Impl::cuda_parallel_launch_local_memory<Kokkos::Impl::ParallelFor<K...
a100,sm80,other,,14,0,0,no,1.0,1.0,1.0,void Kokkos::Impl::cuda_parallel_launch_local_memory<Kokkos::Impl::ParallelFor<K...
a100,sm80,other,,14,0,0,no,1.0,1.0,1.0,void Kokkos::Impl::cuda_parallel_launch_local_memory<Kokkos::Impl::ParallelFor<K...
a100,sm80,other,,14,0,0,no,1.0,1.0,1.0,void Kokkos::Impl::cuda_parallel_launch_local_memory<Kokkos::Impl::ParallelFor<K...
a100,sm80,other,,14,0,0,no,1.0,1.0,1.0,void Kokkos::Impl::cuda_parallel_launch_local_memory<Kokkos::Impl::ParallelFor<K...
a100,sm80,other,,14,0,0,no,1.0,1.0,1.0,void Kokkos::Impl::cuda_parallel_launch_local_memory<Kokkos::Impl::ParallelFor<K...
a100,sm80,other,,14,0,0,no,1.0,1.0,1.0,void Kokkos::Impl::cuda_parallel_launch_local_memory<Kokkos::Impl::ParallelFor<K...
a100,sm80,other,,14,0,0,no,1.0,1.0,1.0,void Kokkos::Impl::cuda_parallel_launch_local_memory<Kokkos::Impl::ParallelFor<K...
a100,sm80,other,,14,0,0,no,1.0,1.0,1.0,void Kokkos::Impl::cuda_parallel_launch_local_memory<Kokkos::Impl::ParallelFor<K...
a100,sm80,other,,14,0,0,no,1.0,1.0,1.0,void Kokkos::Impl::cuda_parallel_launch_local_memory<Kokkos::Impl::ParallelFor<K...
a100,sm80,other,,14,0,0,no,1.0,1.0,1.0,void Kokkos::Impl::cuda_parallel_launch_local_memory<Kokkos::Impl::ParallelFor<K...
a100,sm80,other,,14,0,0,no,1.0,1.0,1.0,void Kokkos::Impl::cuda_parallel_launch_local_memory<Kokkos::Impl::ParallelFor<K...
a100,sm80,other,,14,0,0,no,1.0,1.0,1.0,void Kokkos::Impl::cuda_parallel_launch_local_memory<Kokkos::Impl::ParallelFor<K...
a100,sm80,other,,14,0,0,no,1.0,1.0,1.0,void Kokkos::Impl::cuda_parallel_launch_local_memory<Kokkos::Impl::ParallelFor<K...
a100,sm80,other,,14,0,0,no,1.0,1.0,1.0,void Kokkos::Impl::cuda_parallel_launch_local_memory<Kokkos::Impl::ParallelFor<K...
a100,sm80,other,,14,0,0,no,1.0,1.0,1.0,void Kokkos::Impl::cuda_parallel_launch_local_memory<Kokkos::Impl::ParallelFor<K...
a100,sm80,other,,14,0,0,no,1.0,1.0,1.0,void Kokkos::Impl::cuda_parallel_launch_local_memory<Kokkos::Impl::ParallelFor<K...
a100,sm80,other,,14,0,0,no,1.0,1.0,1.0,void Kokkos::Impl::cuda_parallel_launch_local_memory<Kokkos::Impl::ParallelFor<K...
a100,sm80,other,,14,0,0,no,1.0,1.0,1.0,void Kokkos::Impl::cuda_parallel_launch_local_memory<Kokkos::Impl::ParallelFor<K...
a100,sm80,other,,14,0,0,no,1.0,1.0,1.0,void Kokkos::Impl::cuda_parallel_launch_local_memory<Kokkos::Impl::ParallelFor<K...
a100,sm80,other,,14,0,0,no,1.0,1.0,1.0,void Kokkos::Impl::cuda_parallel_launch_local_memory<Kokkos::Impl::ParallelFor<K...
a100,sm80,other,,14,0,0,no,1.0,1.0,1.0,void Kokkos::Impl::cuda_parallel_launch_local_memory<Kokkos::Impl::ParallelFor<K...
a100,sm80,other,,14,0,0,no,1.0,1.0,1.0,void Kokkos::Impl::cuda_parallel_launch_local_memory<Kokkos::Impl::ParallelFor<K...
a100,sm80,other,,14,0,0,no,1.0,1.0,1.0,void Kokkos::Impl::cuda_parallel_launch_local_memory<Kokkos::Impl::ParallelFor<K...
a100,sm80,other,,14,0,0,no,1.0,1.0,1.0,void Kokkos::Impl::cuda_parallel_launch_local_memory<Kokkos::Impl::ParallelFor<K...
a100,sm80,other,,14,0,0,no,1.0,1.0,1.0,void Kokkos::Impl::cuda_parallel_launch_local_memory<Kokkos::Impl::ParallelFor<K...
a100,sm80,other,,14,0,0,no,1.0,1.0,1.0,void Kokkos::Impl::cuda_parallel_launch_local_memory<Kokkos::Impl::ParallelFor<K...
a100,sm80,other,,14,0,0,no,1.0,1.0,1.0,void Kokkos::Impl::cuda_parallel_launch_local_memory<Kokkos::Impl::ParallelFor<K...
a100,sm80,other,,14,0,0,no,1.0,1.0,1.0,void Kokkos::Impl::cuda_parallel_launch_local_memory<Kokkos::Impl::ParallelFor<K...
a100,sm80,other,,14,0,0,no,1.0,1.0,1.0,void Kokkos::Impl::cuda_parallel_launch_local_memory<Kokkos::Impl::ParallelFor<K...
a100,sm80,other,,14,0,0,no,1.0,1.0,1.0,void Kokkos::Impl::cuda_parallel_launch_local_memory<Kokkos::Impl::ParallelFor<K...
a100,sm80,other,,14,0,0,no,1.0,1.0,1.0,void Kokkos::Impl::cuda_parallel_launch_local_memory<Kokkos::Impl::ParallelFor<K...
a100,sm80,other,,14,0,0,no,1.0,1.0,1.0,void Kokkos::Impl::cuda_parallel_launch_local_memory<Kokkos::Impl::ParallelFor<K...
a100,sm80,other,,14,0,0,no,1.0,1.0,1.0,void Kokkos::Impl::cuda_parallel_launch_local_memory<Kokkos::Impl::ParallelFor<K...
a100,sm80,other,,14,0,0,no,1.0,1.0,1.0,void Kokkos::Impl::cuda_parallel_launch_local_memory<Kokkos::Impl::ParallelFor<K...
a100,sm80,other,,14,0,0,no,1.0,1.0,1.0,void Kokkos::Impl::cuda_parallel_launch_local_memory<Kokkos::Impl::ParallelFor<K...
a100,sm80,other,,14,0,0,no,1.0,1.0,1.0,void Kokkos::Impl::cuda_parallel_launch_local_memory<Kokkos::Impl::ParallelFor<K...
a100,sm80,other,,14,0,0,no,1.0,1.0,1.0,void Kokkos::Impl::cuda_parallel_launch_local_memory<Kokkos::Impl::ParallelFor<K...
a100,sm80,other,,14,0,0,no,1.0,1.0,1.0,void Kokkos::Impl::cuda_parallel_launch_local_memory<Kokkos::Impl::ParallelFor<K...
a100,sm80,other,,14,0,0,no,1.0,1.0,1.0,void Kokkos::Impl::cuda_parallel_launch_local_memory<Kokkos::Impl::ParallelFor<K...
a100,sm80,other,,14,0,0,no,1.0,1.0,1.0,void Kokkos::Impl::cuda_parallel_launch_local_memory<Kokkos::Impl::ParallelFor<K...
a100,sm80,other,,14,0,0,no,1.0,1.0,1.0,void Kokkos::Impl::cuda_parallel_launch_local_memory<Kokkos::Impl::ParallelFor<K...
a100,sm80,other,,14,0,0,no,1.0,1.0,1.0,void Kokkos::Impl::cuda_parallel_launch_local_memory<Kokkos::Impl::ParallelFor<K...
a100,sm80,other,,14,0,0,no,1.0,1.0,1.0,void Kokkos::Impl::cuda_parallel_launch_local_memory<Kokkos::Impl::ParallelFor<K...
a100,sm80,other,,14,0,0,no,1.0,1.0,1.0,void Kokkos::Impl::cuda_parallel_launch_local_memory<Kokkos::Impl::ParallelFor<K...
a100,sm80,other,,14,0,0,no,1.0,1.0,1.0,void Kokkos::Impl::cuda_parallel_launch_local_memory<Kokkos::Impl::ParallelFor<K...
a100,sm80,other,,14,0,0,no,1.0,1.0,1.0,void Kokkos::Impl::cuda_parallel_launch_local_memory<Kokkos::Impl::ParallelFor<K...
a100,sm80,other,,14,0,0,no,1.0,1.0,1.0,void Kokkos::Impl::cuda_parallel_launch_local_memory<Kokkos::Impl::ParallelFor<K...
a100,sm80,other,,14,0,0,no,1.0,1.0,1.0,void Kokkos::Impl::cuda_parallel_launch_local_memory<Kokkos::Impl::ParallelFor<K...
a100,sm80,other,,14,0,0,no,1.0,1.0,1.0,void Kokkos::Impl::cuda_parallel_launch_local_memory<Kokkos::Impl::ParallelFor<K...
a100,sm80,other,,14,0,0,no,1.0,1.0,1.0,void Kokkos::Impl::cuda_parallel_launch_local_memory<Kokkos::Impl::ParallelFor<K...
a100,sm80,other,,14,0,0,no,1.0,1.0,1.0,void Kokkos::Impl::cuda_parallel_launch_local_memory<Kokkos::Impl::ParallelFor<K...
a100,sm80,other,,14,0,0,no,1.0,1.0,1.0,void Kokkos::Impl::cuda_parallel_launch_local_memory<Kokkos::Impl::ParallelFor<K...
a100,sm80,other,,14,0,0,no,1.0,1.0,1.0,void Kokkos::Impl::cuda_parallel_launch_local_memory<Kokkos::Impl::ParallelFor<K...
a100,sm80,other,,14,0,0,no,1.0,1.0,1.0,void Kokkos::Impl::cuda_parallel_launch_local_memory<Kokkos::Impl::ParallelFor<K...
a100,sm80,other,,14,0,0,no,1.0,1.0,1.0,void Kokkos::Impl::cuda_parallel_launch_local_memory<Kokkos::Impl::ParallelFor<K...
a100,sm80,other,,14,0,0,no,1.0,1.0,1.0,void Kokkos::Impl::cuda_parallel_launch_local_memory<Kokkos::Impl::ParallelFor<K...
a100,sm80,other,,14,0,0,no,1.0,1.0,1.0,void Kokkos::Impl::cuda_parallel_launch_local_memory<Kokkos::Impl::ParallelFor<K...
a100,sm80,other,,14,0,0,no,1.0,1.0,1.0,void Kokkos::Impl::cuda_parallel_launch_local_memory<Kokkos::Impl::ParallelFor<K...
a100,sm80,other,,14,0,0,no,1.0,1.0,1.0,void Kokkos::Impl::cuda_parallel_launch_local_memory<Kokkos::Impl::ParallelFor<K...
a100,sm80,other,,14,0,0,no,1.0,1.0,1.0,void Kokkos::Impl::cuda_parallel_launch_local_memory<Kokkos::Impl::ParallelFor<K...
a100,sm80,other,,14,0,0,no,1.0,1.0,1.0,void Kokkos::Impl::cuda_parallel_launch_local_memory<Kokkos::Impl::ParallelFor<K...
a100,sm80,other,,14,0,0,no,1.0,1.0,1.0,void Kokkos::Impl::cuda_parallel_launch_local_memory<Kokkos::Impl::ParallelFor<K...
a100,sm80,other,,14,0,0,no,1.0,1.0,1.0,void Kokkos::Impl::cuda_parallel_launch_local_memory<Kokkos::Impl::ParallelFor<K...
a100,sm80,other,,14,0,0,no,1.0,1.0,1.0,void Kokkos::Impl::cuda_parallel_launch_local_memory<Kokkos::Impl::ParallelFor<K...
a100,sm80,other,,14,0,0,no,1.0,1.0,1.0,void Kokkos::Impl::cuda_parallel_launch_local_memory<Kokkos::Impl::ParallelFor<K...
a100,sm80,other,,14,0,0,no,1.0,1.0,1.0,void Kokkos::Impl::cuda_parallel_launch_local_memory<Kokkos::Impl::ParallelFor<K...
a100,sm80,other,,14,0,0,no,1.0,1.0,1.0,void Kokkos::Impl::cuda_parallel_launch_local_memory<Kokkos::Impl::ParallelFor<K...
a100,sm80,other,,14,0,0,no,1.0,1.0,1.0,void Kokkos::Impl::cuda_parallel_launch_local_memory<Kokkos::Impl::ParallelFor<K...
a100,sm80,other,,14,0,0,no,1.0,1.0,1.0,void Kokkos::Impl::cuda_parallel_launch_local_memory<Kokkos::Impl::ParallelFor<K...
a100,sm80,other,,14,0,0,no,1.0,1.0,1.0,void Kokkos::Impl::cuda_parallel_launch_local_memory<Kokkos::Impl::ParallelFor<K...
a100,sm80,other,,14,0,0,no,1.0,1.0,1.0,void Kokkos::Impl::cuda_parallel_launch_local_memory<Kokkos::Impl::ParallelFor<K...
a100,sm80,other,,14,0,0,no,1.0,1.0,1.0,void Kokkos::Impl::cuda_parallel_launch_local_memory<Kokkos::Impl::ParallelFor<K...
a100,sm80,other,,14,0,0,no,1.0,1.0,1.0,void Kokkos::Impl::cuda_parallel_launch_local_memory<Kokkos::Impl::ParallelFor<K...
a100,sm80,other,,14,0,0,no,1.0,1.0,1.0,void Kokkos::Impl::cuda_parallel_launch_local_memory<Kokkos::Impl::ParallelFor<K...
a100,sm80,other,,14,0,0,no,1.0,1.0,1.0,void Kokkos::Impl::cuda_parallel_launch_local_memory<Kokkos::Impl::ParallelFor<K...
a100,sm80,other,,14,0,0,no,1.0,1.0,1.0,void Kokkos::Impl::cuda_parallel_launch_local_memory<Kokkos::Impl::ParallelFor<K...
a100,sm80,other,,14,0,0,no,1.0,1.0,1.0,void Kokkos::Impl::cuda_parallel_launch_local_memory<Kokkos::Impl::ParallelFor<K...
a100,sm80,other,,14,0,0,no,1.0,1.0,1.0,void Kokkos::Impl::cuda_parallel_launch_local_memory<Kokkos::Impl::ParallelFor<K...
a100,sm80,other,,14,0,0,no,1.0,1.0,1.0,void Kokkos::Impl::cuda_parallel_launch_local_memory<Kokkos::Impl::ParallelFor<K...
a100,sm80,other,,14,0,0,no,1.0,1.0,1.0,void Kokkos::Impl::cuda_parallel_launch_local_memory<Kokkos::Impl::ParallelFor<K...
a100,sm80,other,,14,0,0,no,1.0,1.0,1.0,void Kokkos::Impl::cuda_parallel_launch_local_memory<Kokkos::Impl::ParallelFor<K...
a100,sm80,other,,14,0,0,no,1.0,1.0,1.0,void Kokkos::Impl::cuda_parallel_launch_local_memory<Kokkos::Impl::ParallelFor<K...
a100,sm80,other,,14,0,0,no,1.0,1.0,1.0,void Kokkos::Impl::cuda_parallel_launch_local_memory<Kokkos::Impl::ParallelFor<K...
a100,sm80,other,,14,0,0,no,1.0,1.0,1.0,void Kokkos::Impl::cuda_parallel_launch_local_memory<Kokkos::Impl::ParallelFor<K...
a100,sm80,other,,14,0,0,no,1.0,1.0,1.0,void Kokkos::Impl::cuda_parallel_launch_local_memory<Kokkos::Impl::ParallelFor<K...
a100,sm80,other,,14,0,0,no,1.0,1.0,1.0,void Kokkos::Impl::cuda_parallel_launch_local_memory<Kokkos::Impl::ParallelFor<K...
a100,sm80,other,,14,0,0,no,1.0,1.0,1.0,void Kokkos::Impl::cuda_parallel_launch_local_memory<Kokkos::Impl::ParallelFor<K...
a100,sm80,other,,14,0,0,no,1.0,1.0,1.0,void Kokkos::Impl::cuda_parallel_launch_local_memory<Kokkos::Impl::ParallelFor<K...
a100,sm80,other,,14,0,0,no,1.0,1.0,1.0,void Kokkos::Impl::cuda_parallel_launch_local_memory<Kokkos::Impl::ParallelFor<K...
a100,sm80,other,,14,0,0,no,1.0,1.0,1.0,void Kokkos::Impl::cuda_parallel_launch_local_memory<Kokkos::Impl::ParallelFor<K...
a100,sm80,other,,14,0,0,no,1.0,1.0,1.0,void Kokkos::Impl::cuda_parallel_launch_local_memory<Kokkos::Impl::ParallelFor<K...
a100,sm80,other,,14,0,0,no,1.0,1.0,1.0,void Kokkos::Impl::cuda_parallel_launch_local_memory<Kokkos::Impl::ParallelFor<K...
a100,sm80,other,,14,0,0,no,1.0,1.0,1.0,void Kokkos::Impl::cuda_parallel_launch_local_memory<Kokkos::Impl::ParallelFor<K...
a100,sm80,other,,14,0,0,no,1.0,1.0,1.0,void Kokkos::Impl::cuda_parallel_launch_local_memory<Kokkos::Impl::ParallelFor<K...
a100,sm80,other,,14,0,0,no,1.0,1.0,1.0,void Kokkos::Impl::cuda_parallel_launch_local_memory<Kokkos::Impl::ParallelFor<K...
a100,sm80,other,,14,0,0,no,1.0,1.0,1.0,void Kokkos::Impl::cuda_parallel_launch_local_memory<Kokkos::Impl::ParallelFor<K...
a100,sm80,other,,14,0,0,no,1.0,1.0,1.0,void Kokkos::Impl::cuda_parallel_launch_local_memory<Kokkos::Impl::ParallelFor<K...
a100,sm80,other,,14,0,0,no,1.0,1.0,1.0,void Kokkos::Impl::cuda_parallel_launch_local_memory<Kokkos::Impl::ParallelFor<K...
a100,sm80,other,,14,0,0,no,1.0,1.0,1.0,void Kokkos::Impl::cuda_parallel_launch_local_memory<Kokkos::Impl::ParallelFor<K...
a100,sm80,other,,14,0,0,no,1.0,1.0,1.0,void Kokkos::Impl::cuda_parallel_launch_local_memory<Kokkos::Impl::ParallelFor<K...
a100,sm80,other,,14,0,0,no,1.0,1.0,1.0,void Kokkos::Impl::cuda_parallel_launch_local_memory<Kokkos::Impl::ParallelFor<K...
a100,sm80,other,,14,0,0,no,1.0,1.0,1.0,void Kokkos::Impl::cuda_parallel_launch_local_memory<Kokkos::Impl::ParallelFor<K...
a100,sm80,other,,14,0,0,no,1.0,1.0,1.0,void Kokkos::Impl::cuda_parallel_launch_local_memory<Kokkos::Impl::ParallelFor<K...
a100,sm80,other,,14,0,0,no,1.0,1.0,1.0,void Kokkos::Impl::cuda_parallel_launch_local_memory<Kokkos::Impl::ParallelFor<K...
a100,sm80,other,,14,0,0,no,1.0,1.0,1.0,void Kokkos::Impl::cuda_parallel_launch_local_memory<Kokkos::Impl::ParallelFor<K...
a100,sm80,other,,14,0,0,no,1.0,1.0,1.0,void Kokkos::Impl::cuda_parallel_launch_local_memory<Kokkos::Impl::ParallelFor<K...
a100,sm80,other,,14,0,0,no,1.0,1.0,1.0,void Kokkos::Impl::cuda_parallel_launch_local_memory<Kokkos::Impl::ParallelFor<K...
a100,sm80,other,,14,0,0,no,1.0,1.0,1.0,void Kokkos::Impl::cuda_parallel_launch_local_memory<Kokkos::Impl::ParallelFor<K...
a100,sm80,other,,14,0,0,no,1.0,1.0,1.0,void Kokkos::Impl::cuda_parallel_launch_local_memory<Kokkos::Impl::ParallelFor<K...
a100,sm80,other,,14,0,0,no,1.0,1.0,1.0,void Kokkos::Impl::cuda_parallel_launch_local_memory<Kokkos::Impl::ParallelFor<K...
a100,sm80,other,,14,0,0,no,1.0,1.0,1.0,void Kokkos::Impl::cuda_parallel_launch_local_memory<Kokkos::Impl::ParallelFor<K...
a100,sm80,other,,14,0,0,no,1.0,1.0,1.0,void Kokkos::Impl::cuda_parallel_launch_local_memory<Kokkos::Impl::ParallelFor<K...
a100,sm80,other,,14,0,0,no,1.0,1.0,1.0,void Kokkos::Impl::cuda_parallel_launch_local_memory<Kokkos::Impl::ParallelFor<K...
a100,sm80,other,,14,0,0,no,1.0,1.0,1.0,void Kokkos::Impl::cuda_parallel_launch_local_memory<Kokkos::Impl::ParallelFor<K...
a100,sm80,other,,14,0,0,no,1.0,1.0,1.0,void Kokkos::Impl::cuda_parallel_launch_local_memory<Kokkos::Impl::ParallelFor<K...
a100,sm80,other,,14,0,0,no,1.0,1.0,1.0,void Kokkos::Impl::cuda_parallel_launch_local_memory<Kokkos::Impl::ParallelFor<K...
a100,sm80,other,,14,0,0,no,1.0,1.0,1.0,void Kokkos::Impl::cuda_parallel_launch_local_memory<Kokkos::Impl::ParallelFor<K...
a100,sm80,other,,14,0,0,no,1.0,1.0,1.0,void Kokkos::Impl::cuda_parallel_launch_local_memory<Kokkos::Impl::ParallelFor<K...
a100,sm80,other,,14,0,0,no,1.0,1.0,1.0,void Kokkos::Impl::cuda_parallel_launch_local_memory<Kokkos::Impl::ParallelFor<K...
a100,sm80,other,,14,0,0,no,1.0,1.0,1.0,void Kokkos::Impl::cuda_parallel_launch_local_memory<Kokkos::Impl::ParallelFor<K...
a100,sm80,other,,14,0,0,no,1.0,1.0,1.0,void Kokkos::Impl::cuda_parallel_launch_local_memory<Kokkos::Impl::ParallelFor<K...
a100,sm80,other,,14,0,0,no,1.0,1.0,1.0,void Kokkos::Impl::cuda_parallel_launch_local_memory<Kokkos::Impl::ParallelFor<K...
a100,sm80,other,,14,0,0,no,1.0,1.0,1.0,void Kokkos::Impl::cuda_parallel_launch_local_memory<Kokkos::Impl::ParallelFor<K...
a100,sm80,other,,14,0,0,no,1.0,1.0,1.0,void Kokkos::Impl::cuda_parallel_launch_local_memory<Kokkos::Impl::ParallelFor<K...
a100,sm80,other,,14,0,0,no,1.0,1.0,1.0,void Kokkos::Impl::cuda_parallel_launch_local_memory<Kokkos::Impl::ParallelFor<K...
a100,sm80,other,,14,0,0,no,1.0,1.0,1.0,void Kokkos::Impl::cuda_parallel_launch_local_memory<Kokkos::Impl::ParallelFor<K...
a100,sm80,other,,14,0,0,no,1.0,1.0,1.0,void Kokkos::Impl::cuda_parallel_launch_local_memory<Kokkos::Impl::ParallelFor<K...
a100,sm80,other,,14,0,0,no,1.0,1.0,1.0,void Kokkos::Impl::cuda_parallel_launch_local_memory<Kokkos::Impl::ParallelFor<K...
a100,sm80,other,,14,0,0,no,1.0,1.0,1.0,void Kokkos::Impl::cuda_parallel_launch_local_memory<Kokkos::Impl::ParallelFor<K...
a100,sm80,other,,14,0,0,no,1.0,1.0,1.0,void Kokkos::Impl::cuda_parallel_launch_local_memory<Kokkos::Impl::ParallelFor<K...
a100,sm80,other,,14,0,0,no,1.0,1.0,1.0,void Kokkos::Impl::cuda_parallel_launch_local_memory<Kokkos::Impl::ParallelFor<K...
a100,sm80,other,,14,0,0,no,1.0,1.0,1.0,void Kokkos::Impl::cuda_parallel_launch_local_memory<Kokkos::Impl::ParallelFor<K...
a100,sm80,other,,14,0,0,no,1.0,1.0,1.0,void Kokkos::Impl::cuda_parallel_launch_local_memory<Kokkos::Impl::ParallelFor<K...
a100,sm80,other,,14,0,0,no,1.0,1.0,1.0,void Kokkos::Impl::cuda_parallel_launch_local_memory<Kokkos::Impl::ParallelFor<K...
a100,sm80,other,,14,0,0,no,1.0,1.0,1.0,void Kokkos::Impl::cuda_parallel_launch_local_memory<Kokkos::Impl::ParallelFor<K...
a100,sm80,other,,14,0,0,no,1.0,1.0,1.0,void Kokkos::Impl::cuda_parallel_launch_local_memory<Kokkos::Impl::ParallelFor<K...
a100,sm80,other,,14,0,0,no,1.0,1.0,1.0,void Kokkos::Impl::cuda_parallel_launch_local_memory<Kokkos::Impl::ParallelFor<K...
a100,sm80,other,,14,0,0,no,1.0,1.0,1.0,void Kokkos::Impl::cuda_parallel_launch_local_memory<Kokkos::Impl::ParallelFor<K...
a100,sm80,other,,14,0,0,no,1.0,1.0,1.0,void Kokkos::Impl::cuda_parallel_launch_local_memory<Kokkos::Impl::ParallelFor<K...
a100,sm80,other,,14,0,0,no,1.0,1.0,1.0,void Kokkos::Impl::cuda_parallel_launch_local_memory<Kokkos::Impl::ParallelFor<K...
a100,sm80,other,,14,0,0,no,1.0,1.0,1.0,void Kokkos::Impl::cuda_parallel_launch_local_memory<Kokkos::Impl::ParallelFor<K...
a100,sm80,other,,14,0,0,no,1.0,1.0,1.0,void Kokkos::Impl::cuda_parallel_launch_local_memory<Kokkos::Impl::ParallelFor<K...
a100,sm80,other,,14,0,0,no,1.0,1.0,1.0,void Kokkos::Impl::cuda_parallel_launch_local_memory<Kokkos::Impl::ParallelFor<K...
a100,sm80,other,,14,0,0,no,1.0,1.0,1.0,void Kokkos::Impl::cuda_parallel_launch_local_memory<Kokkos::Impl::ParallelFor<K...
a100,sm80,other,,14,0,0,no,1.0,1.0,1.0,void Kokkos::Impl::cuda_parallel_launch_local_memory<Kokkos::Impl::ParallelFor<K...
a100,sm80,other,,14,0,0,no,1.0,1.0,1.0,void Kokkos::Impl::cuda_parallel_launch_local_memory<Kokkos::Impl::ParallelFor<K...
a100,sm80,other,,14,0,0,no,1.0,1.0,1.0,void Kokkos::Impl::cuda_parallel_launch_local_memory<Kokkos::Impl::ParallelFor<K...
a100,sm80,other,,14,0,0,no,1.0,1.0,1.0,void Kokkos::Impl::cuda_parallel_launch_local_memory<Kokkos::Impl::ParallelFor<K...
a100,sm80,other,,14,0,0,no,1.0,1.0,1.0,void Kokkos::Impl::cuda_parallel_launch_local_memory<Kokkos::Impl::ParallelFor<K...
a100,sm80,other,,14,0,0,no,1.0,1.0,1.0,void Kokkos::Impl::cuda_parallel_launch_local_memory<Kokkos::Impl::ParallelFor<K...
a100,sm80,other,,14,0,0,no,1.0,1.0,1.0,void Kokkos::Impl::cuda_parallel_launch_local_memory<Kokkos::Impl::ParallelFor<K...
a100,sm80,other,,14,0,0,no,1.0,1.0,1.0,void Kokkos::Impl::cuda_parallel_launch_local_memory<Kokkos::Impl::ParallelFor<K...
a100,sm80,other,,14,0,0,no,1.0,1.0,1.0,void Kokkos::Impl::cuda_parallel_launch_local_memory<Kokkos::Impl::ParallelFor<K...
a100,sm80,other,,14,0,0,no,1.0,1.0,1.0,void Kokkos::Impl::cuda_parallel_launch_local_memory<Kokkos::Impl::ParallelFor<K...
a100,sm80,other,,14,0,0,no,1.0,1.0,1.0,void Kokkos::Impl::cuda_parallel_launch_local_memory<Kokkos::Impl::ParallelFor<K...
a100,sm80,other,,14,0,0,no,1.0,1.0,1.0,void Kokkos::Impl::cuda_parallel_launch_local_memory<Kokkos::Impl::ParallelFor<K...
a100,sm80,other,,14,0,0,no,1.0,1.0,1.0,void Kokkos::Impl::cuda_parallel_launch_local_memory<Kokkos::Impl::ParallelFor<K...
a100,sm80,other,,14,0,0,no,1.0,1.0,1.0,void Kokkos::Impl::cuda_parallel_launch_local_memory<Kokkos::Impl::ParallelFor<K...
a100,sm80,other,,14,0,0,no,1.0,1.0,1.0,void Kokkos::Impl::cuda_parallel_launch_local_memory<Kokkos::Impl::ParallelFor<K...
a100,sm80,other,,14,0,0,no,1.0,1.0,1.0,void Kokkos::Impl::cuda_parallel_launch_local_memory<Kokkos::Impl::ParallelFor<K...
a100,sm80,other,,14,0,0,no,1.0,1.0,1.0,void Kokkos::Impl::cuda_parallel_launch_local_memory<Kokkos::Impl::ParallelFor<K...
a100,sm80,other,,14,0,0,no,1.0,1.0,1.0,void Kokkos::Impl::cuda_parallel_launch_local_memory<Kokkos::Impl::ParallelFor<K...
a100,sm80,other,,14,0,0,no,1.0,1.0,1.0,void Kokkos::Impl::cuda_parallel_launch_local_memory<Kokkos::Impl::ParallelFor<K...
a100,sm80,other,,14,0,0,no,1.0,1.0,1.0,void Kokkos::Impl::cuda_parallel_launch_local_memory<Kokkos::Impl::ParallelFor<K...
a100,sm80,other,,14,0,0,no,1.0,1.0,1.0,void Kokkos::Impl::cuda_parallel_launch_local_memory<Kokkos::Impl::ParallelFor<K...
a100,sm80,other,,14,0,0,no,1.0,1.0,1.0,void Kokkos::Impl::cuda_parallel_launch_local_memory<Kokkos::Impl::ParallelFor<K...
a100,sm80,other,,14,0,0,no,1.0,1.0,1.0,void Kokkos::Impl::cuda_parallel_launch_local_memory<Kokkos::Impl::ParallelFor<K...
a100,sm80,other,,14,0,0,no,1.0,1.0,1.0,void Kokkos::Impl::cuda_parallel_launch_local_memory<Kokkos::Impl::ParallelFor<K...
a100,sm80,other,,14,0,0,no,1.0,1.0,1.0,void Kokkos::Impl::cuda_parallel_launch_local_memory<Kokkos::Impl::ParallelFor<K...
a100,sm80,other,,14,0,0,no,1.0,1.0,1.0,void Kokkos::Impl::cuda_parallel_launch_local_memory<Kokkos::Impl::ParallelFor<K...
a100,sm80,other,,14,0,0,no,1.0,1.0,1.0,void Kokkos::Impl::cuda_parallel_launch_local_memory<Kokkos::Impl::ParallelFor<K...
a100,sm80,other,,14,0,0,no,1.0,1.0,1.0,void Kokkos::Impl::cuda_parallel_launch_local_memory<Kokkos::Impl::ParallelFor<K...
a100,sm80,other,,14,0,0,no,1.0,1.0,1.0,void Kokkos::Impl::cuda_parallel_launch_local_memory<Kokkos::Impl::ParallelFor<K...
a100,sm80,other,,14,0,0,no,1.0,1.0,1.0,void Kokkos::Impl::cuda_parallel_launch_local_memory<Kokkos::Impl::ParallelFor<K...
a100,sm80,other,,14,0,0,no,1.0,1.0,1.0,void Kokkos::Impl::cuda_parallel_launch_local_memory<Kokkos::Impl::ParallelFor<K...
a100,sm80,other,,14,0,0,no,1.0,1.0,1.0,void Kokkos::Impl::cuda_parallel_launch_local_memory<Kokkos::Impl::ParallelFor<K...
a100,sm80,other,,14,0,0,no,1.0,1.0,1.0,void Kokkos::Impl::cuda_parallel_launch_local_memory<Kokkos::Impl::ParallelFor<K...
a100,sm80,other,,14,0,0,no,1.0,1.0,1.0,void Kokkos::Impl::cuda_parallel_launch_local_memory<Kokkos::Impl::ParallelFor<K...
a100,sm80,other,,14,0,0,no,1.0,1.0,1.0,void Kokkos::Impl::cuda_parallel_launch_local_memory<Kokkos::Impl::ParallelFor<K...
a100,sm80,other,,14,0,0,no,1.0,1.0,1.0,void Kokkos::Impl::cuda_parallel_launch_local_memory<Kokkos::Impl::ParallelFor<K...
a100,sm80,other,,14,0,0,no,1.0,1.0,1.0,void Kokkos::Impl::cuda_parallel_launch_local_memory<Kokkos::Impl::ParallelFor<K...
a100,sm80,other,,14,0,0,no,1.0,1.0,1.0,void Kokkos::Impl::cuda_parallel_launch_local_memory<Kokkos::Impl::ParallelFor<K...
a100,sm80,other,,14,0,0,no,1.0,1.0,1.0,void Kokkos::Impl::cuda_parallel_launch_local_memory<Kokkos::Impl::ParallelFor<K...
a100,sm80,other,,14,0,0,no,1.0,1.0,1.0,void Kokkos::Impl::cuda_parallel_launch_local_memory<Kokkos::Impl::ParallelFor<K...
a100,sm80,other,,14,0,0,no,1.0,1.0,1.0,void Kokkos::Impl::cuda_parallel_launch_local_memory<Kokkos::Impl::ParallelFor<K...
a100,sm80,other,,14,0,0,no,1.0,1.0,1.0,void Kokkos::Impl::cuda_parallel_launch_local_memory<Kokkos::Impl::ParallelFor<K...
a100,sm80,other,,14,0,0,no,1.0,1.0,1.0,void Kokkos::Impl::cuda_parallel_launch_local_memory<Kokkos::Impl::ParallelFor<K...
a100,sm80,other,,14,0,0,no,1.0,1.0,1.0,void Kokkos::Impl::cuda_parallel_launch_local_memory<Kokkos::Impl::ParallelFor<K...
a100,sm80,other,,14,0,0,no,1.0,1.0,1.0,void Kokkos::Impl::cuda_parallel_launch_local_memory<Kokkos::Impl::ParallelFor<K...
a100,sm80,other,,14,0,0,no,1.0,1.0,1.0,void Kokkos::Impl::cuda_parallel_launch_local_memory<Kokkos::Impl::ParallelFor<K...
a100,sm80,other,,14,0,0,no,1.0,1.0,1.0,void Kokkos::Impl::cuda_parallel_launch_local_memory<Kokkos::Impl::ParallelFor<K...
a100,sm80,other,,14,0,0,no,1.0,1.0,1.0,void Kokkos::Impl::cuda_parallel_launch_local_memory<Kokkos::Impl::ParallelFor<K...
a100,sm80,other,,14,0,0,no,1.0,1.0,1.0,void Kokkos::Impl::cuda_parallel_launch_local_memory<Kokkos::Impl::ParallelFor<K...
a100,sm80,other,,14,0,0,no,1.0,1.0,1.0,void Kokkos::Impl::cuda_parallel_launch_local_memory<Kokkos::Impl::ParallelFor<K...
a100,sm80,other,,14,0,0,no,1.0,1.0,1.0,void Kokkos::Impl::cuda_parallel_launch_local_memory<Kokkos::Impl::ParallelFor<K...
a100,sm80,other,,14,0,0,no,1.0,1.0,1.0,void Kokkos::Impl::cuda_parallel_launch_local_memory<Kokkos::Impl::ParallelFor<K...
a100,sm80,other,,14,0,0,no,1.0,1.0,1.0,void Kokkos::Impl::cuda_parallel_launch_local_memory<Kokkos::Impl::ParallelFor<K...
a100,sm80,other,,14,0,0,no,1.0,1.0,1.0,void Kokkos::Impl::cuda_parallel_launch_local_memory<Kokkos::Impl::ParallelFor<K...
a100,sm80,other,,14,0,0,no,1.0,1.0,1.0,void Kokkos::Impl::cuda_parallel_launch_local_memory<Kokkos::Impl::ParallelFor<K...
a100,sm80,other,,14,0,0,no,1.0,1.0,1.0,void Kokkos::Impl::cuda_parallel_launch_local_memory<Kokkos::Impl::ParallelFor<K...
a100,sm80,other,,14,0,0,no,1.0,1.0,1.0,void Kokkos::Impl::cuda_parallel_launch_local_memory<Kokkos::Impl::ParallelFor<K...
a100,sm80,other,,14,0,0,no,1.0,1.0,1.0,void Kokkos::Impl::cuda_parallel_launch_local_memory<Kokkos::Impl::ParallelFor<K...
a100,sm80,other,,13,0,0,no,1.0,1.0,1.0,void Kokkos::Impl::cuda_parallel_launch_local_memory<Kokkos::Impl::ParallelFor<K...
a100,sm80,other,,13,0,0,no,1.0,1.0,1.0,void Kokkos::Impl::cuda_parallel_launch_local_memory<Kokkos::Impl::ParallelFor<K...
a100,sm80,other,,12,0,0,no,1.0,1.0,1.0,void Kokkos::Impl::cuda_parallel_launch_local_memory<Kokkos::Impl::ParallelFor<K...
a100,sm80,other,,12,0,0,no,1.0,1.0,1.0,void Kokkos::Impl::cuda_parallel_launch_local_memory<Kokkos::Impl::ParallelFor<K...
a100,sm80,other,,12,0,0,no,1.0,1.0,1.0,void Kokkos::Impl::cuda_parallel_launch_local_memory<Kokkos::Impl::ParallelFor<K...
a100,sm80,other,,12,0,0,no,1.0,1.0,1.0,void Kokkos::Impl::cuda_parallel_launch_local_memory<Kokkos::Impl::ParallelFor<K...
a100,sm80,other,,12,0,0,no,1.0,1.0,1.0,void Kokkos::Impl::cuda_parallel_launch_local_memory<Kokkos::Impl::ParallelFor<K...
a100,sm80,other,,12,0,0,no,1.0,1.0,1.0,void Kokkos::Impl::cuda_parallel_launch_local_memory<Kokkos::Impl::ParallelFor<K...
a100,sm80,other,,12,0,0,no,1.0,1.0,1.0,void Kokkos::Impl::cuda_parallel_launch_local_memory<Kokkos::Impl::ParallelFor<K...
a100,sm80,other,,12,0,0,no,1.0,1.0,1.0,void Kokkos::Impl::cuda_parallel_launch_local_memory<Kokkos::Impl::ParallelFor<K...
a100,sm80,other,,12,0,0,no,1.0,1.0,1.0,void Kokkos::Impl::cuda_parallel_launch_local_memory<Kokkos::Impl::ParallelFor<K...
a100,sm80,other,,12,0,0,no,1.0,1.0,1.0,void Kokkos::Impl::cuda_parallel_launch_local_memory<Kokkos::Impl::ParallelFor<K...
a100,sm80,other,,12,0,0,no,1.0,1.0,1.0,void Kokkos::Impl::cuda_parallel_launch_local_memory<Kokkos::Impl::ParallelFor<K...
a100,sm80,other,,12,0,0,no,1.0,1.0,1.0,void Kokkos::Impl::cuda_parallel_launch_local_memory<Kokkos::Impl::ParallelFor<K...
a100,sm80,other,,12,0,0,no,1.0,1.0,1.0,void Kokkos::Impl::cuda_parallel_launch_local_memory<Kokkos::Impl::ParallelFor<K...
a100,sm80,other,,12,0,0,no,1.0,1.0,1.0,void Kokkos::Impl::cuda_parallel_launch_local_memory<Kokkos::Impl::ParallelFor<K...
a100,sm80,other,,12,0,0,no,1.0,1.0,1.0,void Kokkos::Impl::cuda_parallel_launch_local_memory<Kokkos::Impl::ParallelFor<K...
a100,sm80,other,,12,0,0,no,1.0,1.0,1.0,void Kokkos::Impl::cuda_parallel_launch_local_memory<Kokkos::Impl::ParallelFor<K...
a100,sm80,other,,12,0,0,no,1.0,1.0,1.0,void Kokkos::Impl::cuda_parallel_launch_local_memory<Kokkos::Impl::ParallelFor<p...
a100,sm80,other,,12,0,0,no,1.0,1.0,1.0,void Kokkos::Impl::cuda_parallel_launch_local_memory<Kokkos::Impl::ParallelFor<K...
a100,sm80,other,,12,0,0,no,1.0,1.0,1.0,void Kokkos::Impl::cuda_parallel_launch_local_memory<Kokkos::Impl::ParallelFor<K...
a100,sm80,other,,12,0,0,no,1.0,1.0,1.0,void Kokkos::Impl::cuda_parallel_launch_local_memory<Kokkos::Impl::ParallelFor<K...
a100,sm80,other,,12,0,0,no,1.0,1.0,1.0,void Kokkos::Impl::cuda_parallel_launch_local_memory<Kokkos::Impl::ParallelFor<K...
a100,sm80,other,,12,0,0,no,1.0,1.0,1.0,void Kokkos::Impl::cuda_parallel_launch_local_memory<Kokkos::Impl::ParallelFor<K...
a100,sm80,other,,12,0,0,no,1.0,1.0,1.0,void Kokkos::Impl::cuda_parallel_launch_local_memory<Kokkos::Impl::ParallelFor<K...
a100,sm80,other,,12,0,0,no,1.0,1.0,1.0,void Kokkos::Impl::cuda_parallel_launch_local_memory<Kokkos::Impl::ParallelFor<K...
a100,sm80,other,,12,0,0,no,1.0,1.0,1.0,void Kokkos::Impl::cuda_parallel_launch_local_memory<Kokkos::Impl::ParallelFor<K...
a100,sm80,other,,12,0,0,no,1.0,1.0,1.0,void Kokkos::Impl::cuda_parallel_launch_local_memory<Kokkos::Impl::ParallelFor<K...
a100,sm80,other,,12,0,0,no,1.0,1.0,1.0,void Kokkos::Impl::cuda_parallel_launch_local_memory<Kokkos::Impl::ParallelFor<K...
a100,sm80,other,,12,0,0,no,1.0,1.0,1.0,void Kokkos::Impl::cuda_parallel_launch_local_memory<Kokkos::Impl::ParallelFor<K...
a100,sm80,other,,12,0,0,no,1.0,1.0,1.0,void Kokkos::Impl::cuda_parallel_launch_local_memory<Kokkos::Impl::ParallelFor<K...
a100,sm80,other,,12,0,0,no,1.0,1.0,1.0,void Kokkos::Impl::cuda_parallel_launch_local_memory<Kokkos::Impl::ParallelFor<K...
a100,sm80,other,,12,0,0,no,1.0,1.0,1.0,void Kokkos::Impl::cuda_parallel_launch_local_memory<Kokkos::Impl::ParallelFor<K...
a100,sm80,other,,12,0,0,no,1.0,1.0,1.0,void Kokkos::Impl::cuda_parallel_launch_local_memory<Kokkos::Impl::ParallelFor<K...
a100,sm80,other,,12,0,0,no,1.0,1.0,1.0,void Kokkos::Impl::cuda_parallel_launch_local_memory<Kokkos::Impl::ParallelFor<K...
a100,sm80,other,,12,0,0,no,1.0,1.0,1.0,void Kokkos::Impl::cuda_parallel_launch_local_memory<Kokkos::Impl::ParallelFor<K...
a100,sm80,other,,12,0,0,no,1.0,1.0,1.0,void Kokkos::Impl::cuda_parallel_launch_local_memory<Kokkos::Impl::ParallelFor<K...
a100,sm80,other,,12,0,0,no,1.0,1.0,1.0,void Kokkos::Impl::cuda_parallel_launch_local_memory<Kokkos::Impl::ParallelFor<K...
a100,sm80,other,,12,0,0,no,1.0,1.0,1.0,void Kokkos::Impl::cuda_parallel_launch_local_memory<Kokkos::Impl::ParallelFor<K...
a100,sm80,other,,12,0,0,no,1.0,1.0,1.0,void Kokkos::Impl::cuda_parallel_launch_local_memory<Kokkos::Impl::ParallelFor<K...
a100,sm80,other,,12,0,0,no,1.0,1.0,1.0,void Kokkos::Impl::cuda_parallel_launch_local_memory<Kokkos::Impl::ParallelFor<K...
a100,sm80,other,,12,0,0,no,1.0,1.0,1.0,void Kokkos::Impl::cuda_parallel_launch_local_memory<Kokkos::Impl::ParallelFor<K...
a100,sm80,other,,12,0,0,no,1.0,1.0,1.0,void Kokkos::Impl::cuda_parallel_launch_local_memory<Kokkos::Impl::ParallelFor<K...
a100,sm80,other,,12,0,0,no,1.0,1.0,1.0,void Kokkos::Impl::cuda_parallel_launch_local_memory<Kokkos::Impl::ParallelFor<K...
a100,sm80,other,,12,0,0,no,1.0,1.0,1.0,void Kokkos::Impl::cuda_parallel_launch_local_memory<Kokkos::Impl::ParallelFor<K...
a100,sm80,other,,12,0,0,no,1.0,1.0,1.0,void Kokkos::Impl::cuda_parallel_launch_local_memory<Kokkos::Impl::ParallelFor<K...
a100,sm80,other,,12,0,0,no,1.0,1.0,1.0,void Kokkos::Impl::cuda_parallel_launch_local_memory<Kokkos::Impl::ParallelFor<K...
a100,sm80,other,,12,0,0,no,1.0,1.0,1.0,void Kokkos::Impl::cuda_parallel_launch_local_memory<Kokkos::Impl::ParallelFor<K...
a100,sm80,other,,12,0,0,no,1.0,1.0,1.0,void Kokkos::Impl::cuda_parallel_launch_local_memory<Kokkos::Impl::ParallelFor<K...
a100,sm80,other,,12,0,0,no,1.0,1.0,1.0,void Kokkos::Impl::cuda_parallel_launch_local_memory<Kokkos::Impl::ParallelFor<K...
a100,sm80,other,,12,0,0,no,1.0,1.0,1.0,void Kokkos::Impl::cuda_parallel_launch_local_memory<Kokkos::Impl::ParallelFor<K...
a100,sm80,other,,12,0,0,no,1.0,1.0,1.0,void Kokkos::Impl::cuda_parallel_launch_local_memory<Kokkos::Impl::ParallelFor<K...
a100,sm80,other,,12,0,0,no,1.0,1.0,1.0,void Kokkos::Impl::cuda_parallel_launch_local_memory<Kokkos::Impl::ParallelFor<K...
a100,sm80,other,,12,0,0,no,1.0,1.0,1.0,void Kokkos::Impl::cuda_parallel_launch_local_memory<Kokkos::Impl::ParallelFor<K...
a100,sm80,other,,12,0,0,no,1.0,1.0,1.0,void Kokkos::Impl::cuda_parallel_launch_local_memory<Kokkos::Impl::ParallelFor<K...
a100,sm80,other,,12,0,0,no,1.0,1.0,1.0,void Kokkos::Impl::cuda_parallel_launch_local_memory<Kokkos::Impl::ParallelFor<K...
a100,sm80,other,,12,0,0,no,1.0,1.0,1.0,void Kokkos::Impl::cuda_parallel_launch_local_memory<Kokkos::Impl::ParallelFor<K...
a100,sm80,other,,12,0,0,no,1.0,1.0,1.0,void Kokkos::Impl::cuda_parallel_launch_local_memory<Kokkos::Impl::ParallelFor<K...
a100,sm80,other,,12,0,0,no,1.0,1.0,1.0,void Kokkos::Impl::cuda_parallel_launch_local_memory<Kokkos::Impl::ParallelFor<K...
a100,sm80,other,,12,0,0,no,1.0,1.0,1.0,void Kokkos::Impl::cuda_parallel_launch_local_memory<Kokkos::Impl::ParallelFor<K...
a100,sm80,other,,12,0,0,no,1.0,1.0,1.0,void Kokkos::Impl::cuda_parallel_launch_local_memory<Kokkos::Impl::ParallelFor<K...
a100,sm80,other,,12,0,0,no,1.0,1.0,1.0,void Kokkos::Impl::cuda_parallel_launch_local_memory<Kokkos::Impl::ParallelFor<K...
a100,sm80,other,,12,0,0,no,1.0,1.0,1.0,void Kokkos::Impl::cuda_parallel_launch_local_memory<Kokkos::Impl::ParallelFor<K...
a100,sm80,other,,12,0,0,no,1.0,1.0,1.0,void Kokkos::Impl::cuda_parallel_launch_local_memory<Kokkos::Impl::ParallelFor<K...
a100,sm80,other,,12,0,0,no,1.0,1.0,1.0,void Kokkos::Impl::cuda_parallel_launch_local_memory<Kokkos::Impl::ParallelFor<K...
a100,sm80,other,,12,0,0,no,1.0,1.0,1.0,void Kokkos::Impl::cuda_parallel_launch_local_memory<Kokkos::Impl::ParallelFor<K...
a100,sm80,other,,12,0,0,no,1.0,1.0,1.0,void Kokkos::Impl::cuda_parallel_launch_local_memory<Kokkos::Impl::ParallelFor<K...
a100,sm80,other,,12,0,0,no,1.0,1.0,1.0,void Kokkos::Impl::cuda_parallel_launch_local_memory<Kokkos::Impl::ParallelFor<K...
a100,sm80,other,,12,0,0,no,1.0,1.0,1.0,void Kokkos::Impl::cuda_parallel_launch_local_memory<Kokkos::Impl::ParallelFor<K...
a100,sm80,other,,12,0,0,no,1.0,1.0,1.0,void Kokkos::Impl::cuda_parallel_launch_local_memory<Kokkos::Impl::ParallelFor<K...
a100,sm80,other,,12,0,0,no,1.0,1.0,1.0,void Kokkos::Impl::cuda_parallel_launch_local_memory<Kokkos::Impl::ParallelFor<K...
a100,sm80,other,,12,0,0,no,1.0,1.0,1.0,void Kokkos::Impl::cuda_parallel_launch_local_memory<Kokkos::Impl::ParallelFor<K...
a100,sm80,other,,12,0,0,no,1.0,1.0,1.0,void Kokkos::Impl::cuda_parallel_launch_local_memory<Kokkos::Impl::ParallelFor<K...
a100,sm80,other,,12,0,0,no,1.0,1.0,1.0,void Kokkos::Impl::cuda_parallel_launch_local_memory<Kokkos::Impl::ParallelFor<K...
a100,sm80,other,,12,0,0,no,1.0,1.0,1.0,void Kokkos::Impl::cuda_parallel_launch_local_memory<Kokkos::Impl::ParallelFor<K...
a100,sm80,other,,12,0,0,no,1.0,1.0,1.0,void Kokkos::Impl::cuda_parallel_launch_local_memory<Kokkos::Impl::ParallelFor<K...
a100,sm80,other,,12,0,0,no,1.0,1.0,1.0,void Kokkos::Impl::cuda_parallel_launch_local_memory<Kokkos::Impl::ParallelFor<K...
a100,sm80,other,,12,0,0,no,1.0,1.0,1.0,void Kokkos::Impl::cuda_parallel_launch_local_memory<Kokkos::Impl::ParallelFor<K...
a100,sm80,other,,12,0,0,no,1.0,1.0,1.0,void Kokkos::Impl::cuda_parallel_launch_local_memory<Kokkos::Impl::ParallelFor<K...
a100,sm80,other,,12,0,0,no,1.0,1.0,1.0,void Kokkos::Impl::cuda_parallel_launch_local_memory<Kokkos::Impl::ParallelFor<K...
a100,sm80,other,,12,0,0,no,1.0,1.0,1.0,void Kokkos::Impl::cuda_parallel_launch_local_memory<Kokkos::Impl::ParallelFor<K...
a100,sm80,other,,12,0,0,no,1.0,1.0,1.0,void Kokkos::Impl::cuda_parallel_launch_local_memory<Kokkos::Impl::ParallelFor<K...
a100,sm80,other,,12,0,0,no,1.0,1.0,1.0,void Kokkos::Impl::cuda_parallel_launch_local_memory<Kokkos::Impl::ParallelFor<K...
a100,sm80,other,,12,0,0,no,1.0,1.0,1.0,void Kokkos::Impl::cuda_parallel_launch_local_memory<Kokkos::Impl::ParallelFor<K...
a100,sm80,other,,12,0,0,no,1.0,1.0,1.0,void Kokkos::Impl::cuda_parallel_launch_local_memory<Kokkos::Impl::ParallelFor<K...
a100,sm80,other,,12,0,0,no,1.0,1.0,1.0,void Kokkos::Impl::cuda_parallel_launch_local_memory<Kokkos::Impl::ParallelFor<K...
a100,sm80,other,,12,0,0,no,1.0,1.0,1.0,void Kokkos::Impl::cuda_parallel_launch_local_memory<Kokkos::Impl::ParallelFor<K...
a100,sm80,other,,12,0,0,no,1.0,1.0,1.0,void Kokkos::Impl::cuda_parallel_launch_local_memory<Kokkos::Impl::ParallelFor<K...
a100,sm80,other,,12,0,0,no,1.0,1.0,1.0,void Kokkos::Impl::cuda_parallel_launch_local_memory<Kokkos::Impl::ParallelFor<K...
a100,sm80,other,,12,0,0,no,1.0,1.0,1.0,void Kokkos::Impl::cuda_parallel_launch_local_memory<Kokkos::Impl::ParallelFor<K...
a100,sm80,other,,12,0,0,no,1.0,1.0,1.0,void Kokkos::Impl::cuda_parallel_launch_local_memory<Kokkos::Impl::ParallelFor<K...
a100,sm80,other,,12,0,0,no,1.0,1.0,1.0,void Kokkos::Impl::cuda_parallel_launch_local_memory<Kokkos::Impl::ParallelFor<K...
a100,sm80,other,,12,0,0,no,1.0,1.0,1.0,void Kokkos::Impl::cuda_parallel_launch_local_memory<Kokkos::Impl::ParallelFor<K...
a100,sm80,other,,12,0,0,no,1.0,1.0,1.0,void Kokkos::Impl::cuda_parallel_launch_local_memory<Kokkos::Impl::ParallelFor<K...
a100,sm80,other,,12,0,0,no,1.0,1.0,1.0,void Kokkos::Impl::cuda_parallel_launch_local_memory<Kokkos::Impl::ParallelFor<K...
a100,sm80,other,,12,0,0,no,1.0,1.0,1.0,void Kokkos::Impl::cuda_parallel_launch_local_memory<Kokkos::Impl::ParallelFor<K...
a100,sm80,other,,12,0,0,no,1.0,1.0,1.0,void Kokkos::Impl::cuda_parallel_launch_local_memory<Kokkos::Impl::ParallelFor<K...
a100,sm80,other,,12,0,0,no,1.0,1.0,1.0,void Kokkos::Impl::cuda_parallel_launch_local_memory<Kokkos::Impl::ParallelFor<K...
a100,sm80,other,,12,0,0,no,1.0,1.0,1.0,void Kokkos::Impl::cuda_parallel_launch_local_memory<Kokkos::Impl::ParallelFor<K...
a100,sm80,other,,12,0,0,no,1.0,1.0,1.0,void Kokkos::Impl::cuda_parallel_launch_local_memory<Kokkos::Impl::ParallelFor<K...
a100,sm80,other,,12,0,0,no,1.0,1.0,1.0,void Kokkos::Impl::cuda_parallel_launch_local_memory<Kokkos::Impl::ParallelFor<K...
a100,sm80,other,,12,0,0,no,1.0,1.0,1.0,void Kokkos::Impl::cuda_parallel_launch_local_memory<Kokkos::Impl::ParallelFor<K...
a100,sm80,other,,12,0,0,no,1.0,1.0,1.0,void Kokkos::Impl::cuda_parallel_launch_local_memory<Kokkos::Impl::ParallelFor<K...
a100,sm80,other,,12,0,0,no,1.0,1.0,1.0,void Kokkos::Impl::cuda_parallel_launch_local_memory<Kokkos::Impl::ParallelFor<K...
a100,sm80,other,,12,0,0,no,1.0,1.0,1.0,void Kokkos::Impl::cuda_parallel_launch_local_memory<Kokkos::Impl::ParallelFor<K...
a100,sm80,other,,12,0,0,no,1.0,1.0,1.0,void Kokkos::Impl::cuda_parallel_launch_local_memory<Kokkos::Impl::ParallelFor<K...
a100,sm80,other,,12,0,0,no,1.0,1.0,1.0,void Kokkos::Impl::cuda_parallel_launch_local_memory<Kokkos::Impl::ParallelFor<K...
a100,sm80,other,,12,0,0,no,1.0,1.0,1.0,void Kokkos::Impl::cuda_parallel_launch_local_memory<Kokkos::Impl::ParallelFor<K...
a100,sm80,other,,12,0,0,no,1.0,1.0,1.0,void Kokkos::Impl::cuda_parallel_launch_local_memory<Kokkos::Impl::ParallelFor<K...
a100,sm80,other,,12,0,0,no,1.0,1.0,1.0,void Kokkos::Impl::cuda_parallel_launch_local_memory<Kokkos::Impl::ParallelFor<p...
a100,sm80,other,,12,0,0,no,1.0,1.0,1.0,void Kokkos::Impl::cuda_parallel_launch_local_memory<Kokkos::Impl::ParallelFor<K...
a100,sm80,other,,12,0,0,no,1.0,1.0,1.0,void Kokkos::Impl::cuda_parallel_launch_local_memory<Kokkos::Impl::ParallelFor<K...
a100,sm80,other,,12,0,0,no,1.0,1.0,1.0,void Kokkos::Impl::cuda_parallel_launch_local_memory<Kokkos::Impl::ParallelFor<K...
a100,sm80,other,,12,0,0,no,1.0,1.0,1.0,void Kokkos::Impl::cuda_parallel_launch_local_memory<Kokkos::Impl::ParallelFor<K...
a100,sm80,other,,12,0,0,no,1.0,1.0,1.0,void Kokkos::Impl::cuda_parallel_launch_local_memory<Kokkos::Impl::ParallelFor<K...
a100,sm80,other,,12,0,0,no,1.0,1.0,1.0,void Kokkos::Impl::cuda_parallel_launch_local_memory<Kokkos::Impl::ParallelFor<K...
a100,sm80,other,,12,0,0,no,1.0,1.0,1.0,void Kokkos::Impl::cuda_parallel_launch_local_memory<Kokkos::Impl::ParallelFor<K...
a100,sm80,other,,12,0,0,no,1.0,1.0,1.0,void Kokkos::Impl::cuda_parallel_launch_local_memory<Kokkos::Impl::ParallelFor<K...
a100,sm80,other,,12,0,0,no,1.0,1.0,1.0,void Kokkos::Impl::cuda_parallel_launch_local_memory<Kokkos::Impl::ParallelFor<K...
a100,sm80,other,,12,0,0,no,1.0,1.0,1.0,void Kokkos::Impl::cuda_parallel_launch_local_memory<Kokkos::Impl::ParallelFor<K...
a100,sm80,other,,12,0,0,no,1.0,1.0,1.0,void Kokkos::Impl::cuda_parallel_launch_local_memory<Kokkos::Impl::ParallelFor<K...
a100,sm80,other,,12,0,0,no,1.0,1.0,1.0,void Kokkos::Impl::cuda_parallel_launch_local_memory<Kokkos::Impl::ParallelFor<K...
a100,sm80,other,,12,0,0,no,1.0,1.0,1.0,void Kokkos::Impl::cuda_parallel_launch_local_memory<Kokkos::Impl::ParallelFor<K...
a100,sm80,other,,12,0,0,no,1.0,1.0,1.0,void Kokkos::Impl::cuda_parallel_launch_local_memory<Kokkos::Impl::ParallelFor<K...
a100,sm80,other,,12,0,0,no,1.0,1.0,1.0,void Kokkos::Impl::cuda_parallel_launch_local_memory<Kokkos::Impl::ParallelFor<K...
a100,sm80,other,,12,0,0,no,1.0,1.0,1.0,void Kokkos::Impl::cuda_parallel_launch_local_memory<Kokkos::Impl::ParallelFor<K...
a100,sm80,other,,12,0,0,no,1.0,1.0,1.0,void Kokkos::Impl::cuda_parallel_launch_local_memory<Kokkos::Impl::ParallelFor<K...
a100,sm80,other,,12,0,0,no,1.0,1.0,1.0,void Kokkos::Impl::cuda_parallel_launch_local_memory<Kokkos::Impl::ParallelFor<K...
a100,sm80,other,,12,0,0,no,1.0,1.0,1.0,void Kokkos::Impl::cuda_parallel_launch_local_memory<Kokkos::Impl::ParallelFor<K...
a100,sm80,other,,12,0,0,no,1.0,1.0,1.0,void Kokkos::Impl::cuda_parallel_launch_local_memory<Kokkos::Impl::ParallelFor<K...
a100,sm80,other,,12,0,0,no,1.0,1.0,1.0,void Kokkos::Impl::cuda_parallel_launch_local_memory<Kokkos::Impl::ParallelFor<K...
a100,sm80,other,,12,0,0,no,1.0,1.0,1.0,void Kokkos::Impl::cuda_parallel_launch_local_memory<Kokkos::Impl::ParallelFor<K...
a100,sm80,other,,12,0,0,no,1.0,1.0,1.0,void Kokkos::Impl::cuda_parallel_launch_local_memory<Kokkos::Impl::ParallelFor<K...
a100,sm80,other,,12,0,0,no,1.0,1.0,1.0,void Kokkos::Impl::cuda_parallel_launch_local_memory<Kokkos::Impl::ParallelFor<K...
a100,sm80,other,,12,0,0,no,1.0,1.0,1.0,void Kokkos::Impl::cuda_parallel_launch_local_memory<Kokkos::Impl::ParallelFor<K...
a100,sm80,other,,12,0,0,no,1.0,1.0,1.0,void Kokkos::Impl::cuda_parallel_launch_local_memory<Kokkos::Impl::ParallelFor<K...
a100,sm80,other,,12,0,0,no,1.0,1.0,1.0,void Kokkos::Impl::cuda_parallel_launch_local_memory<Kokkos::Impl::ParallelFor<K...
a100,sm80,other,,12,0,0,no,1.0,1.0,1.0,void Kokkos::Impl::cuda_parallel_launch_local_memory<Kokkos::Impl::ParallelFor<K...
a100,sm80,other,,12,0,0,no,1.0,1.0,1.0,void Kokkos::Impl::cuda_parallel_launch_local_memory<Kokkos::Impl::ParallelFor<K...
a100,sm80,other,,12,0,0,no,1.0,1.0,1.0,void Kokkos::Impl::cuda_parallel_launch_local_memory<Kokkos::Impl::ParallelFor<K...
a100,sm80,other,,12,0,0,no,1.0,1.0,1.0,void Kokkos::Impl::cuda_parallel_launch_local_memory<Kokkos::Impl::ParallelFor<K...
a100,sm80,other,,12,0,0,no,1.0,1.0,1.0,void Kokkos::Impl::cuda_parallel_launch_local_memory<Kokkos::Impl::ParallelFor<K...
a100,sm80,other,,12,0,0,no,1.0,1.0,1.0,void Kokkos::Impl::cuda_parallel_launch_local_memory<Kokkos::Impl::ParallelFor<K...
a100,sm80,other,,12,0,0,no,1.0,1.0,1.0,void Kokkos::Impl::cuda_parallel_launch_local_memory<Kokkos::Impl::ParallelFor<K...
a100,sm80,other,,12,0,0,no,1.0,1.0,1.0,void Kokkos::Impl::cuda_parallel_launch_local_memory<Kokkos::Impl::ParallelFor<K...
a100,sm80,other,,12,0,0,no,1.0,1.0,1.0,void Kokkos::Impl::cuda_parallel_launch_local_memory<Kokkos::Impl::ParallelFor<K...
a100,sm80,other,,12,0,0,no,1.0,1.0,1.0,void Kokkos::Impl::cuda_parallel_launch_local_memory<Kokkos::Impl::ParallelFor<K...
a100,sm80,other,,12,0,0,no,1.0,1.0,1.0,void Kokkos::Impl::cuda_parallel_launch_local_memory<Kokkos::Impl::ParallelFor<K...
a100,sm80,other,,12,0,0,no,1.0,1.0,1.0,void Kokkos::Impl::cuda_parallel_launch_local_memory<Kokkos::Impl::ParallelFor<K...
a100,sm80,other,,12,0,0,no,1.0,1.0,1.0,void Kokkos::Impl::cuda_parallel_launch_local_memory<Kokkos::Impl::ParallelFor<K...
a100,sm80,other,,12,0,0,no,1.0,1.0,1.0,void Kokkos::Impl::cuda_parallel_launch_local_memory<Kokkos::Impl::ParallelFor<K...
a100,sm80,other,,12,0,0,no,1.0,1.0,1.0,void Kokkos::Impl::cuda_parallel_launch_local_memory<Kokkos::Impl::ParallelFor<K...
a100,sm80,other,,12,0,0,no,1.0,1.0,1.0,void Kokkos::Impl::cuda_parallel_launch_local_memory<Kokkos::Impl::ParallelFor<K...
a100,sm80,other,,12,0,0,no,1.0,1.0,1.0,void Kokkos::Impl::cuda_parallel_launch_local_memory<Kokkos::Impl::ParallelFor<K...
a100,sm80,other,,12,0,0,no,1.0,1.0,1.0,void Kokkos::Impl::cuda_parallel_launch_local_memory<Kokkos::Impl::ParallelFor<K...
a100,sm80,other,,12,0,0,no,1.0,1.0,1.0,void Kokkos::Impl::cuda_parallel_launch_local_memory<Kokkos::Impl::ParallelFor<K...
a100,sm80,other,,12,0,0,no,1.0,1.0,1.0,void Kokkos::Impl::cuda_parallel_launch_local_memory<Kokkos::Impl::ParallelFor<K...
a100,sm80,other,,12,0,0,no,1.0,1.0,1.0,void Kokkos::Impl::cuda_parallel_launch_local_memory<Kokkos::Impl::ParallelFor<K...
a100,sm80,other,,12,0,0,no,1.0,1.0,1.0,void Kokkos::Impl::cuda_parallel_launch_local_memory<Kokkos::Impl::ParallelFor<K...
a100,sm80,other,,12,0,0,no,1.0,1.0,1.0,void Kokkos::Impl::cuda_parallel_launch_local_memory<Kokkos::Impl::ParallelFor<K...
a100,sm80,other,,12,0,0,no,1.0,1.0,1.0,void Kokkos::Impl::cuda_parallel_launch_local_memory<Kokkos::Impl::ParallelFor<K...
a100,sm80,other,,12,0,0,no,1.0,1.0,1.0,void Kokkos::Impl::cuda_parallel_launch_local_memory<Kokkos::Impl::ParallelFor<K...
a100,sm80,other,,12,0,0,no,1.0,1.0,1.0,void Kokkos::Impl::cuda_parallel_launch_local_memory<Kokkos::Impl::ParallelFor<K...
a100,sm80,other,,12,0,0,no,1.0,1.0,1.0,void Kokkos::Impl::cuda_parallel_launch_local_memory<Kokkos::Impl::ParallelFor<K...
a100,sm80,other,,12,0,0,no,1.0,1.0,1.0,void Kokkos::Impl::cuda_parallel_launch_local_memory<Kokkos::Impl::ParallelFor<K...
a100,sm80,other,,12,0,0,no,1.0,1.0,1.0,void Kokkos::Impl::cuda_parallel_launch_local_memory<Kokkos::Impl::ParallelFor<K...
a100,sm80,other,,12,0,0,no,1.0,1.0,1.0,void Kokkos::Impl::cuda_parallel_launch_local_memory<Kokkos::Impl::ParallelFor<K...
a100,sm80,other,,12,0,0,no,1.0,1.0,1.0,void Kokkos::Impl::cuda_parallel_launch_local_memory<Kokkos::Impl::ParallelFor<K...
a100,sm80,other,,12,0,0,no,1.0,1.0,1.0,void Kokkos::Impl::cuda_parallel_launch_local_memory<Kokkos::Impl::ParallelFor<K...
a100,sm80,other,,12,0,0,no,1.0,1.0,1.0,void Kokkos::Impl::cuda_parallel_launch_local_memory<Kokkos::Impl::ParallelFor<K...
a100,sm80,other,,12,0,0,no,1.0,1.0,1.0,void Kokkos::Impl::cuda_parallel_launch_local_memory<Kokkos::Impl::ParallelFor<K...
a100,sm80,other,,12,0,0,no,1.0,1.0,1.0,void Kokkos::Impl::cuda_parallel_launch_local_memory<Kokkos::Impl::ParallelFor<K...
a100,sm80,other,,12,0,0,no,1.0,1.0,1.0,void Kokkos::Impl::cuda_parallel_launch_local_memory<Kokkos::Impl::ParallelFor<K...
a100,sm80,other,,12,0,0,no,1.0,1.0,1.0,void Kokkos::Impl::cuda_parallel_launch_local_memory<Kokkos::Impl::ParallelFor<K...
a100,sm80,other,,12,0,0,no,1.0,1.0,1.0,void Kokkos::Impl::cuda_parallel_launch_local_memory<Kokkos::Impl::ParallelFor<K...
a100,sm80,other,,12,0,0,no,1.0,1.0,1.0,void Kokkos::Impl::cuda_parallel_launch_local_memory<Kokkos::Impl::ParallelFor<K...
a100,sm80,other,,12,0,0,no,1.0,1.0,1.0,void Kokkos::Impl::cuda_parallel_launch_local_memory<Kokkos::Impl::ParallelFor<K...
a100,sm80,other,,12,0,0,no,1.0,1.0,1.0,void Kokkos::Impl::cuda_parallel_launch_local_memory<Kokkos::Impl::ParallelFor<K...
a100,sm80,other,,12,0,0,no,1.0,1.0,1.0,void Kokkos::Impl::cuda_parallel_launch_local_memory<Kokkos::Impl::ParallelFor<K...
a100,sm80,other,,12,0,0,no,1.0,1.0,1.0,void Kokkos::Impl::cuda_parallel_launch_local_memory<Kokkos::Impl::ParallelFor<K...
a100,sm80,other,,12,0,0,no,1.0,1.0,1.0,void Kokkos::Impl::cuda_parallel_launch_local_memory<Kokkos::Impl::ParallelFor<K...
a100,sm80,other,,12,0,0,no,1.0,1.0,1.0,void Kokkos::Impl::cuda_parallel_launch_local_memory<Kokkos::Impl::ParallelFor<K...
a100,sm80,other,,12,0,0,no,1.0,1.0,1.0,void Kokkos::Impl::cuda_parallel_launch_local_memory<Kokkos::Impl::ParallelFor<K...
a100,sm80,other,,12,0,0,no,1.0,1.0,1.0,void Kokkos::Impl::cuda_parallel_launch_local_memory<Kokkos::Impl::ParallelFor<K...
a100,sm80,other,,12,0,0,no,1.0,1.0,1.0,void Kokkos::Impl::cuda_parallel_launch_local_memory<Kokkos::Impl::ParallelFor<K...
a100,sm80,other,,12,0,0,no,1.0,1.0,1.0,void Kokkos::Impl::cuda_parallel_launch_local_memory<Kokkos::Impl::ParallelFor<K...
a100,sm80,other,,12,0,0,no,1.0,1.0,1.0,void Kokkos::Impl::cuda_parallel_launch_local_memory<Kokkos::Impl::ParallelFor<K...
a100,sm80,other,,12,0,0,no,1.0,1.0,1.0,void Kokkos::Impl::cuda_parallel_launch_local_memory<Kokkos::Impl::ParallelFor<K...
a100,sm80,other,,12,0,0,no,1.0,1.0,1.0,void Kokkos::Impl::cuda_parallel_launch_local_memory<Kokkos::Impl::ParallelFor<K...
a100,sm80,other,,12,0,0,no,1.0,1.0,1.0,void Kokkos::Impl::cuda_parallel_launch_local_memory<Kokkos::Impl::ParallelFor<K...
a100,sm80,other,,12,0,0,no,1.0,1.0,1.0,void Kokkos::Impl::cuda_parallel_launch_local_memory<Kokkos::Impl::ParallelFor<K...
a100,sm80,other,,12,0,0,no,1.0,1.0,1.0,void Kokkos::Impl::cuda_parallel_launch_local_memory<Kokkos::Impl::ParallelFor<K...
a100,sm80,other,,12,0,0,no,1.0,1.0,1.0,void Kokkos::Impl::cuda_parallel_launch_local_memory<Kokkos::Impl::ParallelFor<K...
a100,sm80,other,,12,0,0,no,1.0,1.0,1.0,void Kokkos::Impl::cuda_parallel_launch_local_memory<Kokkos::Impl::ParallelFor<K...
a100,sm80,other,,12,0,0,no,1.0,1.0,1.0,void Kokkos::Impl::cuda_parallel_launch_local_memory<Kokkos::Impl::ParallelFor<K...
a100,sm80,other,,12,0,0,no,1.0,1.0,1.0,void Kokkos::Impl::cuda_parallel_launch_local_memory<Kokkos::Impl::ParallelFor<K...
a100,sm80,other,,12,0,0,no,1.0,1.0,1.0,void Kokkos::Impl::cuda_parallel_launch_local_memory<Kokkos::Impl::ParallelFor<K...
a100,sm80,other,,12,0,0,no,1.0,1.0,1.0,void Kokkos::Impl::cuda_parallel_launch_local_memory<Kokkos::Impl::ParallelFor<K...
a100,sm80,other,,12,0,0,no,1.0,1.0,1.0,void Kokkos::Impl::cuda_parallel_launch_local_memory<Kokkos::Impl::ParallelFor<K...
a100,sm80,other,,12,0,0,no,1.0,1.0,1.0,void Kokkos::Impl::cuda_parallel_launch_local_memory<Kokkos::Impl::ParallelFor<K...
a100,sm80,other,,12,0,0,no,1.0,1.0,1.0,void Kokkos::Impl::cuda_parallel_launch_local_memory<Kokkos::Impl::ParallelFor<K...
a100,sm80,other,,12,0,0,no,1.0,1.0,1.0,void Kokkos::Impl::cuda_parallel_launch_local_memory<Kokkos::Impl::ParallelFor<K...
a100,sm80,other,,12,0,0,no,1.0,1.0,1.0,void Kokkos::Impl::cuda_parallel_launch_local_memory<Kokkos::Impl::ParallelFor<K...
a100,sm80,other,,12,0,0,no,1.0,1.0,1.0,void Kokkos::Impl::cuda_parallel_launch_local_memory<Kokkos::Impl::ParallelFor<K...
a100,sm80,other,,12,0,0,no,1.0,1.0,1.0,void Kokkos::Impl::cuda_parallel_launch_local_memory<Kokkos::Impl::ParallelFor<K...
a100,sm80,other,,12,0,0,no,1.0,1.0,1.0,void Kokkos::Impl::cuda_parallel_launch_local_memory<Kokkos::Impl::ParallelFor<K...
a100,sm80,other,,12,0,0,no,1.0,1.0,1.0,void Kokkos::Impl::cuda_parallel_launch_local_memory<Kokkos::Impl::ParallelFor<K...
a100,sm80,other,,12,0,0,no,1.0,1.0,1.0,void Kokkos::Impl::cuda_parallel_launch_local_memory<Kokkos::Impl::ParallelFor<K...
a100,sm80,other,,12,0,0,no,1.0,1.0,1.0,void Kokkos::Impl::cuda_parallel_launch_local_memory<Kokkos::Impl::ParallelFor<K...
a100,sm80,other,,11,0,0,no,1.0,1.0,1.0,void Kokkos::Impl::cuda_parallel_launch_local_memory<Kokkos::Impl::ParallelFor<K...
a100,sm80,other,,11,0,0,no,1.0,1.0,1.0,void Kokkos::Impl::cuda_parallel_launch_local_memory<Kokkos::Impl::ParallelFor<K...
a100,sm80,other,,11,0,0,no,1.0,1.0,1.0,void Kokkos::Impl::cuda_parallel_launch_local_memory<Kokkos::Impl::ParallelFor<K...
a100,sm80,other,,11,0,0,no,1.0,1.0,1.0,void Kokkos::Impl::cuda_parallel_launch_local_memory<Kokkos::Impl::ParallelFor<K...
a100,sm80,other,,11,0,0,no,1.0,1.0,1.0,void Kokkos::Impl::cuda_parallel_launch_local_memory<Kokkos::Impl::ParallelFor<K...
a100,sm80,other,,11,0,0,no,1.0,1.0,1.0,void Kokkos::Impl::cuda_parallel_launch_local_memory<Kokkos::Impl::ParallelFor<K...
a100,sm80,other,,11,0,0,no,1.0,1.0,1.0,void Kokkos::Impl::cuda_parallel_launch_local_memory<Kokkos::Impl::ParallelFor<K...
a100,sm80,other,,11,0,0,no,1.0,1.0,1.0,void Kokkos::Impl::cuda_parallel_launch_local_memory<Kokkos::Impl::ParallelFor<K...
a100,sm80,other,,11,0,0,no,1.0,1.0,1.0,void Kokkos::Impl::cuda_parallel_launch_local_memory<Kokkos::Impl::ParallelFor<K...
a100,sm80,other,,11,0,0,no,1.0,1.0,1.0,void Kokkos::Impl::cuda_parallel_launch_local_memory<Kokkos::Impl::ParallelFor<K...
a100,sm80,other,,11,0,0,no,1.0,1.0,1.0,void Kokkos::Impl::cuda_parallel_launch_local_memory<Kokkos::Impl::ParallelFor<K...
a100,sm80,other,,11,0,0,no,1.0,1.0,1.0,void Kokkos::Impl::cuda_parallel_launch_local_memory<Kokkos::Impl::ParallelFor<K...
a100,sm80,other,,11,0,0,no,1.0,1.0,1.0,void Kokkos::Impl::cuda_parallel_launch_local_memory<Kokkos::Impl::ParallelFor<K...
a100,sm80,other,,11,0,0,no,1.0,1.0,1.0,void Kokkos::Impl::cuda_parallel_launch_local_memory<Kokkos::Impl::ParallelFor<K...
a100,sm80,other,,11,0,0,no,1.0,1.0,1.0,void Kokkos::Impl::cuda_parallel_launch_local_memory<Kokkos::Impl::ParallelFor<K...
a100,sm80,other,,11,0,0,no,1.0,1.0,1.0,void Kokkos::Impl::cuda_parallel_launch_local_memory<Kokkos::Impl::ParallelFor<K...
a100,sm80,other,,11,0,0,no,1.0,1.0,1.0,void Kokkos::Impl::cuda_parallel_launch_local_memory<Kokkos::Impl::ParallelFor<p...
a100,sm80,other,,11,0,0,no,1.0,1.0,1.0,void Kokkos::Impl::cuda_parallel_launch_local_memory<Kokkos::Impl::ParallelFor<K...
a100,sm80,other,,11,0,0,no,1.0,1.0,1.0,void Kokkos::Impl::cuda_parallel_launch_local_memory<Kokkos::Impl::ParallelFor<K...
a100,sm80,other,,11,0,0,no,1.0,1.0,1.0,void Kokkos::Impl::cuda_parallel_launch_local_memory<Kokkos::Impl::ParallelFor<K...
a100,sm80,other,,11,0,0,no,1.0,1.0,1.0,void Kokkos::Impl::cuda_parallel_launch_local_memory<Kokkos::Impl::ParallelFor<K...
a100,sm80,other,,11,0,0,no,1.0,1.0,1.0,void Kokkos::Impl::cuda_parallel_launch_local_memory<Kokkos::Impl::ParallelFor<K...
a100,sm80,other,,11,0,0,no,1.0,1.0,1.0,void Kokkos::Impl::cuda_parallel_launch_local_memory<Kokkos::Impl::ParallelFor<K...
a100,sm80,other,,11,0,0,no,1.0,1.0,1.0,void Kokkos::Impl::cuda_parallel_launch_local_memory<Kokkos::Impl::ParallelFor<K...
a100,sm80,other,,11,0,0,no,1.0,1.0,1.0,void Kokkos::Impl::cuda_parallel_launch_local_memory<Kokkos::Impl::ParallelFor<K...
a100,sm80,other,,11,0,0,no,1.0,1.0,1.0,void Kokkos::Impl::cuda_parallel_launch_local_memory<Kokkos::Impl::ParallelFor<K...
a100,sm80,other,,11,0,0,no,1.0,1.0,1.0,void Kokkos::Impl::cuda_parallel_launch_local_memory<Kokkos::Impl::ParallelFor<K...
a100,sm80,other,,11,0,0,no,1.0,1.0,1.0,void Kokkos::Impl::cuda_parallel_launch_local_memory<Kokkos::Impl::ParallelFor<K...
a100,sm80,other,,11,0,0,no,1.0,1.0,1.0,void Kokkos::Impl::cuda_parallel_launch_local_memory<Kokkos::Impl::ParallelFor<K...
a100,sm80,other,,11,0,0,no,1.0,1.0,1.0,void Kokkos::Impl::cuda_parallel_launch_local_memory<Kokkos::Impl::ParallelFor<K...
a100,sm80,other,,11,0,0,no,1.0,1.0,1.0,void Kokkos::Impl::cuda_parallel_launch_local_memory<Kokkos::Impl::ParallelFor<K...
a100,sm80,other,,11,0,0,no,1.0,1.0,1.0,void Kokkos::Impl::cuda_parallel_launch_local_memory<Kokkos::Impl::ParallelFor<K...
a100,sm80,other,,11,0,0,no,1.0,1.0,1.0,void Kokkos::Impl::cuda_parallel_launch_local_memory<Kokkos::Impl::ParallelFor<K...
a100,sm80,other,,11,0,0,no,1.0,1.0,1.0,void Kokkos::Impl::cuda_parallel_launch_local_memory<Kokkos::Impl::ParallelFor<K...
a100,sm80,other,,11,0,0,no,1.0,1.0,1.0,void Kokkos::Impl::cuda_parallel_launch_local_memory<Kokkos::Impl::ParallelFor<K...
a100,sm80,other,,11,0,0,no,1.0,1.0,1.0,void Kokkos::Impl::cuda_parallel_launch_local_memory<Kokkos::Impl::ParallelFor<K...
a100,sm80,other,,11,0,0,no,1.0,1.0,1.0,void Kokkos::Impl::cuda_parallel_launch_local_memory<Kokkos::Impl::ParallelFor<K...
a100,sm80,other,,10,0,0,no,1.0,1.0,1.0,void Kokkos::Impl::cuda_parallel_launch_local_memory<Kokkos::Impl::ParallelFor<K...
a100,sm80,other,,10,0,0,no,1.0,1.0,1.0,void Kokkos::Impl::cuda_parallel_launch_local_memory<Kokkos::Impl::ParallelFor<K...
a100,sm80,other,,10,0,0,no,1.0,1.0,1.0,void Kokkos::Impl::cuda_parallel_launch_local_memory<Kokkos::Impl::ParallelFor<K...
a100,sm80,other,,10,0,0,no,1.0,1.0,1.0,void Kokkos::Impl::cuda_parallel_launch_local_memory<Kokkos::Impl::ParallelFor<K...
a100,sm80,other,,10,0,0,no,1.0,1.0,1.0,void Kokkos::Impl::cuda_parallel_launch_local_memory<Kokkos::Impl::ParallelFor<K...
a100,sm80,other,,10,0,0,no,1.0,1.0,1.0,void Kokkos::Impl::cuda_parallel_launch_local_memory<Kokkos::Impl::ParallelFor<K...
a100,sm80,other,,10,0,0,no,1.0,1.0,1.0,void Kokkos::Impl::cuda_parallel_launch_local_memory<Kokkos::Impl::ParallelFor<K...
a100,sm80,other,,10,0,0,no,1.0,1.0,1.0,void Kokkos::Impl::cuda_parallel_launch_local_memory<Kokkos::Impl::ParallelFor<K...
a100,sm80,other,,10,0,0,no,1.0,1.0,1.0,void Kokkos::Impl::cuda_parallel_launch_local_memory<Kokkos::Impl::ParallelFor<K...
a100,sm80,other,,10,0,0,no,1.0,1.0,1.0,void Kokkos::Impl::cuda_parallel_launch_local_memory<Kokkos::Impl::ParallelFor<K...
a100,sm80,other,,10,0,0,no,1.0,1.0,1.0,void Kokkos::Impl::cuda_parallel_launch_local_memory<Kokkos::Impl::ParallelFor<K...
a100,sm80,other,,10,0,0,no,1.0,1.0,1.0,void Kokkos::Impl::cuda_parallel_launch_local_memory<Kokkos::Impl::ParallelFor<K...
a100,sm80,other,,10,0,0,no,1.0,1.0,1.0,void Kokkos::Impl::cuda_parallel_launch_local_memory<Kokkos::Impl::ParallelFor<K...
a100,sm80,other,,10,0,0,no,1.0,1.0,1.0,void Kokkos::Impl::cuda_parallel_launch_local_memory<Kokkos::Impl::ParallelFor<K...
a100,sm80,other,,10,0,0,no,1.0,1.0,1.0,void Kokkos::Impl::cuda_parallel_launch_local_memory<Kokkos::Impl::ParallelFor<K...
a100,sm80,other,,10,0,0,no,1.0,1.0,1.0,void Kokkos::Impl::cuda_parallel_launch_local_memory<Kokkos::Impl::ParallelFor<K...
a100,sm80,other,,10,0,0,no,1.0,1.0,1.0,void Kokkos::Impl::cuda_parallel_launch_local_memory<Kokkos::Impl::ParallelFor<K...
a100,sm80,other,,10,0,0,no,1.0,1.0,1.0,void Kokkos::Impl::cuda_parallel_launch_local_memory<Kokkos::Impl::ParallelFor<K...
a100,sm80,other,,10,0,0,no,1.0,1.0,1.0,void Kokkos::Impl::cuda_parallel_launch_local_memory<Kokkos::Impl::ParallelFor<K...
a100,sm80,other,,10,0,0,no,1.0,1.0,1.0,void Kokkos::Impl::cuda_parallel_launch_local_memory<Kokkos::Impl::ParallelFor<K...
a100,sm80,other,,10,0,0,no,1.0,1.0,1.0,void Kokkos::Impl::cuda_parallel_launch_local_memory<Kokkos::Impl::ParallelFor<K...
a100,sm80,other,,10,0,0,no,1.0,1.0,1.0,void Kokkos::Impl::cuda_parallel_launch_local_memory<Kokkos::Impl::ParallelFor<K...
a100,sm80,other,,10,0,0,no,1.0,1.0,1.0,void Kokkos::Impl::cuda_parallel_launch_local_memory<Kokkos::Impl::ParallelFor<K...
a100,sm80,other,,10,0,0,no,1.0,1.0,1.0,void Kokkos::Impl::cuda_parallel_launch_local_memory<Kokkos::Impl::ParallelFor<K...
a100,sm80,other,,10,0,0,no,1.0,1.0,1.0,void Kokkos::Impl::cuda_parallel_launch_local_memory<Kokkos::Impl::ParallelFor<K...
a100,sm80,other,,10,0,0,no,1.0,1.0,1.0,void Kokkos::Impl::cuda_parallel_launch_local_memory<Kokkos::Impl::ParallelFor<K...
a100,sm80,other,,10,0,0,no,1.0,1.0,1.0,void Kokkos::Impl::cuda_parallel_launch_local_memory<Kokkos::Impl::ParallelFor<K...
a100,sm80,other,,10,0,0,no,1.0,1.0,1.0,void Kokkos::Impl::cuda_parallel_launch_local_memory<Kokkos::Impl::ParallelFor<K...
a100,sm80,other,,10,0,0,no,1.0,1.0,1.0,void Kokkos::Impl::cuda_parallel_launch_local_memory<Kokkos::Impl::ParallelFor<K...
a100,sm80,other,,10,0,0,no,1.0,1.0,1.0,void Kokkos::Impl::cuda_parallel_launch_local_memory<Kokkos::Impl::ParallelFor<K...
a100,sm80,other,,10,0,0,no,1.0,1.0,1.0,void Kokkos::Impl::cuda_parallel_launch_local_memory<Kokkos::Impl::ParallelFor<K...
a100,sm80,other,,10,0,0,no,1.0,1.0,1.0,void Kokkos::Impl::cuda_parallel_launch_local_memory<Kokkos::Impl::ParallelFor<K...
a100,sm80,other,,10,0,0,no,1.0,1.0,1.0,void Kokkos::Impl::cuda_parallel_launch_local_memory<Kokkos::Impl::ParallelFor<K...
a100,sm80,other,,10,0,0,no,1.0,1.0,1.0,void Kokkos::Impl::cuda_parallel_launch_local_memory<Kokkos::Impl::ParallelFor<K...
a100,sm80,other,,10,0,0,no,1.0,1.0,1.0,void Kokkos::Impl::cuda_parallel_launch_local_memory<Kokkos::Impl::ParallelFor<K...
a100,sm80,other,,10,0,0,no,1.0,1.0,1.0,void Kokkos::Impl::cuda_parallel_launch_local_memory<Kokkos::Impl::ParallelFor<K...
a100,sm80,other,,10,0,0,no,1.0,1.0,1.0,void Kokkos::Impl::cuda_parallel_launch_local_memory<Kokkos::Impl::ParallelFor<K...
a100,sm80,other,,10,0,0,no,1.0,1.0,1.0,void Kokkos::Impl::cuda_parallel_launch_local_memory<Kokkos::Impl::ParallelFor<K...
a100,sm80,other,,10,0,0,no,1.0,1.0,1.0,void Kokkos::Impl::cuda_parallel_launch_local_memory<Kokkos::Impl::ParallelFor<K...
a100,sm80,other,,10,0,0,no,1.0,1.0,1.0,void Kokkos::Impl::cuda_parallel_launch_local_memory<Kokkos::Impl::ParallelFor<K...
a100,sm80,other,,10,0,0,no,1.0,1.0,1.0,void Kokkos::Impl::cuda_parallel_launch_local_memory<Kokkos::Impl::ParallelFor<K...
a100,sm80,other,,10,0,0,no,1.0,1.0,1.0,void Kokkos::Impl::cuda_parallel_launch_local_memory<Kokkos::Impl::ParallelFor<K...
a100,sm80,other,,10,0,0,no,1.0,1.0,1.0,void Kokkos::Impl::cuda_parallel_launch_local_memory<Kokkos::Impl::ParallelFor<K...
a100,sm80,other,,10,0,0,no,1.0,1.0,1.0,void Kokkos::Impl::cuda_parallel_launch_local_memory<Kokkos::Impl::ParallelFor<K...
a100,sm80,other,,10,0,0,no,1.0,1.0,1.0,void Kokkos::Impl::cuda_parallel_launch_local_memory<Kokkos::Impl::ParallelFor<K...
a100,sm80,other,,10,0,0,no,1.0,1.0,1.0,void Kokkos::Impl::cuda_parallel_launch_local_memory<Kokkos::Impl::ParallelFor<K...
a100,sm80,other,,10,0,0,no,1.0,1.0,1.0,void Kokkos::Impl::cuda_parallel_launch_local_memory<Kokkos::Impl::ParallelFor<K...
a100,sm80,other,,10,0,0,no,1.0,1.0,1.0,void Kokkos::Impl::cuda_parallel_launch_local_memory<Kokkos::Impl::ParallelFor<K...
a100,sm80,other,,10,0,0,no,1.0,1.0,1.0,void Kokkos::Impl::cuda_parallel_launch_local_memory<Kokkos::Impl::ParallelFor<K...
a100,sm80,other,,10,0,0,no,1.0,1.0,1.0,void Kokkos::Impl::cuda_parallel_launch_local_memory<Kokkos::Impl::ParallelFor<K...
a100,sm80,other,,10,0,0,no,1.0,1.0,1.0,void Kokkos::Impl::cuda_parallel_launch_local_memory<Kokkos::Impl::ParallelFor<K...
a100,sm80,other,,10,0,0,no,1.0,1.0,1.0,void Kokkos::Impl::cuda_parallel_launch_local_memory<Kokkos::Impl::ParallelFor<K...
a100,sm80,other,,10,0,0,no,1.0,1.0,1.0,void Kokkos::Impl::cuda_parallel_launch_local_memory<Kokkos::Impl::ParallelFor<K...
a100,sm80,other,,10,0,0,no,1.0,1.0,1.0,void Kokkos::Impl::cuda_parallel_launch_local_memory<Kokkos::Impl::ParallelFor<K...
a100,sm80,other,,10,0,0,no,1.0,1.0,1.0,void Kokkos::Impl::cuda_parallel_launch_local_memory<Kokkos::Impl::ParallelFor<K...
a100,sm80,other,,10,0,0,no,1.0,1.0,1.0,void Kokkos::Impl::cuda_parallel_launch_local_memory<Kokkos::Impl::ParallelFor<K...
a100,sm80,other,,10,0,0,no,1.0,1.0,1.0,void Kokkos::Impl::cuda_parallel_launch_local_memory<Kokkos::Impl::ParallelFor<K...
a100,sm80,other,,10,0,0,no,1.0,1.0,1.0,void Kokkos::Impl::cuda_parallel_launch_local_memory<Kokkos::Impl::ParallelFor<K...
a100,sm80,other,,10,0,0,no,1.0,1.0,1.0,void Kokkos::Impl::cuda_parallel_launch_local_memory<Kokkos::Impl::ParallelFor<K...
a100,sm80,other,,10,0,0,no,1.0,1.0,1.0,void Kokkos::Impl::cuda_parallel_launch_local_memory<Kokkos::Impl::ParallelFor<K...
a100,sm80,other,,10,0,0,no,1.0,1.0,1.0,void Kokkos::Impl::cuda_parallel_launch_local_memory<Kokkos::Impl::ParallelFor<K...
a100,sm80,other,,10,0,0,no,1.0,1.0,1.0,void Kokkos::Impl::cuda_parallel_launch_local_memory<Kokkos::Impl::ParallelFor<K...
a100,sm80,other,,10,0,0,no,1.0,1.0,1.0,void Kokkos::Impl::cuda_parallel_launch_local_memory<Kokkos::Impl::ParallelFor<K...
a100,sm80,other,,10,0,0,no,1.0,1.0,1.0,void Kokkos::Impl::cuda_parallel_launch_local_memory<Kokkos::Impl::ParallelFor<K...
a100,sm80,other,,10,0,0,no,1.0,1.0,1.0,void Kokkos::Impl::cuda_parallel_launch_local_memory<Kokkos::Impl::ParallelFor<K...
a100,sm80,other,,10,0,0,no,1.0,1.0,1.0,void Kokkos::Impl::cuda_parallel_launch_local_memory<Kokkos::Impl::ParallelFor<K...
a100,sm80,other,,10,0,0,no,1.0,1.0,1.0,void Kokkos::Impl::cuda_parallel_launch_local_memory<Kokkos::Impl::ParallelFor<K...
a100,sm80,other,,10,0,0,no,1.0,1.0,1.0,void Kokkos::Impl::cuda_parallel_launch_local_memory<Kokkos::Impl::ParallelFor<K...
a100,sm80,other,,10,0,0,no,1.0,1.0,1.0,void Kokkos::Impl::cuda_parallel_launch_local_memory<Kokkos::Impl::ParallelFor<K...
a100,sm80,other,,10,0,0,no,1.0,1.0,1.0,void Kokkos::Impl::cuda_parallel_launch_local_memory<Kokkos::Impl::ParallelFor<K...
a100,sm80,other,,10,0,0,no,1.0,1.0,1.0,void Kokkos::Impl::cuda_parallel_launch_local_memory<Kokkos::Impl::ParallelFor<K...
a100,sm80,other,,10,0,0,no,1.0,1.0,1.0,void Kokkos::Impl::cuda_parallel_launch_local_memory<Kokkos::Impl::ParallelFor<K...
a100,sm80,other,,10,0,0,no,1.0,1.0,1.0,void Kokkos::Impl::cuda_parallel_launch_local_memory<Kokkos::Impl::ParallelFor<K...
a100,sm80,other,,10,0,0,no,1.0,1.0,1.0,void Kokkos::Impl::cuda_parallel_launch_local_memory<Kokkos::Impl::ParallelFor<K...
a100,sm80,other,,10,0,0,no,1.0,1.0,1.0,void Kokkos::Impl::cuda_parallel_launch_local_memory<Kokkos::Impl::ParallelFor<K...
a100,sm80,other,,10,0,0,no,1.0,1.0,1.0,void Kokkos::Impl::cuda_parallel_launch_local_memory<Kokkos::Impl::ParallelFor<K...
a100,sm80,other,,10,0,0,no,1.0,1.0,1.0,void Kokkos::Impl::cuda_parallel_launch_local_memory<Kokkos::Impl::ParallelFor<K...
a100,sm80,other,,10,0,0,no,1.0,1.0,1.0,void Kokkos::Impl::cuda_parallel_launch_local_memory<Kokkos::Impl::ParallelFor<K...
a100,sm80,other,,10,0,0,no,1.0,1.0,1.0,void Kokkos::Impl::cuda_parallel_launch_local_memory<Kokkos::Impl::ParallelFor<K...
a100,sm80,other,,10,0,0,no,1.0,1.0,1.0,void Kokkos::Impl::cuda_parallel_launch_local_memory<Kokkos::Impl::ParallelFor<K...
a100,sm80,other,,10,0,0,no,1.0,1.0,1.0,void Kokkos::Impl::cuda_parallel_launch_local_memory<Kokkos::Impl::ParallelFor<K...
a100,sm80,other,,10,0,0,no,1.0,1.0,1.0,void Kokkos::Impl::cuda_parallel_launch_local_memory<Kokkos::Impl::ParallelFor<K...
a100,sm80,other,,10,0,0,no,1.0,1.0,1.0,void Kokkos::Impl::cuda_parallel_launch_local_memory<Kokkos::Impl::ParallelFor<K...
a100,sm80,other,,10,0,0,no,1.0,1.0,1.0,void Kokkos::Impl::cuda_parallel_launch_local_memory<Kokkos::Impl::ParallelFor<K...
a100,sm80,other,,10,0,0,no,1.0,1.0,1.0,void Kokkos::Impl::cuda_parallel_launch_local_memory<Kokkos::Impl::ParallelFor<K...
a100,sm80,other,,10,0,0,no,1.0,1.0,1.0,void Kokkos::Impl::cuda_parallel_launch_local_memory<Kokkos::Impl::ParallelFor<K...
a100,sm80,other,,10,0,0,no,1.0,1.0,1.0,void Kokkos::Impl::cuda_parallel_launch_local_memory<Kokkos::Impl::ParallelFor<K...
a100,sm80,other,,10,0,0,no,1.0,1.0,1.0,void Kokkos::Impl::cuda_parallel_launch_local_memory<Kokkos::Impl::ParallelFor<K...
a100,sm80,other,,10,0,0,no,1.0,1.0,1.0,void Kokkos::Impl::cuda_parallel_launch_local_memory<Kokkos::Impl::ParallelFor<K...
a100,sm80,other,,10,0,0,no,1.0,1.0,1.0,void Kokkos::Impl::cuda_parallel_launch_local_memory<Kokkos::Impl::ParallelFor<K...
a100,sm80,other,,10,0,0,no,1.0,1.0,1.0,void Kokkos::Impl::cuda_parallel_launch_local_memory<Kokkos::Impl::ParallelFor<K...
a100,sm80,other,,10,0,0,no,1.0,1.0,1.0,void Kokkos::Impl::cuda_parallel_launch_local_memory<Kokkos::Impl::ParallelFor<K...
a100,sm80,other,,10,0,0,no,1.0,1.0,1.0,void Kokkos::Impl::cuda_parallel_launch_local_memory<Kokkos::Impl::ParallelFor<K...
a100,sm80,other,,10,0,0,no,1.0,1.0,1.0,void Kokkos::Impl::cuda_parallel_launch_local_memory<Kokkos::Impl::ParallelFor<K...
a100,sm80,other,,10,0,0,no,1.0,1.0,1.0,void Kokkos::Impl::cuda_parallel_launch_local_memory<Kokkos::Impl::ParallelFor<K...
a100,sm80,other,,10,0,0,no,1.0,1.0,1.0,void Kokkos::Impl::cuda_parallel_launch_local_memory<Kokkos::Impl::ParallelFor<K...
a100,sm80,other,,10,0,0,no,1.0,1.0,1.0,void Kokkos::Impl::cuda_parallel_launch_local_memory<Kokkos::Impl::ParallelFor<K...
a100,sm80,other,,10,0,0,no,1.0,1.0,1.0,void Kokkos::Impl::cuda_parallel_launch_local_memory<Kokkos::Impl::ParallelFor<K...
a100,sm80,other,,10,0,0,no,1.0,1.0,1.0,void Kokkos::Impl::cuda_parallel_launch_local_memory<Kokkos::Impl::ParallelFor<K...
a100,sm80,other,,10,0,0,no,1.0,1.0,1.0,void Kokkos::Impl::cuda_parallel_launch_local_memory<Kokkos::Impl::ParallelFor<K...
a100,sm80,other,,10,0,0,no,1.0,1.0,1.0,void Kokkos::Impl::cuda_parallel_launch_local_memory<Kokkos::Impl::ParallelFor<K...
a100,sm80,other,,10,0,0,no,1.0,1.0,1.0,void Kokkos::Impl::cuda_parallel_launch_local_memory<Kokkos::Impl::ParallelFor<K...
a100,sm80,other,,10,0,0,no,1.0,1.0,1.0,void Kokkos::Impl::cuda_parallel_launch_local_memory<Kokkos::Impl::ParallelFor<K...
a100,sm80,other,,10,0,0,no,1.0,1.0,1.0,void Kokkos::Impl::cuda_parallel_launch_local_memory<Kokkos::Impl::ParallelFor<K...
a100,sm80,other,,10,0,0,no,1.0,1.0,1.0,void Kokkos::Impl::cuda_parallel_launch_local_memory<Kokkos::Impl::ParallelFor<K...
a100,sm80,other,,10,0,0,no,1.0,1.0,1.0,void Kokkos::Impl::cuda_parallel_launch_local_memory<Kokkos::Impl::ParallelFor<K...
a100,sm80,other,,10,0,0,no,1.0,1.0,1.0,void Kokkos::Impl::cuda_parallel_launch_local_memory<Kokkos::Impl::ParallelFor<K...
a100,sm80,other,,10,0,0,no,1.0,1.0,1.0,void Kokkos::Impl::cuda_parallel_launch_local_memory<Kokkos::Impl::ParallelFor<K...
a100,sm80,other,,10,0,0,no,1.0,1.0,1.0,void Kokkos::Impl::cuda_parallel_launch_local_memory<Kokkos::Impl::ParallelFor<K...
a100,sm80,other,,10,0,0,no,1.0,1.0,1.0,void Kokkos::Impl::cuda_parallel_launch_local_memory<Kokkos::Impl::ParallelFor<K...
a100,sm80,other,,10,0,0,no,1.0,1.0,1.0,void Kokkos::Impl::cuda_parallel_launch_local_memory<Kokkos::Impl::ParallelFor<K...
a100,sm80,other,,10,0,0,no,1.0,1.0,1.0,void Kokkos::Impl::cuda_parallel_launch_local_memory<Kokkos::Impl::ParallelFor<K...
a100,sm80,other,,10,0,0,no,1.0,1.0,1.0,void Kokkos::Impl::cuda_parallel_launch_local_memory<Kokkos::Impl::ParallelFor<K...
a100,sm80,other,,10,0,0,no,1.0,1.0,1.0,void Kokkos::Impl::cuda_parallel_launch_local_memory<Kokkos::Impl::ParallelFor<K...
a100,sm80,other,,10,0,0,no,1.0,1.0,1.0,void Kokkos::Impl::cuda_parallel_launch_local_memory<Kokkos::Impl::ParallelFor<K...
a100,sm80,other,,10,0,0,no,1.0,1.0,1.0,void Kokkos::Impl::cuda_parallel_launch_local_memory<Kokkos::Impl::ParallelFor<K...
a100,sm80,other,,10,0,0,no,1.0,1.0,1.0,void Kokkos::Impl::cuda_parallel_launch_local_memory<Kokkos::Impl::ParallelFor<K...
a100,sm80,other,,10,0,0,no,1.0,1.0,1.0,void Kokkos::Impl::cuda_parallel_launch_local_memory<Kokkos::Impl::ParallelFor<K...
a100,sm80,other,,10,0,0,no,1.0,1.0,1.0,void Kokkos::Impl::cuda_parallel_launch_local_memory<Kokkos::Impl::ParallelFor<K...
a100,sm80,other,,10,0,0,no,1.0,1.0,1.0,void Kokkos::Impl::cuda_parallel_launch_local_memory<Kokkos::Impl::ParallelFor<K...
a100,sm80,other,,10,0,0,no,1.0,1.0,1.0,void Kokkos::Impl::cuda_parallel_launch_local_memory<Kokkos::Impl::ParallelFor<K...
a100,sm80,other,,10,0,0,no,1.0,1.0,1.0,void Kokkos::Impl::cuda_parallel_launch_local_memory<Kokkos::Impl::ParallelFor<K...
a100,sm80,other,,10,0,0,no,1.0,1.0,1.0,void Kokkos::Impl::cuda_parallel_launch_local_memory<Kokkos::Impl::ParallelFor<K...
a100,sm80,other,,10,0,0,no,1.0,1.0,1.0,void Kokkos::Impl::cuda_parallel_launch_local_memory<Kokkos::Impl::ParallelFor<K...
a100,sm80,other,,10,0,0,no,1.0,1.0,1.0,void Kokkos::Impl::cuda_parallel_launch_local_memory<Kokkos::Impl::ParallelFor<K...
a100,sm80,other,,10,0,0,no,1.0,1.0,1.0,void Kokkos::Impl::cuda_parallel_launch_local_memory<Kokkos::Impl::ParallelFor<K...
a100,sm80,other,,10,0,0,no,1.0,1.0,1.0,void Kokkos::Impl::cuda_parallel_launch_local_memory<Kokkos::Impl::ParallelFor<K...
a100,sm80,other,,10,0,0,no,1.0,1.0,1.0,void Kokkos::Impl::cuda_parallel_launch_local_memory<Kokkos::Impl::ParallelFor<K...
a100,sm80,other,,10,0,0,no,1.0,1.0,1.0,void Kokkos::Impl::cuda_parallel_launch_local_memory<Kokkos::Impl::ParallelFor<K...
a100,sm80,other,,10,0,0,no,1.0,1.0,1.0,void Kokkos::Impl::cuda_parallel_launch_local_memory<Kokkos::Impl::ParallelFor<K...
a100,sm80,other,,10,0,0,no,1.0,1.0,1.0,void Kokkos::Impl::cuda_parallel_launch_local_memory<Kokkos::Impl::ParallelFor<K...
a100,sm80,other,,10,0,0,no,1.0,1.0,1.0,void Kokkos::Impl::cuda_parallel_launch_local_memory<Kokkos::Impl::ParallelFor<K...
a100,sm80,other,,10,0,0,no,1.0,1.0,1.0,void Kokkos::Impl::cuda_parallel_launch_local_memory<Kokkos::Impl::ParallelFor<K...
a100,sm80,other,,10,0,0,no,1.0,1.0,1.0,void Kokkos::Impl::cuda_parallel_launch_local_memory<Kokkos::Impl::ParallelFor<K...
a100,sm80,other,,10,0,0,no,1.0,1.0,1.0,void Kokkos::Impl::cuda_parallel_launch_local_memory<Kokkos::Impl::ParallelFor<K...
a100,sm80,other,,10,0,0,no,1.0,1.0,1.0,void Kokkos::Impl::cuda_parallel_launch_local_memory<Kokkos::Impl::ParallelFor<K...
a100,sm80,other,,10,0,0,no,1.0,1.0,1.0,void Kokkos::Impl::cuda_parallel_launch_local_memory<Kokkos::Impl::ParallelFor<K...
a100,sm80,other,,10,0,0,no,1.0,1.0,1.0,void Kokkos::Impl::cuda_parallel_launch_local_memory<Kokkos::Impl::ParallelFor<K...
a100,sm80,other,,10,0,0,no,1.0,1.0,1.0,void Kokkos::Impl::cuda_parallel_launch_local_memory<Kokkos::Impl::ParallelFor<K...
a100,sm80,other,,10,0,0,no,1.0,1.0,1.0,void Kokkos::Impl::cuda_parallel_launch_local_memory<Kokkos::Impl::ParallelFor<K...
a100,sm80,other,,10,0,0,no,1.0,1.0,1.0,void Kokkos::Impl::cuda_parallel_launch_local_memory<Kokkos::Impl::ParallelFor<K...
a100,sm80,other,,10,0,0,no,1.0,1.0,1.0,void Kokkos::Impl::cuda_parallel_launch_local_memory<Kokkos::Impl::ParallelFor<K...
a100,sm80,other,,10,0,0,no,1.0,1.0,1.0,void Kokkos::Impl::cuda_parallel_launch_local_memory<Kokkos::Impl::ParallelFor<K...
a100,sm80,other,,10,0,0,no,1.0,1.0,1.0,void Kokkos::Impl::cuda_parallel_launch_local_memory<Kokkos::Impl::ParallelFor<K...
a100,sm80,other,,10,0,0,no,1.0,1.0,1.0,void Kokkos::Impl::cuda_parallel_launch_local_memory<Kokkos::Impl::ParallelFor<K...
a100,sm80,other,,10,0,0,no,1.0,1.0,1.0,void Kokkos::Impl::cuda_parallel_launch_local_memory<Kokkos::Impl::ParallelFor<K...
a100,sm80,other,,10,0,0,no,1.0,1.0,1.0,void Kokkos::Impl::cuda_parallel_launch_local_memory<Kokkos::Impl::ParallelFor<K...
a100,sm80,other,,10,0,0,no,1.0,1.0,1.0,void Kokkos::Impl::cuda_parallel_launch_local_memory<Kokkos::Impl::ParallelFor<K...
a100,sm80,other,,10,0,0,no,1.0,1.0,1.0,void Kokkos::Impl::cuda_parallel_launch_local_memory<Kokkos::Impl::ParallelFor<K...
a100,sm80,other,,10,0,0,no,1.0,1.0,1.0,void Kokkos::Impl::cuda_parallel_launch_local_memory<Kokkos::Impl::ParallelFor<K...
a100,sm80,other,,10,0,0,no,1.0,1.0,1.0,void Kokkos::Impl::cuda_parallel_launch_local_memory<Kokkos::Impl::ParallelFor<K...
a100,sm80,other,,10,0,0,no,1.0,1.0,1.0,void Kokkos::Impl::cuda_parallel_launch_local_memory<Kokkos::Impl::ParallelFor<K...
a100,sm80,other,,10,0,0,no,1.0,1.0,1.0,void Kokkos::Impl::cuda_parallel_launch_local_memory<Kokkos::Impl::ParallelFor<K...
a100,sm80,other,,10,0,0,no,1.0,1.0,1.0,void Kokkos::Impl::cuda_parallel_launch_local_memory<Kokkos::Impl::ParallelFor<K...
a100,sm80,other,,10,0,0,no,1.0,1.0,1.0,void Kokkos::Impl::cuda_parallel_launch_local_memory<Kokkos::Impl::ParallelFor<K...
a100,sm80,other,,10,0,0,no,1.0,1.0,1.0,void Kokkos::Impl::cuda_parallel_launch_local_memory<Kokkos::Impl::ParallelFor<K...
a100,sm80,other,,10,0,0,no,1.0,1.0,1.0,void Kokkos::Impl::cuda_parallel_launch_local_memory<Kokkos::Impl::ParallelFor<K...
a100,sm80,other,,10,0,0,no,1.0,1.0,1.0,void Kokkos::Impl::cuda_parallel_launch_local_memory<Kokkos::Impl::ParallelFor<K...
a100,sm80,other,,10,0,0,no,1.0,1.0,1.0,void Kokkos::Impl::cuda_parallel_launch_local_memory<Kokkos::Impl::ParallelFor<K...
a100,sm80,other,,10,0,0,no,1.0,1.0,1.0,void Kokkos::Impl::cuda_parallel_launch_local_memory<Kokkos::Impl::ParallelFor<K...
a100,sm80,other,,10,0,0,no,1.0,1.0,1.0,void Kokkos::Impl::cuda_parallel_launch_local_memory<Kokkos::Impl::ParallelFor<K...
a100,sm80,other,,10,0,0,no,1.0,1.0,1.0,void Kokkos::Impl::cuda_parallel_launch_local_memory<Kokkos::Impl::ParallelFor<K...
a100,sm80,other,,10,0,0,no,1.0,1.0,1.0,void Kokkos::Impl::cuda_parallel_launch_local_memory<Kokkos::Impl::ParallelFor<K...
a100,sm80,other,,10,0,0,no,1.0,1.0,1.0,void Kokkos::Impl::cuda_parallel_launch_local_memory<Kokkos::Impl::ParallelFor<K...
a100,sm80,other,,10,0,0,no,1.0,1.0,1.0,void Kokkos::Impl::cuda_parallel_launch_local_memory<Kokkos::Impl::ParallelFor<K...
a100,sm80,other,,10,0,0,no,1.0,1.0,1.0,void Kokkos::Impl::cuda_parallel_launch_local_memory<Kokkos::Impl::ParallelFor<K...
a100,sm80,other,,10,0,0,no,1.0,1.0,1.0,void Kokkos::Impl::cuda_parallel_launch_local_memory<Kokkos::Impl::ParallelFor<K...
a100,sm80,other,,10,0,0,no,1.0,1.0,1.0,void Kokkos::Impl::cuda_parallel_launch_local_memory<Kokkos::Impl::ParallelFor<K...
a100,sm80,other,,10,0,0,no,1.0,1.0,1.0,void Kokkos::Impl::cuda_parallel_launch_local_memory<Kokkos::Impl::ParallelFor<K...
a100,sm80,other,,10,0,0,no,1.0,1.0,1.0,void Kokkos::Impl::cuda_parallel_launch_local_memory<Kokkos::Impl::ParallelFor<K...
a100,sm80,other,,10,0,0,no,1.0,1.0,1.0,void Kokkos::Impl::cuda_parallel_launch_local_memory<Kokkos::Impl::ParallelFor<K...
a100,sm80,other,,10,0,0,no,1.0,1.0,1.0,void Kokkos::Impl::cuda_parallel_launch_local_memory<Kokkos::Impl::ParallelFor<K...
a100,sm80,other,,10,0,0,no,1.0,1.0,1.0,void Kokkos::Impl::cuda_parallel_launch_local_memory<Kokkos::Impl::ParallelFor<K...
a100,sm80,other,,10,0,0,no,1.0,1.0,1.0,void Kokkos::Impl::cuda_parallel_launch_local_memory<Kokkos::Impl::ParallelFor<K...
a100,sm80,other,,10,0,0,no,1.0,1.0,1.0,void Kokkos::Impl::cuda_parallel_launch_local_memory<Kokkos::Impl::ParallelFor<K...
a100,sm80,other,,10,0,0,no,1.0,1.0,1.0,void Kokkos::Impl::cuda_parallel_launch_local_memory<Kokkos::Impl::ParallelFor<K...
a100,sm80,other,,10,0,0,no,1.0,1.0,1.0,void Kokkos::Impl::cuda_parallel_launch_local_memory<Kokkos::Impl::ParallelFor<K...
a100,sm80,other,,10,0,0,no,1.0,1.0,1.0,void Kokkos::Impl::cuda_parallel_launch_local_memory<Kokkos::Impl::ParallelFor<K...
a100,sm80,other,,10,0,0,no,1.0,1.0,1.0,void Kokkos::Impl::cuda_parallel_launch_local_memory<Kokkos::Impl::ParallelFor<K...
a100,sm80,other,,10,0,0,no,1.0,1.0,1.0,void Kokkos::Impl::cuda_parallel_launch_local_memory<Kokkos::Impl::ParallelFor<K...
a100,sm80,other,,10,0,0,no,1.0,1.0,1.0,void Kokkos::Impl::cuda_parallel_launch_local_memory<Kokkos::Impl::ParallelFor<K...
a100,sm80,other,,10,0,0,no,1.0,1.0,1.0,void Kokkos::Impl::cuda_parallel_launch_local_memory<Kokkos::Impl::ParallelFor<K...
a100,sm80,other,,10,0,0,no,1.0,1.0,1.0,void Kokkos::Impl::cuda_parallel_launch_local_memory<Kokkos::Impl::ParallelFor<K...
a100,sm80,other,,10,0,0,no,1.0,1.0,1.0,void Kokkos::Impl::cuda_parallel_launch_local_memory<Kokkos::Impl::ParallelFor<K...
a100,sm80,other,,10,0,0,no,1.0,1.0,1.0,void Kokkos::Impl::cuda_parallel_launch_local_memory<Kokkos::Impl::ParallelFor<K...
a100,sm80,other,,10,0,0,no,1.0,1.0,1.0,void Kokkos::Impl::cuda_parallel_launch_local_memory<Kokkos::Impl::ParallelFor<K...
a100,sm80,other,,10,0,0,no,1.0,1.0,1.0,void Kokkos::Impl::cuda_parallel_launch_local_memory<Kokkos::Impl::ParallelFor<K...
a100,sm80,other,,10,0,0,no,1.0,1.0,1.0,void Kokkos::Impl::cuda_parallel_launch_local_memory<Kokkos::Impl::ParallelFor<K...
a100,sm80,other,,10,0,0,no,1.0,1.0,1.0,void Kokkos::Impl::cuda_parallel_launch_local_memory<Kokkos::Impl::ParallelFor<K...
a100,sm80,other,,10,0,0,no,1.0,1.0,1.0,void Kokkos::Impl::cuda_parallel_launch_local_memory<Kokkos::Impl::ParallelFor<K...
a100,sm80,other,,10,0,0,no,1.0,1.0,1.0,void Kokkos::Impl::cuda_parallel_launch_local_memory<Kokkos::Impl::ParallelFor<K...
a100,sm80,other,,10,0,0,no,1.0,1.0,1.0,void Kokkos::Impl::cuda_parallel_launch_local_memory<Kokkos::Impl::ParallelFor<K...
a100,sm80,other,,10,0,0,no,1.0,1.0,1.0,void Kokkos::Impl::cuda_parallel_launch_local_memory<Kokkos::Impl::ParallelFor<K...
a100,sm80,other,,10,0,0,no,1.0,1.0,1.0,void Kokkos::Impl::cuda_parallel_launch_local_memory<Kokkos::Impl::ParallelFor<K...
a100,sm80,other,,10,0,0,no,1.0,1.0,1.0,void Kokkos::Impl::cuda_parallel_launch_local_memory<Kokkos::Impl::ParallelFor<K...
a100,sm80,other,,10,0,0,no,1.0,1.0,1.0,void Kokkos::Impl::cuda_parallel_launch_local_memory<Kokkos::Impl::ParallelFor<K...
a100,sm80,other,,10,0,0,no,1.0,1.0,1.0,void Kokkos::Impl::cuda_parallel_launch_local_memory<Kokkos::Impl::ParallelFor<K...
a100,sm80,other,,10,0,0,no,1.0,1.0,1.0,void Kokkos::Impl::cuda_parallel_launch_local_memory<Kokkos::Impl::ParallelFor<K...
a100,sm80,other,,10,0,0,no,1.0,1.0,1.0,void Kokkos::Impl::cuda_parallel_launch_local_memory<Kokkos::Impl::ParallelFor<K...
a100,sm80,other,,10,0,0,no,1.0,1.0,1.0,void Kokkos::Impl::cuda_parallel_launch_local_memory<Kokkos::Impl::ParallelFor<K...
a100,sm80,other,,10,0,0,no,1.0,1.0,1.0,void Kokkos::Impl::cuda_parallel_launch_local_memory<Kokkos::Impl::ParallelFor<K...
a100,sm80,other,,10,0,0,no,1.0,1.0,1.0,void Kokkos::Impl::cuda_parallel_launch_local_memory<Kokkos::Impl::ParallelFor<K...
a100,sm80,other,,10,0,0,no,1.0,1.0,1.0,void Kokkos::Impl::cuda_parallel_launch_local_memory<Kokkos::Impl::ParallelFor<K...
a100,sm80,other,,10,0,0,no,1.0,1.0,1.0,void Kokkos::Impl::cuda_parallel_launch_local_memory<Kokkos::Impl::ParallelFor<K...
a100,sm80,other,,10,0,0,no,1.0,1.0,1.0,void Kokkos::Impl::cuda_parallel_launch_local_memory<Kokkos::Impl::ParallelFor<K...
a100,sm80,other,,10,0,0,no,1.0,1.0,1.0,void Kokkos::Impl::cuda_parallel_launch_local_memory<Kokkos::Impl::ParallelFor<K...
a100,sm80,other,,10,0,0,no,1.0,1.0,1.0,void Kokkos::Impl::cuda_parallel_launch_local_memory<Kokkos::Impl::ParallelFor<K...
a100,sm80,other,,10,0,0,no,1.0,1.0,1.0,void Kokkos::Impl::cuda_parallel_launch_local_memory<Kokkos::Impl::ParallelFor<K...
a100,sm80,other,,10,0,0,no,1.0,1.0,1.0,void Kokkos::Impl::cuda_parallel_launch_local_memory<Kokkos::Impl::ParallelFor<K...
a100,sm80,other,,10,0,0,no,1.0,1.0,1.0,void Kokkos::Impl::cuda_parallel_launch_local_memory<Kokkos::Impl::ParallelFor<K...
a100,sm80,other,,10,0,0,no,1.0,1.0,1.0,void Kokkos::Impl::cuda_parallel_launch_local_memory<Kokkos::Impl::ParallelFor<K...
a100,sm80,other,,10,0,0,no,1.0,1.0,1.0,void Kokkos::Impl::cuda_parallel_launch_local_memory<Kokkos::Impl::ParallelFor<K...
a100,sm80,other,,10,0,0,no,1.0,1.0,1.0,void Kokkos::Impl::cuda_parallel_launch_local_memory<Kokkos::Impl::ParallelFor<K...
a100,sm80,other,,10,0,0,no,1.0,1.0,1.0,void Kokkos::Impl::cuda_parallel_launch_local_memory<Kokkos::Impl::ParallelFor<K...
a100,sm80,other,,10,0,0,no,1.0,1.0,1.0,void Kokkos::Impl::cuda_parallel_launch_local_memory<Kokkos::Impl::ParallelFor<K...
a100,sm80,other,,10,0,0,no,1.0,1.0,1.0,void Kokkos::Impl::cuda_parallel_launch_local_memory<Kokkos::Impl::ParallelFor<K...
a100,sm80,other,,10,0,0,no,1.0,1.0,1.0,void Kokkos::Impl::cuda_parallel_launch_local_memory<Kokkos::Impl::ParallelFor<K...
a100,sm80,other,,10,0,0,no,1.0,1.0,1.0,void Kokkos::Impl::cuda_parallel_launch_local_memory<Kokkos::Impl::ParallelFor<K...
a100,sm80,other,,10,0,0,no,1.0,1.0,1.0,void Kokkos::Impl::cuda_parallel_launch_local_memory<Kokkos::Impl::ParallelFor<K...
a100,sm80,other,,10,0,0,no,1.0,1.0,1.0,void Kokkos::Impl::cuda_parallel_launch_local_memory<Kokkos::Impl::ParallelFor<K...
a100,sm80,other,,10,0,0,no,1.0,1.0,1.0,void Kokkos::Impl::cuda_parallel_launch_local_memory<Kokkos::Impl::ParallelFor<K...
a100,sm80,other,,10,0,0,no,1.0,1.0,1.0,void Kokkos::Impl::cuda_parallel_launch_local_memory<Kokkos::Impl::ParallelFor<K...
a100,sm80,other,,10,0,0,no,1.0,1.0,1.0,void Kokkos::Impl::cuda_parallel_launch_local_memory<Kokkos::Impl::ParallelFor<K...
a100,sm80,other,,10,0,0,no,1.0,1.0,1.0,void Kokkos::Impl::cuda_parallel_launch_local_memory<Kokkos::Impl::ParallelFor<K...
a100,sm80,other,,10,0,0,no,1.0,1.0,1.0,void Kokkos::Impl::cuda_parallel_launch_local_memory<Kokkos::Impl::ParallelFor<K...
a100,sm80,other,,10,0,0,no,1.0,1.0,1.0,void Kokkos::Impl::cuda_parallel_launch_local_memory<Kokkos::Impl::ParallelFor<K...
a100,sm80,other,,10,0,0,no,1.0,1.0,1.0,void Kokkos::Impl::cuda_parallel_launch_local_memory<Kokkos::Impl::ParallelFor<K...
a100,sm80,other,,10,0,0,no,1.0,1.0,1.0,void Kokkos::Impl::cuda_parallel_launch_local_memory<Kokkos::Impl::ParallelFor<K...
a100,sm80,other,,10,0,0,no,1.0,1.0,1.0,void Kokkos::Impl::cuda_parallel_launch_local_memory<Kokkos::Impl::ParallelFor<K...
a100,sm80,other,,10,0,0,no,1.0,1.0,1.0,void Kokkos::Impl::cuda_parallel_launch_local_memory<Kokkos::Impl::ParallelFor<K...
a100,sm80,other,,10,0,0,no,1.0,1.0,1.0,void Kokkos::Impl::cuda_parallel_launch_local_memory<Kokkos::Impl::ParallelFor<K...
a100,sm80,other,,10,0,0,no,1.0,1.0,1.0,void Kokkos::Impl::cuda_parallel_launch_local_memory<Kokkos::Impl::ParallelFor<K...
a100,sm80,other,,10,0,0,no,1.0,1.0,1.0,void Kokkos::Impl::cuda_parallel_launch_local_memory<Kokkos::Impl::ParallelFor<K...
a100,sm80,other,,10,0,0,no,1.0,1.0,1.0,void Kokkos::Impl::cuda_parallel_launch_local_memory<Kokkos::Impl::ParallelFor<K...
a100,sm80,other,,10,0,0,no,1.0,1.0,1.0,void Kokkos::Impl::cuda_parallel_launch_local_memory<Kokkos::Impl::ParallelFor<K...
a100,sm80,other,,10,0,0,no,1.0,1.0,1.0,void Kokkos::Impl::cuda_parallel_launch_local_memory<Kokkos::Impl::ParallelFor<K...
a100,sm80,other,,10,0,0,no,1.0,1.0,1.0,void Kokkos::Impl::cuda_parallel_launch_local_memory<Kokkos::Impl::ParallelFor<K...
a100,sm80,other,,10,0,0,no,1.0,1.0,1.0,void Kokkos::Impl::cuda_parallel_launch_local_memory<Kokkos::Impl::ParallelFor<K...
a100,sm80,other,,10,0,0,no,1.0,1.0,1.0,void Kokkos::Impl::cuda_parallel_launch_local_memory<Kokkos::Impl::ParallelFor<K...
a100,sm80,other,,10,0,0,no,1.0,1.0,1.0,void Kokkos::Impl::cuda_parallel_launch_local_memory<Kokkos::Impl::ParallelFor<K...
a100,sm80,other,,10,0,0,no,1.0,1.0,1.0,void Kokkos::Impl::cuda_parallel_launch_local_memory<Kokkos::Impl::ParallelFor<K...
a100,sm80,other,,10,0,0,no,1.0,1.0,1.0,void Kokkos::Impl::cuda_parallel_launch_local_memory<Kokkos::Impl::ParallelFor<K...
a100,sm80,other,,8,0,0,no,1.0,1.0,1.0,void Kokkos::Impl::cuda_parallel_launch_local_memory<Kokkos::Impl::ParallelFor<K...
a100,sm80,other,,8,0,0,no,1.0,1.0,1.0,void Kokkos::Impl::cuda_parallel_launch_local_memory<Kokkos::Impl::ParallelFor<K...
a100,sm80,other,,8,0,0,no,1.0,1.0,1.0,void Kokkos::Impl::cuda_parallel_launch_local_memory<Kokkos::Impl::ParallelFor<K...
a100,sm80,other,,8,0,0,no,1.0,1.0,1.0,void Kokkos::Impl::cuda_parallel_launch_local_memory<Kokkos::Impl::ParallelFor<K...
a100,sm80,other,,8,0,0,no,1.0,1.0,1.0,void Kokkos::Impl::cuda_parallel_launch_local_memory<Kokkos::Impl::ParallelFor<K...
a100,sm80,other,,8,0,0,no,1.0,1.0,1.0,void Kokkos::Impl::cuda_parallel_launch_local_memory<Kokkos::Impl::ParallelFor<K...
a100,sm80,other,,8,0,0,no,1.0,1.0,1.0,void Kokkos::Impl::cuda_parallel_launch_local_memory<Kokkos::Impl::ParallelFor<K...
a100,sm80,other,,8,0,0,no,1.0,1.0,1.0,void Kokkos::Impl::cuda_parallel_launch_local_memory<Kokkos::Impl::ParallelFor<K...
a100,sm80,other,,8,0,0,no,1.0,1.0,1.0,Kokkos::Impl::(anonymous namespace)::query_cuda_kernel_arch(int*)
a100,sm80,other,,8,0,0,no,1.0,1.0,1.0,desul::(anonymous namespace)::init_lock_arrays_cuda_kernel()
a100,sm80,other,,4,0,0,no,1.0,1.0,1.0,void Kokkos::Impl::cuda_parallel_launch_local_memory<Kokkos::Impl::ParallelFor<K...
a100,sm80,other,,4,0,0,no,1.0,1.0,1.0,void Kokkos::Impl::cuda_parallel_launch_local_memory<Kokkos::Impl::ParallelFor<K...
a100,sm80,other,,4,0,0,no,1.0,1.0,1.0,void Kokkos::Impl::cuda_parallel_launch_local_memory<Kokkos::Impl::ParallelFor<K...
a100,sm80,other,,4,0,0,no,1.0,1.0,1.0,void Kokkos::Impl::cuda_parallel_launch_local_memory<Kokkos::Impl::ParallelFor<K...
a100,sm80,other,,4,0,0,no,1.0,1.0,1.0,void Kokkos::Impl::cuda_parallel_launch_local_memory<Kokkos::Impl::ParallelFor<K...
a100,sm80,other,,4,0,0,no,1.0,1.0,1.0,void Kokkos::Impl::cuda_parallel_launch_local_memory<Kokkos::Impl::ParallelFor<K...
a100,sm80,other,,4,0,0,no,1.0,1.0,1.0,void Kokkos::Impl::cuda_parallel_launch_local_memory<Kokkos::Impl::ParallelFor<K...
a100,sm80,other,,4,0,0,no,1.0,1.0,1.0,void Kokkos::Impl::cuda_parallel_launch_local_memory<Kokkos::Impl::ParallelFor<K...
a100,sm80,other,,4,0,0,no,1.0,1.0,1.0,void Kokkos::Impl::cuda_parallel_launch_local_memory<Kokkos::Impl::ParallelFor<K...
a100,sm80,other,,4,0,0,no,1.0,1.0,1.0,void Kokkos::Impl::cuda_parallel_launch_local_memory<Kokkos::Impl::ParallelFor<K...
a100,sm80,other,,4,0,0,no,1.0,1.0,1.0,void Kokkos::Impl::cuda_parallel_launch_local_memory<Kokkos::Impl::ParallelFor<K...
a100,sm80,other,,4,0,0,no,1.0,1.0,1.0,void Kokkos::Impl::cuda_parallel_launch_local_memory<Kokkos::Impl::ParallelFor<K...
a100,sm80,other,,4,0,0,no,1.0,1.0,1.0,void Kokkos::Impl::cuda_parallel_launch_local_memory<Kokkos::Impl::ParallelFor<K...
a100,sm80,other,,4,0,0,no,1.0,1.0,1.0,void Kokkos::Impl::cuda_parallel_launch_local_memory<Kokkos::Impl::ParallelFor<K...
a100,sm80,other,,4,0,0,no,1.0,1.0,1.0,void Kokkos::Impl::cuda_parallel_launch_local_memory<Kokkos::Impl::ParallelFor<K...
a100,sm80,other,,4,0,0,no,1.0,1.0,1.0,void Kokkos::Impl::cuda_parallel_launch_local_memory<Kokkos::Impl::ParallelFor<K...
a100,sm80,other,,4,0,0,no,1.0,1.0,1.0,void cub::CUB_200302_800_NS::EmptyKernel<void>()
a100,sm80,other,,4,0,0,no,1.0,1.0,1.0,void Kokkos::Impl::cuda_parallel_launch_local_memory<Kokkos::Impl::ParallelFor<K...
a100,sm80,other,,4,0,0,no,1.0,1.0,1.0,void Kokkos::Impl::cuda_parallel_launch_local_memory<Kokkos::Impl::ParallelFor<K...
a100,sm80,other,,4,0,0,no,1.0,1.0,1.0,void Kokkos::Impl::cuda_parallel_launch_local_memory<Kokkos::Impl::ParallelFor<K...
a100,sm80,other,,4,0,0,no,1.0,1.0,1.0,void Kokkos::Impl::cuda_parallel_launch_local_memory<Kokkos::Impl::ParallelFor<K...
a100,sm80,other,,4,0,0,no,1.0,1.0,1.0,void Kokkos::Impl::cuda_parallel_launch_local_memory<Kokkos::Impl::ParallelFor<K...
a100,sm80,other,,4,0,0,no,1.0,1.0,1.0,void Kokkos::Impl::cuda_parallel_launch_local_memory<Kokkos::Impl::ParallelFor<K...
a100,sm80,other,,4,0,0,no,1.0,1.0,1.0,void Kokkos::Impl::cuda_parallel_launch_local_memory<Kokkos::Impl::ParallelFor<K...
a100,sm80,other,,4,0,0,no,1.0,1.0,1.0,void Kokkos::Impl::cuda_parallel_launch_local_memory<Kokkos::Impl::ParallelFor<K...
a100,sm80,other,,4,0,0,no,1.0,1.0,1.0,void Kokkos::Impl::cuda_parallel_launch_local_memory<Kokkos::Impl::ParallelFor<K...
a100,sm80,other,,4,0,0,no,1.0,1.0,1.0,void Kokkos::Impl::cuda_parallel_launch_local_memory<Kokkos::Impl::ParallelFor<K...
a100,sm80,other,,4,0,0,no,1.0,1.0,1.0,void Kokkos::Impl::cuda_parallel_launch_local_memory<Kokkos::Impl::ParallelFor<K...
a100,sm80,other,,4,0,0,no,1.0,1.0,1.0,void Kokkos::Impl::cuda_parallel_launch_local_memory<Kokkos::Impl::ParallelFor<K...
a100,sm80,other,,4,0,0,no,1.0,1.0,1.0,void Kokkos::Impl::cuda_parallel_launch_local_memory<Kokkos::Impl::ParallelFor<K...
a100,sm80,other,,4,0,0,no,1.0,1.0,1.0,void Kokkos::Impl::cuda_parallel_launch_local_memory<Kokkos::Impl::ParallelFor<K...
a100,sm80,other,,4,0,0,no,1.0,1.0,1.0,void Kokkos::Impl::cuda_parallel_launch_local_memory<Kokkos::Impl::ParallelFor<K...
a100,sm80,other,,4,0,0,no,1.0,1.0,1.0,void Kokkos::Impl::cuda_parallel_launch_local_memory<Kokkos::Impl::ParallelFor<K...
a100,sm80,other,,4,0,0,no,1.0,1.0,1.0,void Kokkos::Impl::cuda_parallel_launch_local_memory<Kokkos::Impl::ParallelFor<K...
a100,sm80,other,,4,0,0,no,1.0,1.0,1.0,void Kokkos::Impl::cuda_parallel_launch_local_memory<Kokkos::Impl::ParallelFor<K...
a100,sm80,other,,4,0,0,no,1.0,1.0,1.0,void Kokkos::Impl::cuda_parallel_launch_local_memory<Kokkos::Impl::ParallelFor<K...
a100,sm80,other,,4,0,0,no,1.0,1.0,1.0,void Kokkos::Impl::cuda_parallel_launch_local_memory<Kokkos::Impl::ParallelFor<K...
a100,sm80,other,,4,0,0,no,1.0,1.0,1.0,void Kokkos::Impl::cuda_parallel_launch_local_memory<Kokkos::Impl::ParallelFor<K...
a100,sm80,other,,4,0,0,no,1.0,1.0,1.0,void Kokkos::Impl::cuda_parallel_launch_local_memory<Kokkos::Impl::ParallelFor<K...
a100,sm80,other,,4,0,0,no,1.0,1.0,1.0,void Kokkos::Impl::cuda_parallel_launch_local_memory<Kokkos::Impl::ParallelFor<K...
a100,sm80,other,,4,0,0,no,1.0,1.0,1.0,void Kokkos::Impl::cuda_parallel_launch_local_memory<Kokkos::Impl::ParallelFor<K...
a100,sm80,other,,4,0,0,no,1.0,1.0,1.0,void Kokkos::Impl::cuda_parallel_launch_local_memory<Kokkos::Impl::ParallelFor<K...
a100,sm80,other,,4,0,0,no,1.0,1.0,1.0,void Kokkos::Impl::cuda_parallel_launch_local_memory<Kokkos::Impl::ParallelFor<K...
a100,sm80,other,,4,0,0,no,1.0,1.0,1.0,void Kokkos::Impl::cuda_parallel_launch_local_memory<Kokkos::Impl::ParallelFor<K...
a100,sm80,other,,4,0,0,no,1.0,1.0,1.0,void Kokkos::Impl::cuda_parallel_launch_local_memory<Kokkos::Impl::ParallelFor<K...
a100,sm80,other,,4,0,0,no,1.0,1.0,1.0,void Kokkos::Impl::cuda_parallel_launch_local_memory<Kokkos::Impl::ParallelFor<K...
a100,sm80,other,,4,0,0,no,1.0,1.0,1.0,void Kokkos::Impl::cuda_parallel_launch_local_memory<Kokkos::Impl::ParallelFor<K...
a100,sm80,other,,4,0,0,no,1.0,1.0,1.0,void Kokkos::Impl::cuda_parallel_launch_local_memory<Kokkos::Impl::ParallelFor<K...
a100,sm80,other,,4,0,0,no,1.0,1.0,1.0,void Kokkos::Impl::cuda_parallel_launch_local_memory<Kokkos::Impl::ParallelFor<K...
a100,sm80,other,,4,0,0,no,1.0,1.0,1.0,void Kokkos::Impl::cuda_parallel_launch_local_memory<Kokkos::Impl::ParallelFor<K...
a100,sm80,other,,4,0,0,no,1.0,1.0,1.0,void Kokkos::Impl::cuda_parallel_launch_local_memory<Kokkos::Impl::ParallelFor<K...
a100,sm80,other,,4,0,0,no,1.0,1.0,1.0,void Kokkos::Impl::cuda_parallel_launch_local_memory<Kokkos::Impl::ParallelFor<K...
a100,sm80,other,,4,0,0,no,1.0,1.0,1.0,void Kokkos::Impl::cuda_parallel_launch_local_memory<Kokkos::Impl::ParallelFor<K...
a100,sm80,other,,4,0,0,no,1.0,1.0,1.0,void Kokkos::Impl::cuda_parallel_launch_local_memory<Kokkos::Impl::ParallelFor<K...
a100,sm80,other,,4,0,0,no,1.0,1.0,1.0,void Kokkos::Impl::cuda_parallel_launch_local_memory<Kokkos::Impl::ParallelFor<K...
a100,sm80,other,,4,0,0,no,1.0,1.0,1.0,void Kokkos::Impl::cuda_parallel_launch_local_memory<Kokkos::Impl::ParallelFor<K...
a100,sm80,other,,4,0,0,no,1.0,1.0,1.0,void Kokkos::Impl::cuda_parallel_launch_local_memory<Kokkos::Impl::ParallelFor<K...
a100,sm80,other,,4,0,0,no,1.0,1.0,1.0,void Kokkos::Impl::cuda_parallel_launch_local_memory<Kokkos::Impl::ParallelFor<K...
a100,sm80,other,,4,0,0,no,1.0,1.0,1.0,void Kokkos::Impl::cuda_parallel_launch_local_memory<Kokkos::Impl::ParallelFor<K...
a100,sm80,other,,4,0,0,no,1.0,1.0,1.0,void Kokkos::Impl::cuda_parallel_launch_local_memory<Kokkos::Impl::ParallelFor<K...
a100,sm80,other,,4,0,0,no,1.0,1.0,1.0,void Kokkos::Impl::cuda_parallel_launch_local_memory<Kokkos::Impl::ParallelFor<K...
a100,sm80,other,,4,0,0,no,1.0,1.0,1.0,void Kokkos::Impl::cuda_parallel_launch_local_memory<Kokkos::Impl::ParallelFor<K...
a100,sm80,other,,4,0,0,no,1.0,1.0,1.0,void Kokkos::Impl::cuda_parallel_launch_local_memory<Kokkos::Impl::ParallelFor<K...
a100,sm80,other,,4,0,0,no,1.0,1.0,1.0,void Kokkos::Impl::cuda_parallel_launch_local_memory<Kokkos::Impl::ParallelFor<K...
a100,sm80,other,,4,0,0,no,1.0,1.0,1.0,void Kokkos::Impl::cuda_parallel_launch_local_memory<Kokkos::Impl::ParallelFor<K...
a100,sm80,other,,4,0,0,no,1.0,1.0,1.0,void Kokkos::Impl::cuda_parallel_launch_local_memory<Kokkos::Impl::ParallelFor<K...
a100,sm80,other,,4,0,0,no,1.0,1.0,1.0,void Kokkos::Impl::cuda_parallel_launch_local_memory<Kokkos::Impl::ParallelFor<K...
a100,sm80,other,,4,0,0,no,1.0,1.0,1.0,void Kokkos::Impl::cuda_parallel_launch_local_memory<Kokkos::Impl::ParallelFor<K...
a100,sm80,other,,4,0,0,no,1.0,1.0,1.0,void Kokkos::Impl::cuda_parallel_launch_local_memory<Kokkos::Impl::ParallelFor<K...
a100,sm80,other,,4,0,0,no,1.0,1.0,1.0,void Kokkos::Impl::cuda_parallel_launch_local_memory<Kokkos::Impl::ParallelFor<K...
a100,sm80,other,,4,0,0,no,1.0,1.0,1.0,void Kokkos::Impl::cuda_parallel_launch_local_memory<Kokkos::Impl::ParallelFor<K...
a100,sm80,other,,4,0,0,no,1.0,1.0,1.0,void Kokkos::Impl::cuda_parallel_launch_local_memory<Kokkos::Impl::ParallelFor<K...
a100,sm80,other,,4,0,0,no,1.0,1.0,1.0,void Kokkos::Impl::cuda_parallel_launch_local_memory<Kokkos::Impl::ParallelFor<K...
a100,sm80,other,,4,0,0,no,1.0,1.0,1.0,void Kokkos::Impl::cuda_parallel_launch_local_memory<Kokkos::Impl::ParallelFor<K...
a100,sm80,other,,4,0,0,no,1.0,1.0,1.0,void Kokkos::Impl::cuda_parallel_launch_local_memory<Kokkos::Impl::ParallelFor<K...
a100,sm80,other,,4,0,0,no,1.0,1.0,1.0,void Kokkos::Impl::cuda_parallel_launch_local_memory<Kokkos::Impl::ParallelFor<K...
a100,sm80,other,,4,0,0,no,1.0,1.0,1.0,void Kokkos::Impl::cuda_parallel_launch_local_memory<Kokkos::Impl::ParallelFor<K...
a100,sm80,other,,4,0,0,no,1.0,1.0,1.0,void Kokkos::Impl::cuda_parallel_launch_local_memory<Kokkos::Impl::ParallelFor<K...
a100,sm80,other,,4,0,0,no,1.0,1.0,1.0,void Kokkos::Impl::cuda_parallel_launch_local_memory<Kokkos::Impl::ParallelFor<K...
a100,sm80,other,,4,0,0,no,1.0,1.0,1.0,void Kokkos::Impl::cuda_parallel_launch_local_memory<Kokkos::Impl::ParallelFor<K...
a100,sm80,other,,4,0,0,no,1.0,1.0,1.0,void Kokkos::Impl::cuda_parallel_launch_local_memory<Kokkos::Impl::ParallelFor<K...
a100,sm80,other,,4,0,0,no,1.0,1.0,1.0,void Kokkos::Impl::cuda_parallel_launch_local_memory<Kokkos::Impl::ParallelFor<K...
a100,sm80,other,,4,0,0,no,1.0,1.0,1.0,void Kokkos::Impl::cuda_parallel_launch_local_memory<Kokkos::Impl::ParallelFor<K...
a100,sm80,other,,4,0,0,no,1.0,1.0,1.0,void Kokkos::Impl::cuda_parallel_launch_local_memory<Kokkos::Impl::ParallelFor<K...
a100,sm80,other,,4,0,0,no,1.0,1.0,1.0,void Kokkos::Impl::cuda_parallel_launch_local_memory<Kokkos::Impl::ParallelFor<K...
a100,sm80,other,,4,0,0,no,1.0,1.0,1.0,void Kokkos::Impl::cuda_parallel_launch_local_memory<Kokkos::Impl::ParallelFor<K...
a100,sm80,other,,4,0,0,no,1.0,1.0,1.0,void Kokkos::Impl::cuda_parallel_launch_local_memory<Kokkos::Impl::ParallelFor<K...
a100,sm80,other,,4,0,0,no,1.0,1.0,1.0,void Kokkos::Impl::cuda_parallel_launch_local_memory<Kokkos::Impl::ParallelFor<K...
a100,sm80,other,,4,0,0,no,1.0,1.0,1.0,void Kokkos::Impl::cuda_parallel_launch_local_memory<Kokkos::Impl::ParallelFor<K...
a100,sm80,other,,4,0,0,no,1.0,1.0,1.0,void Kokkos::Impl::cuda_parallel_launch_local_memory<Kokkos::Impl::ParallelFor<K...
a100,sm80,other,,4,0,0,no,1.0,1.0,1.0,void Kokkos::Impl::cuda_parallel_launch_local_memory<Kokkos::Impl::ParallelFor<K...
a100,sm80,other,,4,0,0,no,1.0,1.0,1.0,void Kokkos::Impl::cuda_parallel_launch_local_memory<Kokkos::Impl::ParallelFor<K...
a100,sm80,other,,4,0,0,no,1.0,1.0,1.0,void Kokkos::Impl::cuda_parallel_launch_local_memory<Kokkos::Impl::ParallelFor<K...
a100,sm80,other,,4,0,0,no,1.0,1.0,1.0,void Kokkos::Impl::cuda_parallel_launch_local_memory<Kokkos::Impl::ParallelFor<K...
a100,sm80,other,,4,0,0,no,1.0,1.0,1.0,void Kokkos::Impl::cuda_parallel_launch_local_memory<Kokkos::Impl::ParallelFor<K...
a100,sm80,other,,4,0,0,no,1.0,1.0,1.0,void Kokkos::Impl::cuda_parallel_launch_local_memory<Kokkos::Impl::ParallelFor<K...
a100,sm80,other,,4,0,0,no,1.0,1.0,1.0,void Kokkos::Impl::cuda_parallel_launch_local_memory<Kokkos::Impl::ParallelFor<K...
a100,sm80,other,,4,0,0,no,1.0,1.0,1.0,void Kokkos::Impl::cuda_parallel_launch_local_memory<Kokkos::Impl::ParallelFor<K...
a100,sm80,other,,4,0,0,no,1.0,1.0,1.0,void Kokkos::Impl::cuda_parallel_launch_local_memory<Kokkos::Impl::ParallelFor<K...
a100,sm80,other,,4,0,0,no,1.0,1.0,1.0,void Kokkos::Impl::cuda_parallel_launch_local_memory<Kokkos::Impl::ParallelFor<K...
a100,sm80,other,,4,0,0,no,1.0,1.0,1.0,void Kokkos::Impl::cuda_parallel_launch_local_memory<Kokkos::Impl::ParallelFor<K...
a100,sm80,other,,4,0,0,no,1.0,1.0,1.0,void Kokkos::Impl::cuda_parallel_launch_local_memory<Kokkos::Impl::ParallelFor<K...
a100,sm80,other,,4,0,0,no,1.0,1.0,1.0,void Kokkos::Impl::cuda_parallel_launch_local_memory<Kokkos::Impl::ParallelFor<K...
a100,sm80,other,,4,0,0,no,1.0,1.0,1.0,void Kokkos::Impl::cuda_parallel_launch_local_memory<Kokkos::Impl::ParallelFor<K...
a100,sm80,other,,4,0,0,no,1.0,1.0,1.0,void Kokkos::Impl::cuda_parallel_launch_local_memory<Kokkos::Impl::ParallelFor<K...
a100,sm80,other,,4,0,0,no,1.0,1.0,1.0,void Kokkos::Impl::cuda_parallel_launch_local_memory<Kokkos::Impl::ParallelFor<K...
a100,sm80,other,,4,0,0,no,1.0,1.0,1.0,void Kokkos::Impl::cuda_parallel_launch_local_memory<Kokkos::Impl::ParallelFor<K...
a100,sm80,other,,4,0,0,no,1.0,1.0,1.0,void Kokkos::Impl::cuda_parallel_launch_local_memory<Kokkos::Impl::ParallelFor<K...
a100,sm80,other,,4,0,0,no,1.0,1.0,1.0,void Kokkos::Impl::cuda_parallel_launch_local_memory<Kokkos::Impl::ParallelFor<K...
a100,sm80,other,,4,0,0,no,1.0,1.0,1.0,void Kokkos::Impl::cuda_parallel_launch_local_memory<Kokkos::Impl::ParallelFor<K...
a100,sm80,other,,4,0,0,no,1.0,1.0,1.0,void Kokkos::Impl::cuda_parallel_launch_local_memory<Kokkos::Impl::ParallelFor<K...
a100,sm80,other,,4,0,0,no,1.0,1.0,1.0,void Kokkos::Impl::cuda_parallel_launch_local_memory<Kokkos::Impl::ParallelFor<K...
a100,sm80,other,,4,0,0,no,1.0,1.0,1.0,void Kokkos::Impl::cuda_parallel_launch_local_memory<Kokkos::Impl::ParallelFor<K...
a100,sm80,other,,4,0,0,no,1.0,1.0,1.0,void Kokkos::Impl::cuda_parallel_launch_local_memory<Kokkos::Impl::ParallelFor<K...
a100,sm80,other,,4,0,0,no,1.0,1.0,1.0,void Kokkos::Impl::cuda_parallel_launch_local_memory<Kokkos::Impl::ParallelFor<K...
a100,sm80,other,,4,0,0,no,1.0,1.0,1.0,void Kokkos::Impl::cuda_parallel_launch_local_memory<Kokkos::Impl::ParallelFor<K...
a100,sm80,other,,4,0,0,no,1.0,1.0,1.0,void Kokkos::Impl::cuda_parallel_launch_local_memory<Kokkos::Impl::ParallelFor<K...
a100,sm80,other,,4,0,0,no,1.0,1.0,1.0,void Kokkos::Impl::cuda_parallel_launch_local_memory<Kokkos::Impl::ParallelFor<K...
a100,sm80,other,,4,0,0,no,1.0,1.0,1.0,void Kokkos::Impl::cuda_parallel_launch_local_memory<Kokkos::Impl::ParallelFor<K...
a100,sm80,other,,4,0,0,no,1.0,1.0,1.0,void Kokkos::Impl::cuda_parallel_launch_local_memory<Kokkos::Impl::ParallelFor<K...
a100,sm80,other,,4,0,0,no,1.0,1.0,1.0,void Kokkos::Impl::cuda_parallel_launch_local_memory<Kokkos::Impl::ParallelFor<K...
a100,sm80,other,,4,0,0,no,1.0,1.0,1.0,void Kokkos::Impl::cuda_parallel_launch_local_memory<Kokkos::Impl::ParallelFor<K...
a100,sm80,other,,4,0,0,no,1.0,1.0,1.0,void Kokkos::Impl::cuda_parallel_launch_local_memory<Kokkos::Impl::ParallelFor<K...
a100,sm80,other,,4,0,0,no,1.0,1.0,1.0,void Kokkos::Impl::cuda_parallel_launch_local_memory<Kokkos::Impl::ParallelFor<K...
a100,sm80,other,,4,0,0,no,1.0,1.0,1.0,void Kokkos::Impl::cuda_parallel_launch_local_memory<Kokkos::Impl::ParallelFor<K...
a100,sm80,other,,4,0,0,no,1.0,1.0,1.0,void Kokkos::Impl::cuda_parallel_launch_local_memory<Kokkos::Impl::ParallelFor<K...
a100,sm80,other,,4,0,0,no,1.0,1.0,1.0,void Kokkos::Impl::cuda_parallel_launch_local_memory<Kokkos::Impl::ParallelFor<K...
a100,sm80,other,,4,0,0,no,1.0,1.0,1.0,void Kokkos::Impl::cuda_parallel_launch_local_memory<Kokkos::Impl::ParallelFor<K...
a100,sm80,other,,4,0,0,no,1.0,1.0,1.0,void Kokkos::Impl::cuda_parallel_launch_local_memory<Kokkos::Impl::ParallelFor<K...
a100,sm80,other,,4,0,0,no,1.0,1.0,1.0,void Kokkos::Impl::cuda_parallel_launch_local_memory<Kokkos::Impl::ParallelFor<K...
a100,sm80,other,,4,0,0,no,1.0,1.0,1.0,void Kokkos::Impl::cuda_parallel_launch_local_memory<Kokkos::Impl::ParallelFor<K...
a100,sm80,other,,4,0,0,no,1.0,1.0,1.0,void Kokkos::Impl::cuda_parallel_launch_local_memory<Kokkos::Impl::ParallelFor<K...
a100,sm80,other,,4,0,0,no,1.0,1.0,1.0,void Kokkos::Impl::cuda_parallel_launch_local_memory<Kokkos::Impl::ParallelFor<K...
a100,sm80,other,,4,0,0,no,1.0,1.0,1.0,void Kokkos::Impl::cuda_parallel_launch_local_memory<Kokkos::Impl::ParallelFor<K...
a100,sm80,other,,4,0,0,no,1.0,1.0,1.0,void Kokkos::Impl::cuda_parallel_launch_local_memory<Kokkos::Impl::ParallelFor<K...
a100,sm80,other,,4,0,0,no,1.0,1.0,1.0,void Kokkos::Impl::cuda_parallel_launch_local_memory<Kokkos::Impl::ParallelFor<K...
a100,sm80,other,,4,0,0,no,1.0,1.0,1.0,void Kokkos::Impl::cuda_parallel_launch_local_memory<Kokkos::Impl::ParallelFor<K...
a100,sm80,other,,4,0,0,no,1.0,1.0,1.0,void Kokkos::Impl::cuda_parallel_launch_local_memory<Kokkos::Impl::ParallelFor<K...
a100,sm80,other,,4,0,0,no,1.0,1.0,1.0,void Kokkos::Impl::cuda_parallel_launch_local_memory<Kokkos::Impl::ParallelFor<K...
a100,sm80,other,,4,0,0,no,1.0,1.0,1.0,void Kokkos::Impl::cuda_parallel_launch_local_memory<Kokkos::Impl::ParallelFor<K...
a100,sm80,other,,4,0,0,no,1.0,1.0,1.0,void Kokkos::Impl::cuda_parallel_launch_local_memory<Kokkos::Impl::ParallelFor<K...
a100,sm80,other,,4,0,0,no,1.0,1.0,1.0,void Kokkos::Impl::cuda_parallel_launch_local_memory<Kokkos::Impl::ParallelFor<K...
a100,sm80,other,,4,0,0,no,1.0,1.0,1.0,void Kokkos::Impl::cuda_parallel_launch_local_memory<Kokkos::Impl::ParallelFor<K...
a100,sm80,other,,4,0,0,no,1.0,1.0,1.0,void Kokkos::Impl::cuda_parallel_launch_local_memory<Kokkos::Impl::ParallelFor<K...
a100,sm80,other,,4,0,0,no,1.0,1.0,1.0,void Kokkos::Impl::cuda_parallel_launch_local_memory<Kokkos::Impl::ParallelFor<K...
a100,sm80,other,,4,0,0,no,1.0,1.0,1.0,void Kokkos::Impl::cuda_parallel_launch_local_memory<Kokkos::Impl::ParallelFor<K...
a100,sm80,other,,4,0,0,no,1.0,1.0,1.0,void Kokkos::Impl::cuda_parallel_launch_local_memory<Kokkos::Impl::ParallelFor<K...
a100,sm80,other,,4,0,0,no,1.0,1.0,1.0,void Kokkos::Impl::cuda_parallel_launch_local_memory<Kokkos::Impl::ParallelFor<K...
a100,sm80,other,,4,0,0,no,1.0,1.0,1.0,void Kokkos::Impl::cuda_parallel_launch_local_memory<Kokkos::Impl::ParallelFor<K...
a100,sm80,other,,4,0,0,no,1.0,1.0,1.0,void Kokkos::Impl::cuda_parallel_launch_local_memory<Kokkos::Impl::ParallelFor<K...
a100,sm80,other,,4,0,0,no,1.0,1.0,1.0,void Kokkos::Impl::cuda_parallel_launch_local_memory<Kokkos::Impl::ParallelFor<K...
a100,sm80,other,,4,0,0,no,1.0,1.0,1.0,void Kokkos::Impl::cuda_parallel_launch_local_memory<Kokkos::Impl::ParallelFor<K...
a100,sm80,other,,4,0,0,no,1.0,1.0,1.0,void Kokkos::Impl::cuda_parallel_launch_local_memory<Kokkos::Impl::ParallelFor<K...
a100,sm80,other,,4,0,0,no,1.0,1.0,1.0,void Kokkos::Impl::cuda_parallel_launch_local_memory<Kokkos::Impl::ParallelFor<K...
a100,sm80,other,,4,0,0,no,1.0,1.0,1.0,void Kokkos::Impl::cuda_parallel_launch_local_memory<Kokkos::Impl::ParallelFor<K...
a100,sm80,other,,4,0,0,no,1.0,1.0,1.0,void Kokkos::Impl::cuda_parallel_launch_local_memory<Kokkos::Impl::ParallelFor<K...
a100,sm80,other,,4,0,0,no,1.0,1.0,1.0,void Kokkos::Impl::cuda_parallel_launch_local_memory<Kokkos::Impl::ParallelFor<K...
a100,sm80,other,,4,0,0,no,1.0,1.0,1.0,void Kokkos::Impl::cuda_parallel_launch_local_memory<Kokkos::Impl::ParallelFor<K...
a100,sm80,other,,4,0,0,no,1.0,1.0,1.0,void Kokkos::Impl::cuda_parallel_launch_local_memory<Kokkos::Impl::ParallelFor<K...
a100,sm80,other,,4,0,0,no,1.0,1.0,1.0,void Kokkos::Impl::cuda_parallel_launch_local_memory<Kokkos::Impl::ParallelFor<K...
a100,sm80,other,,4,0,0,no,1.0,1.0,1.0,void Kokkos::Impl::cuda_parallel_launch_local_memory<Kokkos::Impl::ParallelFor<K...
a100,sm80,other,,4,0,0,no,1.0,1.0,1.0,void Kokkos::Impl::cuda_parallel_launch_local_memory<Kokkos::Impl::ParallelFor<K...
a100,sm80,other,,4,0,0,no,1.0,1.0,1.0,void Kokkos::Impl::cuda_parallel_launch_local_memory<Kokkos::Impl::ParallelFor<K...
a100,sm80,other,,4,0,0,no,1.0,1.0,1.0,void Kokkos::Impl::cuda_parallel_launch_local_memory<Kokkos::Impl::ParallelFor<K...
a100,sm80,other,,4,0,0,no,1.0,1.0,1.0,void Kokkos::Impl::cuda_parallel_launch_local_memory<Kokkos::Impl::ParallelFor<K...
a100,sm80,other,,4,0,0,no,1.0,1.0,1.0,void Kokkos::Impl::cuda_parallel_launch_local_memory<Kokkos::Impl::ParallelFor<K...
a100,sm80,other,,4,0,0,no,1.0,1.0,1.0,void Kokkos::Impl::cuda_parallel_launch_local_memory<Kokkos::Impl::ParallelFor<K...
a100,sm80,other,,4,0,0,no,1.0,1.0,1.0,void Kokkos::Impl::cuda_parallel_launch_local_memory<Kokkos::Impl::ParallelFor<K...
a100,sm80,other,,4,0,0,no,1.0,1.0,1.0,void Kokkos::Impl::cuda_parallel_launch_local_memory<Kokkos::Impl::ParallelFor<K...
a100,sm80,other,,4,0,0,no,1.0,1.0,1.0,void Kokkos::Impl::cuda_parallel_launch_local_memory<Kokkos::Impl::ParallelFor<K...
a100,sm80,other,,4,0,0,no,1.0,1.0,1.0,void Kokkos::Impl::cuda_parallel_launch_local_memory<Kokkos::Impl::ParallelFor<K...
a100,sm80,other,,4,0,0,no,1.0,1.0,1.0,void Kokkos::Impl::cuda_parallel_launch_local_memory<Kokkos::Impl::ParallelFor<K...
a100,sm80,other,,4,0,0,no,1.0,1.0,1.0,void Kokkos::Impl::cuda_parallel_launch_local_memory<Kokkos::Impl::ParallelFor<K...
a100,sm80,other,,4,0,0,no,1.0,1.0,1.0,void Kokkos::Impl::cuda_parallel_launch_local_memory<Kokkos::Impl::ParallelFor<K...
a100,sm80,other,,4,0,0,no,1.0,1.0,1.0,void Kokkos::Impl::cuda_parallel_launch_local_memory<Kokkos::Impl::ParallelFor<K...
a100,sm80,other,,4,0,0,no,1.0,1.0,1.0,void Kokkos::Impl::cuda_parallel_launch_local_memory<Kokkos::Impl::ParallelFor<K...
a100,sm80,other,,4,0,0,no,1.0,1.0,1.0,void Kokkos::Impl::cuda_parallel_launch_local_memory<Kokkos::Impl::ParallelFor<K...
a100,sm80,other,,4,0,0,no,1.0,1.0,1.0,void Kokkos::Impl::cuda_parallel_launch_local_memory<Kokkos::Impl::ParallelFor<K...
a100,sm80,other,,4,0,0,no,1.0,1.0,1.0,void Kokkos::Impl::cuda_parallel_launch_local_memory<Kokkos::Impl::ParallelFor<K...
a100,sm80,other,,4,0,0,no,1.0,1.0,1.0,void Kokkos::Impl::cuda_parallel_launch_local_memory<Kokkos::Impl::ParallelFor<K...
a100,sm80,other,,4,0,0,no,1.0,1.0,1.0,void Kokkos::Impl::cuda_parallel_launch_local_memory<Kokkos::Impl::ParallelFor<K...
a100,sm80,other,,4,0,0,no,1.0,1.0,1.0,void Kokkos::Impl::cuda_parallel_launch_local_memory<Kokkos::Impl::ParallelFor<K...
a100,sm80,other,,4,0,0,no,1.0,1.0,1.0,void Kokkos::Impl::cuda_parallel_launch_local_memory<Kokkos::Impl::ParallelFor<K...
a100,sm80,other,,4,0,0,no,1.0,1.0,1.0,void Kokkos::Impl::cuda_parallel_launch_local_memory<Kokkos::Impl::ParallelFor<K...
a100,sm80,other,,4,0,0,no,1.0,1.0,1.0,void Kokkos::Impl::cuda_parallel_launch_local_memory<Kokkos::Impl::ParallelFor<K...
a100,sm80,other,,4,0,0,no,1.0,1.0,1.0,void Kokkos::Impl::cuda_parallel_launch_local_memory<Kokkos::Impl::ParallelFor<K...
a100,sm80,other,,4,0,0,no,1.0,1.0,1.0,void Kokkos::Impl::cuda_parallel_launch_local_memory<Kokkos::Impl::ParallelFor<K...
a100,sm80,other,,4,0,0,no,1.0,1.0,1.0,void Kokkos::Impl::cuda_parallel_launch_local_memory<Kokkos::Impl::ParallelFor<K...
a100,sm80,other,,4,0,0,no,1.0,1.0,1.0,void Kokkos::Impl::cuda_parallel_launch_local_memory<Kokkos::Impl::ParallelFor<K...
a100,sm80,other,,4,0,0,no,1.0,1.0,1.0,void Kokkos::Impl::cuda_parallel_launch_local_memory<Kokkos::Impl::ParallelFor<K...
a100,sm80,other,,4,0,0,no,1.0,1.0,1.0,void Kokkos::Impl::cuda_parallel_launch_local_memory<Kokkos::Impl::ParallelFor<K...
a100,sm80,other,,4,0,0,no,1.0,1.0,1.0,void Kokkos::Impl::cuda_parallel_launch_local_memory<Kokkos::Impl::ParallelFor<K...
a100,sm80,other,,4,0,0,no,1.0,1.0,1.0,void Kokkos::Impl::cuda_parallel_launch_local_memory<Kokkos::Impl::ParallelFor<K...
a100,sm80,other,,4,0,0,no,1.0,1.0,1.0,void Kokkos::Impl::cuda_parallel_launch_local_memory<Kokkos::Impl::ParallelFor<K...
a100,sm80,other,,4,0,0,no,1.0,1.0,1.0,void Kokkos::Impl::cuda_parallel_launch_local_memory<Kokkos::Impl::ParallelFor<K...
a100,sm80,other,,4,0,0,no,1.0,1.0,1.0,void Kokkos::Impl::cuda_parallel_launch_local_memory<Kokkos::Impl::ParallelFor<K...
a100,sm80,other,,4,0,0,no,1.0,1.0,1.0,void Kokkos::Impl::cuda_parallel_launch_local_memory<Kokkos::Impl::ParallelFor<K...
a100,sm80,other,,4,0,0,no,1.0,1.0,1.0,void Kokkos::Impl::cuda_parallel_launch_local_memory<Kokkos::Impl::ParallelFor<K...
a100,sm80,other,,4,0,0,no,1.0,1.0,1.0,void Kokkos::Impl::cuda_parallel_launch_local_memory<Kokkos::Impl::ParallelFor<K...
a100,sm80,other,,4,0,0,no,1.0,1.0,1.0,void Kokkos::Impl::cuda_parallel_launch_local_memory<Kokkos::Impl::ParallelFor<K...
a100,sm80,other,,4,0,0,no,1.0,1.0,1.0,void Kokkos::Impl::cuda_parallel_launch_local_memory<Kokkos::Impl::ParallelFor<K...
a100,sm80,other,,4,0,0,no,1.0,1.0,1.0,void Kokkos::Impl::cuda_parallel_launch_local_memory<Kokkos::Impl::ParallelFor<K...
a100,sm80,other,,4,0,0,no,1.0,1.0,1.0,void Kokkos::Impl::cuda_parallel_launch_local_memory<Kokkos::Impl::ParallelFor<K...
a100,sm80,other,,4,0,0,no,1.0,1.0,1.0,void Kokkos::Impl::cuda_parallel_launch_local_memory<Kokkos::Impl::ParallelFor<K...
a100,sm80,other,,4,0,0,no,1.0,1.0,1.0,void Kokkos::Impl::cuda_parallel_launch_local_memory<Kokkos::Impl::ParallelFor<K...
a100,sm80,other,,4,0,0,no,1.0,1.0,1.0,void Kokkos::Impl::cuda_parallel_launch_local_memory<Kokkos::Impl::ParallelFor<K...
a100,sm80,other,,4,0,0,no,1.0,1.0,1.0,void Kokkos::Impl::cuda_parallel_launch_local_memory<Kokkos::Impl::ParallelFor<K...
a100,sm80,other,,4,0,0,no,1.0,1.0,1.0,void Kokkos::Impl::cuda_parallel_launch_local_memory<Kokkos::Impl::ParallelFor<K...
a100,sm80,other,,4,0,0,no,1.0,1.0,1.0,void Kokkos::Impl::cuda_parallel_launch_local_memory<Kokkos::Impl::ParallelFor<K...
a100,sm80,other,,4,0,0,no,1.0,1.0,1.0,void cub::CUB_200302_800_NS::EmptyKernel<void>()
a100,sm80,other,,4,0,0,no,1.0,1.0,1.0,void Kokkos::Impl::cuda_parallel_launch_local_memory<Kokkos::Impl::ParallelFor<K...
a100,sm80,other,,4,0,0,no,1.0,1.0,1.0,void Kokkos::Impl::cuda_parallel_launch_local_memory<Kokkos::Impl::ParallelFor<K...
a100,sm80,other,,4,0,0,no,1.0,1.0,1.0,void Kokkos::Impl::cuda_parallel_launch_local_memory<Kokkos::Impl::ParallelFor<K...
a100,sm80,other,,4,0,0,no,1.0,1.0,1.0,void Kokkos::Impl::cuda_parallel_launch_local_memory<Kokkos::Impl::ParallelFor<K...
a100,sm80,other,,4,0,0,no,1.0,1.0,1.0,void Kokkos::Impl::cuda_parallel_launch_local_memory<Kokkos::Impl::ParallelFor<K...
a100,sm80,other,,4,0,0,no,1.0,1.0,1.0,void Kokkos::Impl::cuda_parallel_launch_local_memory<Kokkos::Impl::ParallelFor<K...
a100,sm80,other,,4,0,0,no,1.0,1.0,1.0,void Kokkos::Impl::cuda_parallel_launch_local_memory<Kokkos::Impl::ParallelFor<K...
a100,sm80,other,,4,0,0,no,1.0,1.0,1.0,void Kokkos::Impl::cuda_parallel_launch_local_memory<Kokkos::Impl::ParallelFor<K...
a100,sm80,other,,4,0,0,no,1.0,1.0,1.0,void Kokkos::Impl::cuda_parallel_launch_local_memory<Kokkos::Impl::ParallelFor<K...
a100,sm80,other,,4,0,0,no,1.0,1.0,1.0,void Kokkos::Impl::cuda_parallel_launch_local_memory<Kokkos::Impl::ParallelFor<K...
a100,sm80,other,,4,0,0,no,1.0,1.0,1.0,void Kokkos::Impl::cuda_parallel_launch_local_memory<Kokkos::Impl::ParallelFor<K...
a100,sm80,other,,4,0,0,no,1.0,1.0,1.0,void Kokkos::Impl::cuda_parallel_launch_local_memory<Kokkos::Impl::ParallelFor<K...
a100,sm80,other,,4,0,0,no,1.0,1.0,1.0,void Kokkos::Impl::cuda_parallel_launch_local_memory<Kokkos::Impl::ParallelFor<K...
a100,sm80,other,,4,0,0,no,1.0,1.0,1.0,void Kokkos::Impl::cuda_parallel_launch_local_memory<Kokkos::Impl::ParallelFor<K...
a100,sm80,other,,4,0,0,no,1.0,1.0,1.0,void Kokkos::Impl::cuda_parallel_launch_local_memory<Kokkos::Impl::ParallelFor<K...
a100,sm80,other,,4,0,0,no,1.0,1.0,1.0,void Kokkos::Impl::cuda_parallel_launch_local_memory<Kokkos::Impl::ParallelFor<K...
a100,sm80,other,,4,0,0,no,1.0,1.0,1.0,void Kokkos::Impl::cuda_parallel_launch_local_memory<Kokkos::Impl::ParallelFor<K...
a100,sm80,other,,4,0,0,no,1.0,1.0,1.0,void Kokkos::Impl::cuda_parallel_launch_local_memory<Kokkos::Impl::ParallelFor<K...
a100,sm80,other,,4,0,0,no,1.0,1.0,1.0,void Kokkos::Impl::cuda_parallel_launch_local_memory<Kokkos::Impl::ParallelFor<K...
a100,sm80,other,,4,0,0,no,1.0,1.0,1.0,void Kokkos::Impl::cuda_parallel_launch_local_memory<Kokkos::Impl::ParallelFor<K...
a100,sm80,other,,4,0,0,no,1.0,1.0,1.0,void Kokkos::Impl::cuda_parallel_launch_local_memory<Kokkos::Impl::ParallelFor<K...
a100,sm80,other,,4,0,0,no,1.0,1.0,1.0,void Kokkos::Impl::cuda_parallel_launch_local_memory<Kokkos::Impl::ParallelFor<K...
a100,sm80,other,,4,0,0,no,1.0,1.0,1.0,void Kokkos::Impl::cuda_parallel_launch_local_memory<Kokkos::Impl::ParallelFor<K...
a100,sm80,other,,4,0,0,no,1.0,1.0,1.0,void Kokkos::Impl::cuda_parallel_launch_local_memory<Kokkos::Impl::ParallelFor<K...
a100,sm80,other,,4,0,0,no,1.0,1.0,1.0,void Kokkos::Impl::cuda_parallel_launch_local_memory<Kokkos::Impl::ParallelFor<K...
a100,sm80,other,,4,0,0,no,1.0,1.0,1.0,void Kokkos::Impl::cuda_parallel_launch_local_memory<Kokkos::Impl::ParallelFor<K...
a100,sm80,other,,4,0,0,no,1.0,1.0,1.0,void Kokkos::Impl::cuda_parallel_launch_local_memory<Kokkos::Impl::ParallelFor<K...
a100,sm80,other,,4,0,0,no,1.0,1.0,1.0,void Kokkos::Impl::cuda_parallel_launch_local_memory<Kokkos::Impl::ParallelFor<K...
a100,sm80,other,,4,0,0,no,1.0,1.0,1.0,void Kokkos::Impl::cuda_parallel_launch_local_memory<Kokkos::Impl::ParallelFor<K...
a100,sm80,other,,4,0,0,no,1.0,1.0,1.0,void Kokkos::Impl::cuda_parallel_launch_local_memory<Kokkos::Impl::ParallelFor<K...
a100,sm80,other,,4,0,0,no,1.0,1.0,1.0,void Kokkos::Impl::cuda_parallel_launch_local_memory<Kokkos::Impl::ParallelFor<K...
a100,sm80,other,,4,0,0,no,1.0,1.0,1.0,void Kokkos::Impl::cuda_parallel_launch_local_memory<Kokkos::Impl::ParallelFor<K...
a100,sm80,other,,4,0,0,no,1.0,1.0,1.0,void Kokkos::Impl::cuda_parallel_launch_local_memory<Kokkos::Impl::ParallelFor<K...
a100,sm80,other,,4,0,0,no,1.0,1.0,1.0,void Kokkos::Impl::cuda_parallel_launch_local_memory<Kokkos::Impl::ParallelFor<K...
a100,sm80,other,,4,0,0,no,1.0,1.0,1.0,void Kokkos::Impl::cuda_parallel_launch_local_memory<Kokkos::Impl::ParallelFor<K...
a100,sm80,other,,4,0,0,no,1.0,1.0,1.0,void Kokkos::Impl::cuda_parallel_launch_local_memory<Kokkos::Impl::ParallelFor<K...
a100,sm80,other,,4,0,0,no,1.0,1.0,1.0,void Kokkos::Impl::cuda_parallel_launch_local_memory<Kokkos::Impl::ParallelFor<K...
a100,sm80,other,,4,0,0,no,1.0,1.0,1.0,void Kokkos::Impl::cuda_parallel_launch_local_memory<Kokkos::Impl::ParallelFor<K...
a100,sm80,other,,4,0,0,no,1.0,1.0,1.0,void Kokkos::Impl::cuda_parallel_launch_local_memory<Kokkos::Impl::ParallelFor<K...
a100,sm80,other,,4,0,0,no,1.0,1.0,1.0,void Kokkos::Impl::cuda_parallel_launch_local_memory<Kokkos::Impl::ParallelFor<K...
a100,sm80,other,,4,0,0,no,1.0,1.0,1.0,void Kokkos::Impl::cuda_parallel_launch_local_memory<Kokkos::Impl::ParallelFor<K...
a100,sm80,other,,4,0,0,no,1.0,1.0,1.0,void Kokkos::Impl::cuda_parallel_launch_local_memory<Kokkos::Impl::ParallelFor<K...
a100,sm80,other,,4,0,0,no,1.0,1.0,1.0,void Kokkos::Impl::cuda_parallel_launch_local_memory<Kokkos::Impl::ParallelFor<K...
a100,sm80,other,,4,0,0,no,1.0,1.0,1.0,void Kokkos::Impl::cuda_parallel_launch_local_memory<Kokkos::Impl::ParallelFor<K...
a100,sm80,other,,4,0,0,no,1.0,1.0,1.0,void Kokkos::Impl::cuda_parallel_launch_local_memory<Kokkos::Impl::ParallelFor<K...
a100,sm80,other,,4,0,0,no,1.0,1.0,1.0,void Kokkos::Impl::cuda_parallel_launch_local_memory<Kokkos::Impl::ParallelFor<K...
a100,sm80,other,,4,0,0,no,1.0,1.0,1.0,void Kokkos::Impl::cuda_parallel_launch_local_memory<Kokkos::Impl::ParallelFor<K...
a100,sm80,other,,4,0,0,no,1.0,1.0,1.0,void Kokkos::Impl::cuda_parallel_launch_local_memory<Kokkos::Impl::ParallelFor<K...
a100,sm80,other,,4,0,0,no,1.0,1.0,1.0,void Kokkos::Impl::cuda_parallel_launch_local_memory<Kokkos::Impl::ParallelFor<K...
a100,sm80,other,,4,0,0,no,1.0,1.0,1.0,void Kokkos::Impl::cuda_parallel_launch_local_memory<Kokkos::Impl::ParallelFor<K...
a100,sm80,other,,4,0,0,no,1.0,1.0,1.0,void Kokkos::Impl::cuda_parallel_launch_local_memory<Kokkos::Impl::ParallelFor<K...
a100,sm80,other,,4,0,0,no,1.0,1.0,1.0,void Kokkos::Impl::cuda_parallel_launch_local_memory<Kokkos::Impl::ParallelFor<K...
a100,sm80,other,,4,0,0,no,1.0,1.0,1.0,void Kokkos::Impl::cuda_parallel_launch_local_memory<Kokkos::Impl::ParallelFor<K...
a100,sm80,other,,4,0,0,no,1.0,1.0,1.0,void Kokkos::Impl::cuda_parallel_launch_local_memory<Kokkos::Impl::ParallelFor<K...
a100,sm80,other,,4,0,0,no,1.0,1.0,1.0,void Kokkos::Impl::cuda_parallel_launch_local_memory<Kokkos::Impl::ParallelFor<K...
a100,sm80,other,,4,0,0,no,1.0,1.0,1.0,void Kokkos::Impl::cuda_parallel_launch_local_memory<Kokkos::Impl::ParallelFor<K...
a100,sm80,other,,4,0,0,no,1.0,1.0,1.0,void Kokkos::Impl::cuda_parallel_launch_local_memory<Kokkos::Impl::ParallelFor<K...
a100,sm80,other,,4,0,0,no,1.0,1.0,1.0,void Kokkos::Impl::cuda_parallel_launch_local_memory<Kokkos::Impl::ParallelFor<K...
a100,sm80,other,,4,0,0,no,1.0,1.0,1.0,void Kokkos::Impl::cuda_parallel_launch_local_memory<Kokkos::Impl::ParallelFor<K...
a100,sm80,other,,4,0,0,no,1.0,1.0,1.0,void Kokkos::Impl::cuda_parallel_launch_local_memory<Kokkos::Impl::ParallelFor<K...
a100,sm80,other,,4,0,0,no,1.0,1.0,1.0,void Kokkos::Impl::cuda_parallel_launch_local_memory<Kokkos::Impl::ParallelFor<K...
a100,sm80,other,,4,0,0,no,1.0,1.0,1.0,void Kokkos::Impl::cuda_parallel_launch_local_memory<Kokkos::Impl::ParallelFor<K...
a100,sm80,other,,4,0,0,no,1.0,1.0,1.0,void Kokkos::Impl::cuda_parallel_launch_local_memory<Kokkos::Impl::ParallelFor<K...
a100,sm80,other,,4,0,0,no,1.0,1.0,1.0,void Kokkos::Impl::cuda_parallel_launch_local_memory<Kokkos::Impl::ParallelFor<K...
a100,sm80,other,,4,0,0,no,1.0,1.0,1.0,void Kokkos::Impl::cuda_parallel_launch_local_memory<Kokkos::Impl::ParallelFor<K...
a100,sm80,other,,4,0,0,no,1.0,1.0,1.0,void Kokkos::Impl::cuda_parallel_launch_local_memory<Kokkos::Impl::ParallelFor<K...
a100,sm80,other,,4,0,0,no,1.0,1.0,1.0,void Kokkos::Impl::cuda_parallel_launch_local_memory<Kokkos::Impl::ParallelFor<K...
a100,sm80,other,,4,0,0,no,1.0,1.0,1.0,void Kokkos::Impl::cuda_parallel_launch_local_memory<Kokkos::Impl::ParallelFor<K...
a100,sm80,other,,4,0,0,no,1.0,1.0,1.0,void Kokkos::Impl::cuda_parallel_launch_local_memory<Kokkos::Impl::ParallelFor<K...
a100,sm80,other,,4,0,0,no,1.0,1.0,1.0,void Kokkos::Impl::cuda_parallel_launch_local_memory<Kokkos::Impl::ParallelFor<K...
a100,sm80,other,,4,0,0,no,1.0,1.0,1.0,void Kokkos::Impl::cuda_parallel_launch_local_memory<Kokkos::Impl::ParallelFor<K...
a100,sm80,other,,4,0,0,no,1.0,1.0,1.0,void Kokkos::Impl::cuda_parallel_launch_local_memory<Kokkos::Impl::ParallelFor<K...
a100,sm80,other,,4,0,0,no,1.0,1.0,1.0,void Kokkos::Impl::cuda_parallel_launch_local_memory<Kokkos::Impl::ParallelFor<K...
a100,sm80,other,,4,0,0,no,1.0,1.0,1.0,void Kokkos::Impl::cuda_parallel_launch_local_memory<Kokkos::Impl::ParallelFor<K...
a100,sm80,other,,4,0,0,no,1.0,1.0,1.0,void Kokkos::Impl::cuda_parallel_launch_local_memory<Kokkos::Impl::ParallelFor<K...
a100,sm80,other,,4,0,0,no,1.0,1.0,1.0,void Kokkos::Impl::cuda_parallel_launch_local_memory<Kokkos::Impl::ParallelFor<K...
a100,sm80,other,,4,0,0,no,1.0,1.0,1.0,void Kokkos::Impl::cuda_parallel_launch_local_memory<Kokkos::Impl::ParallelFor<K...
a100,sm80,other,,4,0,0,no,1.0,1.0,1.0,void Kokkos::Impl::cuda_parallel_launch_local_memory<Kokkos::Impl::ParallelFor<K...
a100,sm80,other,,4,0,0,no,1.0,1.0,1.0,void Kokkos::Impl::cuda_parallel_launch_local_memory<Kokkos::Impl::ParallelFor<K...
a100,sm80,other,,4,0,0,no,1.0,1.0,1.0,void Kokkos::Impl::cuda_parallel_launch_local_memory<Kokkos::Impl::ParallelFor<K...
a100,sm80,other,,4,0,0,no,1.0,1.0,1.0,void Kokkos::Impl::cuda_parallel_launch_local_memory<Kokkos::Impl::ParallelFor<K...
a100,sm80,other,,4,0,0,no,1.0,1.0,1.0,void Kokkos::Impl::cuda_parallel_launch_local_memory<Kokkos::Impl::ParallelFor<K...
a100,sm80,other,,4,0,0,no,1.0,1.0,1.0,void Kokkos::Impl::cuda_parallel_launch_local_memory<Kokkos::Impl::ParallelFor<K...
a100,sm80,other,,4,0,0,no,1.0,1.0,1.0,void Kokkos::Impl::cuda_parallel_launch_local_memory<Kokkos::Impl::ParallelFor<K...
a100,sm80,other,,4,0,0,no,1.0,1.0,1.0,void Kokkos::Impl::cuda_parallel_launch_local_memory<Kokkos::Impl::ParallelFor<K...
a100,sm80,other,,4,0,0,no,1.0,1.0,1.0,void Kokkos::Impl::cuda_parallel_launch_local_memory<Kokkos::Impl::ParallelFor<K...
a100,sm80,other,,4,0,0,no,1.0,1.0,1.0,void Kokkos::Impl::cuda_parallel_launch_local_memory<Kokkos::Impl::ParallelFor<K...
a100,sm80,other,,4,0,0,no,1.0,1.0,1.0,void Kokkos::Impl::cuda_parallel_launch_local_memory<Kokkos::Impl::ParallelFor<K...
a100,sm80,other,,4,0,0,no,1.0,1.0,1.0,void Kokkos::Impl::cuda_parallel_launch_local_memory<Kokkos::Impl::ParallelFor<K...
a100,sm80,other,,4,0,0,no,1.0,1.0,1.0,void Kokkos::Impl::cuda_parallel_launch_local_memory<Kokkos::Impl::ParallelFor<K...
a100,sm80,other,,4,0,0,no,1.0,1.0,1.0,void Kokkos::Impl::cuda_parallel_launch_local_memory<Kokkos::Impl::ParallelFor<K...
a100,sm80,other,,4,0,0,no,1.0,1.0,1.0,void Kokkos::Impl::cuda_parallel_launch_local_memory<Kokkos::Impl::ParallelFor<K...
a100,sm80,other,,4,0,0,no,1.0,1.0,1.0,void Kokkos::Impl::cuda_parallel_launch_local_memory<Kokkos::Impl::ParallelFor<K...
a100,sm80,other,,4,0,0,no,1.0,1.0,1.0,void Kokkos::Impl::cuda_parallel_launch_local_memory<Kokkos::Impl::ParallelFor<K...
a100,sm80,other,,4,0,0,no,1.0,1.0,1.0,void Kokkos::Impl::cuda_parallel_launch_local_memory<Kokkos::Impl::ParallelFor<K...
a100,sm80,other,,4,0,0,no,1.0,1.0,1.0,void Kokkos::Impl::cuda_parallel_launch_local_memory<Kokkos::Impl::ParallelFor<K...
a100,sm80,other,,4,0,0,no,1.0,1.0,1.0,void Kokkos::Impl::cuda_parallel_launch_local_memory<Kokkos::Impl::ParallelFor<K...
a100,sm80,other,,4,0,0,no,1.0,1.0,1.0,void Kokkos::Impl::cuda_parallel_launch_local_memory<Kokkos::Impl::ParallelFor<K...
a100,sm80,other,,4,0,0,no,1.0,1.0,1.0,void Kokkos::Impl::cuda_parallel_launch_local_memory<Kokkos::Impl::ParallelFor<K...
a100,sm80,other,,4,0,0,no,1.0,1.0,1.0,void Kokkos::Impl::cuda_parallel_launch_local_memory<Kokkos::Impl::ParallelFor<K...
a100,sm80,other,,4,0,0,no,1.0,1.0,1.0,void Kokkos::Impl::cuda_parallel_launch_local_memory<Kokkos::Impl::ParallelFor<K...
a100,sm80,other,,4,0,0,no,1.0,1.0,1.0,void Kokkos::Impl::cuda_parallel_launch_local_memory<Kokkos::Impl::ParallelFor<K...
a100,sm80,other,,4,0,0,no,1.0,1.0,1.0,void Kokkos::Impl::cuda_parallel_launch_local_memory<Kokkos::Impl::ParallelFor<K...
a100,sm80,other,,4,0,0,no,1.0,1.0,1.0,void Kokkos::Impl::cuda_parallel_launch_local_memory<Kokkos::Impl::ParallelFor<K...
a100,sm80,other,,4,0,0,no,1.0,1.0,1.0,void Kokkos::Impl::cuda_parallel_launch_local_memory<Kokkos::Impl::ParallelFor<K...
a100,sm80,other,,4,0,0,no,1.0,1.0,1.0,void Kokkos::Impl::cuda_parallel_launch_local_memory<Kokkos::Impl::ParallelFor<K...
a100,sm80,other,,4,0,0,no,1.0,1.0,1.0,void Kokkos::Impl::cuda_parallel_launch_local_memory<Kokkos::Impl::ParallelFor<K...
a100,sm80,other,,4,0,0,no,1.0,1.0,1.0,void Kokkos::Impl::cuda_parallel_launch_local_memory<Kokkos::Impl::ParallelFor<K...
a100,sm80,other,,4,0,0,no,1.0,1.0,1.0,void Kokkos::Impl::cuda_parallel_launch_local_memory<Kokkos::Impl::ParallelFor<K...
a100,sm80,other,,4,0,0,no,1.0,1.0,1.0,void Kokkos::Impl::cuda_parallel_launch_local_memory<Kokkos::Impl::ParallelFor<K...
a100,sm80,other,,4,0,0,no,1.0,1.0,1.0,void Kokkos::Impl::cuda_parallel_launch_local_memory<Kokkos::Impl::ParallelFor<K...
a100,sm80,other,,4,0,0,no,1.0,1.0,1.0,void Kokkos::Impl::cuda_parallel_launch_local_memory<Kokkos::Impl::ParallelFor<K...
a100,sm80,other,,4,0,0,no,1.0,1.0,1.0,void Kokkos::Impl::cuda_parallel_launch_local_memory<Kokkos::Impl::ParallelFor<K...
a100,sm80,other,,4,0,0,no,1.0,1.0,1.0,void Kokkos::Impl::cuda_parallel_launch_local_memory<Kokkos::Impl::ParallelFor<K...
a100,sm80,other,,4,0,0,no,1.0,1.0,1.0,void Kokkos::Impl::cuda_parallel_launch_local_memory<Kokkos::Impl::ParallelFor<K...
a100,sm80,other,,4,0,0,no,1.0,1.0,1.0,void Kokkos::Impl::cuda_parallel_launch_local_memory<Kokkos::Impl::ParallelFor<K...
a100,sm80,other,,4,0,0,no,1.0,1.0,1.0,void Kokkos::Impl::cuda_parallel_launch_local_memory<Kokkos::Impl::ParallelFor<K...
a100,sm80,other,,4,0,0,no,1.0,1.0,1.0,void Kokkos::Impl::cuda_parallel_launch_local_memory<Kokkos::Impl::ParallelFor<K...
a100,sm80,other,,4,0,0,no,1.0,1.0,1.0,void Kokkos::Impl::cuda_parallel_launch_local_memory<Kokkos::Impl::ParallelFor<K...
a100,sm80,other,,4,0,0,no,1.0,1.0,1.0,void Kokkos::Impl::cuda_parallel_launch_local_memory<Kokkos::Impl::ParallelFor<K...
a100,sm80,other,,4,0,0,no,1.0,1.0,1.0,void Kokkos::Impl::cuda_parallel_launch_local_memory<Kokkos::Impl::ParallelFor<K...
a100,sm80,other,,4,0,0,no,1.0,1.0,1.0,void Kokkos::Impl::cuda_parallel_launch_local_memory<Kokkos::Impl::ParallelFor<K...
a100,sm80,other,,4,0,0,no,1.0,1.0,1.0,void Kokkos::Impl::cuda_parallel_launch_local_memory<Kokkos::Impl::ParallelFor<K...
a100,sm80,other,,4,0,0,no,1.0,1.0,1.0,void Kokkos::Impl::cuda_parallel_launch_local_memory<Kokkos::Impl::ParallelFor<K...
a100,sm80,other,,4,0,0,no,1.0,1.0,1.0,void Kokkos::Impl::cuda_parallel_launch_local_memory<Kokkos::Impl::ParallelFor<K...
a100,sm80,other,,4,0,0,no,1.0,1.0,1.0,void Kokkos::Impl::cuda_parallel_launch_local_memory<Kokkos::Impl::ParallelFor<K...
a100,sm80,other,,4,0,0,no,1.0,1.0,1.0,void Kokkos::Impl::cuda_parallel_launch_local_memory<Kokkos::Impl::ParallelFor<K...
a100,sm80,other,,4,0,0,no,1.0,1.0,1.0,void Kokkos::Impl::cuda_parallel_launch_local_memory<Kokkos::Impl::ParallelFor<K...
a100,sm80,other,,4,0,0,no,1.0,1.0,1.0,void Kokkos::Impl::cuda_parallel_launch_local_memory<Kokkos::Impl::ParallelFor<K...
a100,sm80,other,,4,0,0,no,1.0,1.0,1.0,void Kokkos::Impl::cuda_parallel_launch_local_memory<Kokkos::Impl::ParallelFor<K...
a100,sm80,other,,4,0,0,no,1.0,1.0,1.0,void Kokkos::Impl::cuda_parallel_launch_local_memory<Kokkos::Impl::ParallelFor<K...
a100,sm80,other,,4,0,0,no,1.0,1.0,1.0,void Kokkos::Impl::cuda_parallel_launch_local_memory<Kokkos::Impl::ParallelFor<K...
a100,sm80,other,,4,0,0,no,1.0,1.0,1.0,void Kokkos::Impl::cuda_parallel_launch_local_memory<Kokkos::Impl::ParallelFor<K...
a100,sm80,other,,4,0,0,no,1.0,1.0,1.0,void Kokkos::Impl::cuda_parallel_launch_local_memory<Kokkos::Impl::ParallelFor<K...
a100,sm80,other,,4,0,0,no,1.0,1.0,1.0,void Kokkos::Impl::cuda_parallel_launch_local_memory<Kokkos::Impl::ParallelFor<K...
a100,sm80,other,,4,0,0,no,1.0,1.0,1.0,void Kokkos::Impl::cuda_parallel_launch_local_memory<Kokkos::Impl::ParallelFor<K...
a100,sm80,other,,4,0,0,no,1.0,1.0,1.0,void Kokkos::Impl::cuda_parallel_launch_local_memory<Kokkos::Impl::ParallelFor<K...
a100,sm80,other,,4,0,0,no,1.0,1.0,1.0,void Kokkos::Impl::cuda_parallel_launch_local_memory<Kokkos::Impl::ParallelFor<K...
a100,sm80,other,,4,0,0,no,1.0,1.0,1.0,void Kokkos::Impl::cuda_parallel_launch_local_memory<Kokkos::Impl::ParallelFor<K...
a100,sm80,other,,4,0,0,no,1.0,1.0,1.0,void Kokkos::Impl::cuda_parallel_launch_local_memory<Kokkos::Impl::ParallelFor<K...
a100,sm80,other,,4,0,0,no,1.0,1.0,1.0,void Kokkos::Impl::cuda_parallel_launch_local_memory<Kokkos::Impl::ParallelFor<K...
a100,sm80,other,,4,0,0,no,1.0,1.0,1.0,void Kokkos::Impl::cuda_parallel_launch_local_memory<Kokkos::Impl::ParallelFor<K...
a100,sm80,other,,4,0,0,no,1.0,1.0,1.0,void Kokkos::Impl::cuda_parallel_launch_local_memory<Kokkos::Impl::ParallelFor<K...
a100,sm80,other,,4,0,0,no,1.0,1.0,1.0,void Kokkos::Impl::cuda_parallel_launch_local_memory<Kokkos::Impl::ParallelFor<K...
a100,sm80,other,,4,0,0,no,1.0,1.0,1.0,void Kokkos::Impl::cuda_parallel_launch_local_memory<Kokkos::Impl::ParallelFor<K...
a100,sm80,other,,4,0,0,no,1.0,1.0,1.0,void Kokkos::Impl::cuda_parallel_launch_local_memory<Kokkos::Impl::ParallelFor<K...
a100,sm80,other,,4,0,0,no,1.0,1.0,1.0,void Kokkos::Impl::cuda_parallel_launch_local_memory<Kokkos::Impl::ParallelFor<K...
a100,sm80,other,,4,0,0,no,1.0,1.0,1.0,void Kokkos::Impl::cuda_parallel_launch_local_memory<Kokkos::Impl::ParallelFor<K...
a100,sm80,other,,4,0,0,no,1.0,1.0,1.0,void Kokkos::Impl::cuda_parallel_launch_local_memory<Kokkos::Impl::ParallelFor<K...
a100,sm80,other,,4,0,0,no,1.0,1.0,1.0,void Kokkos::Impl::cuda_parallel_launch_local_memory<Kokkos::Impl::ParallelFor<K...
a100,sm80,other,,4,0,0,no,1.0,1.0,1.0,void Kokkos::Impl::cuda_parallel_launch_local_memory<Kokkos::Impl::ParallelFor<K...
a100,sm80,other,,4,0,0,no,1.0,1.0,1.0,void Kokkos::Impl::cuda_parallel_launch_local_memory<Kokkos::Impl::ParallelFor<K...
a100,sm80,other,,4,0,0,no,1.0,1.0,1.0,void Kokkos::Impl::cuda_parallel_launch_local_memory<Kokkos::Impl::ParallelFor<K...
a100,sm80,other,,4,0,0,no,1.0,1.0,1.0,void Kokkos::Impl::cuda_parallel_launch_local_memory<Kokkos::Impl::ParallelFor<K...
a100,sm80,other,,4,0,0,no,1.0,1.0,1.0,void Kokkos::Impl::cuda_parallel_launch_local_memory<Kokkos::Impl::ParallelFor<K...
a100,sm80,other,,4,0,0,no,1.0,1.0,1.0,void Kokkos::Impl::cuda_parallel_launch_local_memory<Kokkos::Impl::ParallelFor<K...
a100,sm80,other,,4,0,0,no,1.0,1.0,1.0,void Kokkos::Impl::cuda_parallel_launch_local_memory<Kokkos::Impl::ParallelFor<K...
a100,sm80,other,,4,0,0,no,1.0,1.0,1.0,void Kokkos::Impl::cuda_parallel_launch_local_memory<Kokkos::Impl::ParallelFor<K...
a100,sm80,other,,4,0,0,no,1.0,1.0,1.0,void Kokkos::Impl::cuda_parallel_launch_local_memory<Kokkos::Impl::ParallelFor<K...
a100,sm80,other,,4,0,0,no,1.0,1.0,1.0,void Kokkos::Impl::cuda_parallel_launch_local_memory<Kokkos::Impl::ParallelFor<K...
